기준일,종목명,종목코드,종목유형,뱅잔고,뱅고객수,뱅리스크종목,뱅리스크고객수,뱅리스크잔고,뱅최고리스크잔고,뱅최고리스크고객,뱅유지담보비율,영잔고,영고객수,영리스크종목,영리스크고객수,영리스크잔고,영최고리스크잔고,영최고리스크고객,영유지담보비율
2026-09-28,SK하이닉스,000660,여신,3544,5876,Y,60,113,6,이*국,141.17,3903,1672,Y,7,41,18,홍*희,142.87
2026-09-28,삼성전자,005930,여신,3394,7410,Y,53,130,39,김*기,148.69,8084,2467,Y,13,36,11,문*산,149.46
2026-09-28,삼성전기,009150,여신,599,1978,Y,5,8,3,이*수,146.7,448,586,Y,0,,,,
2026-09-28,삼성전자우,005935,여신,472,1014,Y,3,4,2,김*철,145.23,269,388,Y,1,5,5,엄*섭,149.33
2026-09-28,두산에너빌리티,034020,여신,465,2438,Y,17,48,12,윤*철,140.03,422,809,Y,2,14,8,정*연,140.37
2026-09-28,현대차,005380,여신,372,2733,Y,11,12,2,장*한,140.57,190,728,Y,1,1,1,최*섭,147.01
2026-09-28,NAVER,035420,여신,369,1779,Y,17,24,4,안*호,140,151,448,Y,6,11,4,정*훈,142.11
2026-09-28,삼성SDI,006400,여신,338,1515,Y,3,3,1,손*두,141.42,190,580,Y,4,8,3,김*혜,143.36
2026-09-28,알테오젠,196170,여신,327,1508,Y,16,31,8,김*형,141.68,215,494,Y,6,9,3,김*욱,142.51
2026-09-28,셀트리온,068270,여신,278,825,Y,9,19,6,임*용,149.44,1057,352,Y,12,45,11,최*수,141.94
2026-09-28,SK스퀘어,402340,여신,261,1036,Y,2,4,3,임*우,146.08,173,341,Y,0,,,,
2026-09-28,POSCO홀딩스,005490,여신,211,1045,Y,4,33,18,임*기,146.77,89,391,Y,0,,,,
2026-09-28,LG전자,066570,여신,200,1521,Y,6,12,7,김*근,144.89,158,456,Y,1,1,1,윤*배,148.3
2026-09-28,한화오션,042660,여신,194,1397,Y,8,16,6,허*만,140.36,128,490,Y,2,2,1,백*종,145.93
2026-09-28,삼성중공업,010140,여신,190,1053,Y,9,23,13,권*현,140.03,107,420,Y,2,2,1,최*수,140.15
2026-09-28,한미반도체,042700,여신,174,1167,Y,3,13,11,권*일,140.01,95,360,Y,0,,,,
2026-09-28,현대모비스,012330,여신,128,1080,Y,6,12,7,정*수,142.14,58,281,Y,2,2,1,박*필,141.52
2026-09-28,LS ELECTRIC,010120,여신,123,1307,Y,0,,,,,87,387,Y,0,,,,
2026-09-28,LG이노텍,011070,여신,122,1029,Y,0,,,,,55,330,,0,,,,
2026-09-28,카카오,035720,여신,118,1231,Y,13,15,2,민*호,142.9,89,391,Y,2,4,3,이*기,143.7
2026-09-28,LG에너지솔루션,373220,여신,115,737,Y,0,,,,,32,260,Y,0,,,,
2026-09-28,에코프로,086520,여신,104,1372,Y,4,4,1,김*호,143.84,100,515,Y,4,4,1,서*덕,149.52
2026-09-28,에코프로비엠,247540,여신,102,1274,Y,1,2,2,서*국,149.64,65,477,Y,1,2,2,이*준,147.79
2026-09-28,HD현대중공업,329180,여신,95,578,Y,3,4,2,류*현,141.32,36,164,Y,0,,,,
2026-09-28,이수페타시스,007660,여신,93,856,Y,1,1,1,오*식,143.69,38,283,,0,,,,
2026-09-28,한미약품,128940,여신,90,316,Y,2,5,4,권*혁,142.25,54,105,Y,0,,,,
2026-09-28,한국전력,015760,여신,85,607,Y,5,15,10,배*희,142.37,24,223,Y,0,,,,
2026-09-28,포스코퓨처엠,003670,여신,80,791,Y,1,1,1,조*정,146.27,53,318,Y,0,,,,
2026-09-28,현대로템,064350,여신,75,477,Y,5,9,5,성*우,145.39,42,156,Y,1,1,1,김*호,140.2
2026-09-28,LG화학,051910,여신,75,430,Y,1,2,2,오*석,140.29,38,166,Y,1,1,1,이*형,144.38
2026-09-28,삼성E&A,028050,여신,74,463,Y,2,3,2,김*범,147.16,32,170,,0,,,,
2026-09-28,LG씨엔에스,064400,여신,73,849,Y,0,,,,,26,276,Y,1,1,1,안*규,149.56
2026-09-28,미래에셋증권,006800,여신,72,857,Y,2,4,3,송*빈,148.55,43,299,Y,0,,,,
2026-09-28,현대오토에버,307950,여신,69,742,Y,2,2,1,성*인,149.78,67,223,Y,1,1,1,구*재,144.56
2026-09-28,SK이노베이션,096770,여신,67,362,Y,0,,,,,5,119,,0,,,,
2026-09-28,LIG디펜스앤에어로스페이스,079550,여신,65,315,Y,2,12,9,김*현,147.77,36,76,Y,1,10,10,박*호,142.09
2026-09-28,HD현대일렉트릭,267260,여신,58,593,Y,1,2,2,황*범,143.15,41,176,,0,,,,
2026-09-28,SK텔레콤,017670,여신,56,647,Y,3,4,2,배*문,143.28,48,142,Y,0,,,,
2026-09-28,한화에어로스페이스,012450,여신,56,369,Y,3,4,2,정*문,141.46,57,103,Y,2,5,3,최*진,146.35
2026-09-28,한국금융지주,071050,여신,54,242,Y,0,,,,,19,96,Y,0,,,,
2026-09-28,하이브,352820,여신,53,591,Y,8,8,1,박*명,149.09,34,176,Y,0,,,,
2026-09-28,한화시스템,272210,여신,53,821,Y,1,1,1,전*호,146.41,41,263,Y,1,3,3,이*경,147.77
2026-09-28,한국항공우주,047810,여신,53,391,Y,1,1,1,유*선,144.06,30,124,Y,0,,,,
2026-09-28,두산,000150,여신,53,265,Y,0,,,,,35,72,,0,,,,
2026-09-28,주성엔지니어링,036930,여신,52,447,Y,0,,,,,52,213,Y,0,,,,
2026-09-28,대한항공,003490,여신,50,173,Y,0,,,,,19,58,Y,0,,,,
2026-09-28,HD한국조선해양,009540,여신,49,203,Y,2,2,1,김*호,146.67,217,78,Y,0,,,,
2026-09-28,한전기술,052690,여신,47,512,Y,3,4,2,김*규,140.5,35,154,Y,0,,,,
2026-09-28,심텍,222800,여신,47,360,,0,,,,,20,95,Y,0,,,,
2026-09-28,삼성에스디에스,018260,여신,46,468,Y,1,1,1,이*석,149.83,16,134,,0,,,,
2026-09-28,포스코인터내셔널,047050,여신,46,319,Y,0,,,,,30,94,Y,1,1,1,장*식,144.7
2026-09-28,에이피알,278470,여신,44,318,Y,0,,,,,52,97,Y,0,,,,
2026-09-28,유한양행,000100,여신,43,430,Y,4,8,3,한*희,140.06,39,127,Y,1,1,1,이*철,142.09
2026-09-28,기아,000270,여신,42,405,Y,1,1,1,서*현,140.68,30,139,Y,0,,,,
2026-09-28,제주반도체,080220,여신,42,411,Y,2,3,2,심*규,147.96,19,114,Y,0,,,,
2026-09-28,현대글로비스,086280,여신,42,250,Y,0,,,,,22,98,,0,,,,
2026-09-28,하나마이크론,067310,여신,42,259,Y,0,,,,,14,76,,0,,,,
2026-09-28,삼성물산,028260,여신,41,390,Y,1,1,1,신*호,149.72,74,166,Y,1,1,1,김*용,146.21
2026-09-28,현대건설,000720,여신,39,376,,0,,,,,18,126,Y,0,,,,
2026-09-28,HPSP,403870,여신,38,338,Y,0,,,,,12,102,Y,0,,,,
2026-09-28,HMM,011200,여신,38,321,Y,2,2,1,이*우,140.82,26,101,Y,0,,,,
2026-09-28,효성중공업,298040,여신,38,300,Y,1,1,1,서*준,143.44,300,78,Y,0,,,,
2026-09-28,JYP Ent.,035900,여신,37,310,Y,0,,,,,3,75,,0,,,,
2026-09-28,한올바이오파마,009420,여신,36,118,Y,0,,,,,25,50,Y,0,,,,
2026-09-28,삼양식품,003230,여신,36,175,Y,1,3,3,박*화,147.53,13,34,Y,0,,,,
2026-09-28,OCI홀딩스,010060,여신,36,387,Y,0,,,,,20,105,Y,1,1,1,오*균,145.94
2026-09-28,삼성생명,032830,여신,36,152,Y,0,,,,,14,45,Y,0,,,,
2026-09-28,LS,006260,여신,35,202,,0,,,,,21,70,Y,0,,,,
2026-09-28,대덕전자,353200,여신,34,311,Y,0,,,,,11,94,,0,,,,
2026-09-28,DB하이텍,000990,여신,33,247,Y,0,,,,,18,91,Y,0,,,,
2026-09-28,카카오뱅크,323410,여신,32,369,Y,2,2,1,남*명옥,141.76,10,99,Y,2,2,1,김*철,144.06
2026-09-28,HD현대에너지솔루션,322000,여신,32,280,Y,1,3,3,남*진,149.74,14,74,Y,0,,,,
2026-09-28,동진쎄미켐,005290,여신,32,239,Y,0,,,,,15,112,,0,,,,
2026-09-28,KODEX 200,069500,여신,30,123,Y,1,1,1,이*혁,147,13,25,Y,2,2,1,이*숙,141.98
2026-09-28,KODEX 인버스,114800,여신,30,84,Y,8,13,3,정*규,140,2,10,Y,1,1,1,강*길,145.59
2026-09-28,리노공업,058470,여신,30,504,Y,1,1,1,이*국,142.93,13,128,,0,,,,
2026-09-28,대한전선,001440,여신,29,590,Y,0,,,,,14,214,,0,,,,
2026-09-28,에스피지,058610,여신,29,660,Y,0,,,,,22,226,,0,,,,
2026-09-28,파마리서치,214450,여신,28,289,Y,2,3,2,박*준,149.33,12,58,Y,0,,,,
2026-09-28,DL이앤씨,375500,여신,28,270,Y,0,,,,,2,87,,0,,,,
2026-09-28,실리콘투,257720,여신,28,281,Y,1,1,1,김*용,143.47,17,83,Y,1,1,1,성*락,140.59
2026-09-28,원익홀딩스,030530,여신,28,345,Y,1,1,1,임*리,147.97,9,141,Y,1,1,1,박*호,141.42
2026-09-28,원익IPS,240810,여신,28,377,Y,0,,,,,10,123,,0,,,,
2026-09-28,SK,034730,여신,28,197,Y,1,1,1,박*준,147.03,34,80,,0,,,,
2026-09-28,대우건설,047040,여신,27,508,Y,2,4,3,강*덕,141.26,19,175,,0,,,,
2026-09-28,고려아연,010130,여신,26,192,Y,0,,,,,5,42,Y,0,,,,
2026-09-28,비에이치,090460,여신,26,242,Y,4,6,2,강*구,149.05,1,76,Y,0,,,,
2026-09-28,삼화콘덴서,001820,여신,26,284,,0,,,,,15,95,Y,0,,,,
2026-09-28,삼현,437730,여신,25,258,Y,1,1,1,강*원,147.13,9,83,Y,0,,,,
2026-09-28,산일전기,062040,여신,25,418,Y,0,,,,,7,120,,0,,,,
2026-09-28,씨젠,096530,여신,24,124,Y,0,,,,,27,46,Y,0,,,,
2026-09-28,삼성바이오로직스,207940,여신,24,181,Y,1,2,2,주*석,144.05,36,78,Y,1,1,1,김*용,142.9
2026-09-28,가온전선,000500,여신,24,267,Y,1,1,1,이*도,140.48,12,81,Y,0,,,,
2026-09-28,HD건설기계,267270,여신,23,232,Y,1,2,2,신*훈,149.39,5,84,Y,0,,,,
2026-09-28,금호타이어,073240,여신,22,158,Y,2,2,1,이*형,143.13,2,39,Y,0,,,,
2026-09-28,RFHIC,218410,여신,22,346,Y,0,,,,,15,118,,0,,,,
2026-09-28,LG,003550,여신,21,228,,0,,,,,9,61,,0,,,,
2026-09-28,KODEX 코스닥150,229200,여신,21,200,Y,0,,,,,7,55,Y,0,,,,
2026-09-28,삼성증권,016360,여신,21,284,,0,,,,,19,113,Y,0,,,,
2026-09-28,한전KPS,051600,여신,20,109,Y,0,,,,,1,36,,0,,,,
2026-09-28,농심,004370,여신,19,61,,0,,,,,6,11,,0,,,,
2026-09-28,대원전선,006340,여신,19,471,,0,,,,,6,128,Y,1,1,1,J*N SHENGZI,142.04
2026-09-28,브이엠,089970,여신,19,268,Y,1,1,1,이*백,146.92,2,64,,0,,,,
2026-09-28,한화엔진,082740,여신,18,246,Y,0,,,,,6,70,,0,,,,
2026-09-28,후성,093370,여신,18,175,Y,0,,,,,7,57,Y,0,,,,
2026-09-28,코오롱인더,120110,여신,18,116,Y,0,,,,,0,28,,0,,,,
2026-09-28,와이지-원,019210,여신,18,50,Y,1,1,1,안*규,142.91,0,7,,0,,,,
2026-09-28,펄어비스,263750,여신,18,98,Y,1,1,1,이*정,141.64,2,18,Y,0,,,,
2026-09-28,크래프톤,259960,여신,17,123,Y,2,4,3,백*옥,141.75,12,30,Y,0,,,,
2026-09-28,테스,095610,여신,17,151,Y,0,,,,,4,50,,0,,,,
2026-09-28,온코닉테라퓨틱스,476060,여신,17,125,Y,0,,,,,2,34,,0,,,,
2026-09-28,SOL AI반도체TOP2플러스,0167A0,여신,17,63,,0,,,,,0,6,,0,,,,
2026-09-28,SK이터닉스,475150,여신,17,486,Y,1,1,1,최*호,144.45,7,134,,0,,,,
2026-09-28,한화솔루션,009830,여신,16,439,Y,1,1,1,류*수,144.23,12,132,,0,,,,
2026-09-28,GS건설,006360,여신,16,328,Y,1,1,1,최*천,140.06,7,114,,0,,,,
2026-09-28,셀트리온제약,068760,여신,16,235,,0,,,,,8,88,,0,,,,
2026-09-28,이오테크닉스,039030,여신,15,92,Y,0,,,,,243,33,,0,,,,
2026-09-28,휴젤,145020,여신,15,92,Y,3,7,4,박*열,141.14,5,25,,0,,,,
2026-09-28,NC,036570,여신,15,136,Y,1,1,1,유*욱,149.43,2,32,,0,,,,
2026-09-28,티에프이,425420,여신,14,59,Y,0,,,,,7,14,Y,0,,,,
2026-09-28,티엘비,356860,여신,14,216,Y,0,,,,,8,66,,0,,,,
2026-09-28,에프에스티,036810,여신,14,143,Y,0,,,,,3,55,,0,,,,
2026-09-28,두산테스나,131970,여신,14,241,,0,,,,,6,83,,0,,,,
2026-09-28,현대제철,004020,여신,14,220,Y,1,1,1,윤*재,146.46,11,84,,0,,,,
2026-09-28,TIGER 배당커버드콜액티브,472150,여신,14,36,Y,0,,,,,4,6,Y,0,,,,
2026-09-28,현대차2우B,005387,여신,14,83,,0,,,,,8,21,Y,0,,,,
2026-09-28,코리아써키트,007810,여신,14,288,Y,1,1,1,우*철,144.8,8,86,,0,,,,
2026-09-28,동원산업,006040,여신,14,21,Y,1,12,12,이*현,149.04,10,10,,0,,,,
2026-09-28,HD현대,267250,여신,14,148,,0,,,,,17,42,,0,,,,
2026-09-28,해성디에스,195870,여신,14,114,Y,0,,,,,3,41,,0,,,,
2026-09-28,클래시스,214150,여신,13,205,Y,1,2,2,김*록,149.52,71,49,Y,0,,,,
2026-09-28,한국콜마,161890,여신,13,98,Y,0,,,,,4,32,,0,,,,
2026-09-28,아모레퍼시픽,090430,여신,13,122,Y,1,3,3,김*호,143.81,10,37,Y,0,,,,
2026-09-28,풍산,103140,여신,13,236,Y,0,,,,,2,64,Y,1,1,1,선*진,144.4
2026-09-28,삼성에피스홀딩스,0126Z0,여신,13,142,,0,,,,,155,52,Y,0,,,,
2026-09-28,한화,000880,여신,12,65,,0,,,,,3,31,,0,,,,
2026-09-28,명신산업,009900,여신,12,149,Y,0,,,,,0,35,,0,,,,
2026-09-28,우리금융지주,316140,여신,12,52,Y,0,,,,,14,21,Y,0,,,,
2026-09-28,SK오션플랜트,100090,여신,12,301,,0,,,,,16,88,Y,0,,,,
2026-09-28,IPARK현대산업개발,294870,여신,12,22,Y,0,,,,,0,6,,0,,,,
2026-09-28,일진전기,103590,여신,12,302,,0,,,,,14,98,Y,0,,,,
2026-09-28,LS머트리얼즈,417200,여신,12,269,,0,,,,,1,101,,0,,,,
2026-09-28,S-Oil,010950,여신,12,66,,0,,,,,1,15,,0,,,,
2026-09-28,태웅,044490,여신,12,216,Y,0,,,,,0,66,,0,,,,
2026-09-28,KB금융,105560,여신,11,80,Y,0,,,,,35,41,,0,,,,
2026-09-28,한온시스템,018880,여신,11,161,,0,,,,,0,36,,0,,,,
2026-09-28,고영,098460,여신,11,311,,0,,,,,23,128,,0,,,,
2026-09-28,KT&G,033780,여신,11,36,Y,1,9,9,박*조,143.53,3,14,,0,,,,
2026-09-28,피엔티,137400,여신,11,215,,0,,,,,0,85,,0,,,,
2026-09-28,HK이노엔,195940,여신,11,107,Y,2,6,3,오*욱,147.23,12,29,,0,,,,
2026-09-28,아난티,025980,여신,11,213,Y,0,,,,,6,70,,0,,,,
2026-09-28,미코,059090,여신,11,97,Y,0,,,,,0,19,,0,,,,
2026-09-28,롯데렌탈,089860,여신,10,18,Y,0,,,,,1,3,,0,,,,
2026-09-28,SK바이오팜,326030,여신,10,247,Y,0,,,,,4,77,,0,,,,
2026-09-28,엠앤씨솔루션,484870,여신,10,49,Y,1,7,7,임*훈,143.27,1,15,,0,,,,
2026-09-28,덕산네오룩스,213420,여신,10,96,,0,,,,,2,23,Y,1,2,2,황*섭,141.84
2026-09-28,SNT에너지,100840,여신,10,211,,0,,,,,7,53,,0,,,,
2026-09-28,와이지엔터테인먼트,122870,여신,10,138,,0,,,,,3,28,,0,,,,
2026-09-28,대한조선,439260,여신,10,143,Y,0,,,,,2,37,,0,,,,
2026-09-28,HD현대마린엔진,071970,여신,10,225,,0,,,,,13,59,Y,1,3,3,서*석,140.01
2026-09-28,솔루엠,248070,여신,10,53,Y,0,,,,,1,16,,0,,,,
2026-09-28,ISC,095340,여신,10,156,,0,,,,,10,49,Y,0,,,,
2026-09-28,넷마블,251270,여신,10,103,Y,2,2,1,박*삼,146.21,0,36,,0,,,,
2026-09-28,한미사이언스,008930,여신,9,68,,0,,,,,1,26,Y,0,,,,
2026-09-28,파인엠텍,441270,여신,9,82,,0,,,,,5,25,,0,,,,
2026-09-28,HD현대마린솔루션,443060,여신,9,59,,0,,,,,4,21,,0,,,,
2026-09-28,대주전자재료,078600,여신,9,243,,0,,,,,3,79,,0,,,,
2026-09-28,KODEX 200타겟위클리커버드콜,498400,여신,9,35,Y,0,,,,,3,5,,0,,,,
2026-09-28,NHN KCP,060250,여신,9,110,Y,0,,,,,7,31,Y,0,,,,
2026-09-28,에스티팜,237690,여신,9,175,Y,1,1,1,김*형,149.49,5,46,Y,0,,,,
2026-09-28,비나텍,126340,여신,8,124,,0,,,,,3,28,,0,,,,
2026-09-28,엘티씨,170920,여신,8,48,,0,,,,,0,5,,0,,,,
2026-09-28,키움증권,039490,여신,8,113,Y,0,,,,,7,27,Y,1,1,1,민*열,141.29
2026-09-28,위메이드,112040,여신,8,153,Y,1,1,1,강*보,144.99,1,32,,0,,,,
2026-09-28,한화생명,088350,여신,8,60,Y,0,,,,,9,25,Y,1,1,1,문*영,148.19
2026-09-28,세아제강지주,003030,여신,8,35,Y,0,,,,,17,7,,0,,,,
2026-09-28,CJ제일제당,097950,여신,8,89,Y,1,1,1,김*섭,144.71,4,19,Y,0,,,,
2026-09-28,LS마린솔루션,060370,여신,8,54,,0,,,,,1,27,,0,,,,
2026-09-28,유바이오로직스,206650,여신,8,44,Y,2,2,1,곽*훈,140.89,1,12,,0,,,,
2026-09-28,NH투자증권,005940,여신,8,86,,0,,,,,3,40,,0,,,,
2026-09-28,현대무벡스,319400,여신,8,241,Y,0,,,,,4,74,,0,,,,
2026-09-28,나노신소재,121600,여신,7,144,,0,,,,,1,72,,0,,,,
2026-09-28,녹십자,006280,여신,7,80,,0,,,,,2,23,Y,0,,,,
2026-09-28,한국카본,017960,여신,7,152,,0,,,,,1,46,,0,,,,
2026-09-28,피에스케이,319660,여신,7,169,Y,0,,,,,4,59,,0,,,,
2026-09-28,대한해운,005880,여신,7,106,Y,0,,,,,6,29,Y,0,,,,
2026-09-28,덕산하이메탈,077360,여신,7,77,,0,,,,,5,29,,0,,,,
2026-09-28,강원랜드,035250,여신,7,46,Y,0,,,,,1,9,,0,,,,
2026-09-28,SGC에너지,005090,여신,7,40,Y,1,1,1,지*환,146.45,1,9,Y,0,,,,
2026-09-28,하나머티리얼즈,166090,여신,7,125,Y,1,1,1,임*빈,149.43,0,24,,0,,,,
2026-09-28,케이뱅크,279570,여신,7,36,Y,2,2,1,권*형,145.71,0,6,,0,,,,
2026-09-28,RF머트리얼즈,327260,여신,7,132,,0,,,,,5,30,,0,,,,
2026-09-28,더블유게임즈,192080,여신,7,12,,0,,,,,0,2,,0,,,,
2026-09-28,아이티센글로벌,124500,여신,7,107,Y,1,1,1,김*혁,144.34,10,32,,0,,,,
2026-09-28,서진시스템,178320,여신,7,227,,0,,,,,109,75,Y,0,,,,
2026-09-28,호텔신라,008770,여신,7,77,,0,,,,,4,35,,0,,,,
2026-09-28,하나금융지주,086790,여신,7,46,Y,0,,,,,0,14,,0,,,,
2026-09-28,현대엘리베이터,017800,여신,6,86,,0,,,,,5,35,Y,1,1,1,이*재,147.42
2026-09-28,메디톡스,086900,여신,6,78,Y,0,,,,,4,24,,0,,,,
2026-09-28,파미셀,005690,여신,6,35,Y,0,,,,,0,17,,0,,,,
2026-09-28,HLB제약,047920,여신,6,56,Y,0,,,,,8,17,Y,0,,,,
2026-09-28,SFA넥셀,222080,여신,6,225,Y,0,,,,,4,85,,0,,,,
2026-09-28,씨엠티엑스,388210,여신,6,54,,0,,,,,3,13,Y,0,,,,
2026-09-28,금호석유화학,011780,여신,6,69,Y,1,1,1,박*준,147.5,5,23,,0,,,,
2026-09-28,LG우,003555,여신,6,6,Y,0,,,,,0,1,,0,,,,
2026-09-28,이마트,139480,여신,6,46,,0,,,,,0,9,,0,,,,
2026-09-28,삼표시멘트,038500,여신,6,47,,0,,,,,6,17,Y,0,,,,
2026-09-28,케이아이엔엑스,093320,여신,6,19,,0,,,,,0,4,,0,,,,
2026-09-28,디아이,003160,여신,6,114,Y,0,,,,,74,40,Y,0,,,,
2026-09-28,테크윙,089030,여신,6,172,,0,,,,,2,70,Y,0,,,,
2026-09-28,세아베스틸지주,001430,여신,6,124,,0,,,,,3,33,,0,,,,
2026-09-28,GRT,900290,여신,6,28,Y,0,,,,,0,3,,0,,,,
2026-09-28,코나아이,052400,여신,6,75,Y,1,1,1,박*수,145.31,1,12,,0,,,,
2026-09-28,LS에코에너지,229640,여신,6,116,Y,1,1,1,박*준,140.69,4,40,,0,,,,
2026-09-28,한화비전,489790,여신,6,115,Y,0,,,,,3,34,Y,0,,,,
2026-09-28,한양이엔지,045100,여신,6,63,,0,,,,,0,12,,0,,,,
2026-09-28,SK네트웍스,001740,여신,6,82,Y,1,1,1,허*성,145.16,4,22,,0,,,,
2026-09-28,에스앤에스텍,101490,여신,5,225,Y,1,1,1,전*휘,140.02,2,76,,0,,,,
2026-09-28,세방전지,004490,여신,5,74,Y,0,,,,,1,17,,0,,,,
2026-09-28,CJ ENM,035760,여신,5,78,Y,0,,,,,1,18,,0,,,,
2026-09-28,달바글로벌,483650,여신,5,172,Y,0,,,,,9,55,Y,0,,,,
2026-09-28,종근당,185750,여신,5,57,,0,,,,,1,20,,0,,,,
2026-09-28,포스코DX,022100,여신,5,316,,0,,,,,4,125,,0,,,,
2026-09-28,CJ,001040,여신,5,62,Y,0,,,,,0,18,,0,,,,
2026-09-28,덴티움,145720,여신,5,50,Y,1,1,1,임*현,140,1,12,,0,,,,
2026-09-28,제이에스코퍼레이션,194370,여신,5,13,Y,0,,,,,11,4,Y,0,,,,
2026-09-28,엠케이전자,033160,여신,5,54,Y,0,,,,,4,25,Y,0,,,,
2026-09-28,오리온,271560,여신,5,28,,0,,,,,1,10,,0,,,,
2026-09-28,RISE 대형고배당10TR,315960,여신,5,1,,0,,,,,0,1,,0,,,,
2026-09-28,하이트진로,000080,여신,5,39,,0,,,,,1,19,Y,0,,,,
2026-09-28,PS일렉트로닉스,332570,여신,5,151,,0,,,,,7,63,,0,,,,
2026-09-28,한라캐스트,125490,여신,5,173,Y,0,,,,,0,50,,0,,,,
2026-09-28,신성델타테크,065350,여신,5,86,Y,0,,,,,1,38,,0,,,,
2026-09-28,아이에스동서,010780,여신,5,26,Y,1,2,2,김*석,141.01,0,9,,0,,,,
2026-09-28,메리츠금융지주,138040,여신,5,24,,0,,,,,12,11,Y,0,,,,
2026-09-28,에스엠,041510,여신,5,74,Y,0,,,,,2,28,,0,,,,
2026-09-28,두산우,000155,여신,5,30,,0,,,,,0,20,,0,,,,
2026-09-28,아모레퍼시픽홀딩스,002790,여신,5,38,,0,,,,,1,14,,0,,,,
2026-09-28,TIGER 반도체TOP10,396500,여신,5,64,Y,0,,,,,2,19,,0,,,,
2026-09-28,바이오니아,064550,여신,5,156,Y,1,1,1,송*욱,147.31,1,34,,0,,,,
2026-09-28,에스에이엠티,031330,여신,5,35,Y,0,,,,,0,10,,0,,,,
2026-09-28,성우하이텍,015750,여신,5,98,Y,0,,,,,4,31,,0,,,,
2026-09-28,티엠씨,217590,여신,5,99,,0,,,,,1,25,,0,,,,
2026-09-28,와이씨,232140,여신,5,204,Y,0,,,,,2,69,,0,,,,
2026-09-28,GS리테일,007070,여신,4,34,,0,,,,,0,6,,0,,,,
2026-09-28,KODEX 미국나스닥100,379810,여신,4,13,,0,,,,,0,2,,0,,,,
2026-09-28,에스엘,005850,여신,4,59,,0,,,,,3,14,,0,,,,
2026-09-28,대신증권,003540,여신,4,62,Y,1,1,1,이*수,140.5,4,26,,0,,,,
2026-09-28,켐트로닉스,089010,여신,4,72,,0,,,,,2,32,,0,,,,
2026-09-28,F&F,383220,여신,4,22,Y,0,,,,,19,6,Y,1,3,3,박*경,140.02
2026-09-28,동성화인텍,033500,여신,4,63,,0,,,,,2,27,,0,,,,
2026-09-28,비츠로테크,042370,여신,4,64,,0,,,,,8,16,Y,4,7,3,최*창,145.74
2026-09-28,성호전자,043260,여신,4,153,Y,0,,,,,3,57,,0,,,,
2026-09-28,티에스이,131290,여신,4,33,,0,,,,,1,4,,0,,,,
2026-09-28,동운아나텍,094170,여신,4,18,,0,,,,,3,10,Y,0,,,,
2026-09-28,쏠리드,050890,여신,4,234,Y,0,,,,,4,94,,0,,,,
2026-09-28,현대위아,011210,여신,4,127,,0,,,,,6,48,Y,1,1,1,손*자,141.32
2026-09-28,슈어소프트테크,298830,여신,4,58,,0,,,,,0,18,,0,,,,
2026-09-28,다우데이타,032190,여신,4,32,,0,,,,,5,16,Y,1,1,1,이*원,148.68
2026-09-28,하림지주,003380,여신,4,74,,0,,,,,20,20,,0,,,,
2026-09-28,다우기술,023590,여신,4,22,,0,,,,,4,11,,0,,,,
2026-09-28,한화투자증권,003530,여신,4,69,,0,,,,,0,34,,0,,,,
2026-09-28,KCC,002380,여신,4,42,Y,0,,,,,1,9,,0,,,,
2026-09-28,GS,078930,여신,4,37,Y,0,,,,,0,12,,0,,,,
2026-09-28,GC메디아이,032620,여신,4,31,Y,1,1,1,김*준,145.66,0,12,,0,,,,
2026-09-28,유진테크,084370,여신,4,64,,0,,,,,0,17,,0,,,,
2026-09-28,신세계,004170,여신,4,78,,0,,,,,1,25,,0,,,,
2026-09-28,GST,083450,여신,4,112,Y,0,,,,,3,36,,0,,,,
2026-09-28,드림텍,192650,여신,4,38,,0,,,,,0,17,,0,,,,
2026-09-28,시노펙스,025320,여신,4,72,Y,0,,,,,4,27,,0,,,,
2026-09-28,코웨이,021240,여신,4,11,,0,,,,,0,2,,0,,,,
2026-09-28,STX엔진,077970,여신,4,105,,0,,,,,1,32,,0,,,,
2026-09-28,현대힘스,460930,여신,4,209,,0,,,,,6,60,Y,1,1,1,전*수,149.44
2026-09-28,동서,026960,여신,4,16,,0,,,,,4,7,,0,,,,
2026-09-28,아이센스,099190,여신,4,28,,0,,,,,0,8,,0,,,,
2026-09-28,코세스,089890,여신,4,36,,0,,,,,1,10,,0,,,,
2026-09-28,스피어,347700,여신,4,153,,0,,,,,2,46,,0,,,,
2026-09-28,HL만도,204320,여신,4,195,,0,,,,,2,61,Y,0,,,,
2026-09-28,신흥에스이씨,243840,여신,4,22,Y,0,,,,,1,18,,0,,,,
2026-09-28,덕양에너젠,0001A0,여신,4,27,Y,1,3,3,차*환,144.36,0,10,,0,,,,
2026-09-28,인텔리안테크,189300,여신,4,62,Y,1,1,1,곽*훈,140.16,2,18,,0,,,,
2026-09-28,한미글로벌,053690,여신,4,45,,0,,,,,0,8,,0,,,,
2026-09-28,LG전자우,066575,여신,4,41,,0,,,,,4,16,,0,,,,
2026-09-28,TIGER 2차전지TOP10,364980,여신,4,35,,0,,,,,0,3,,0,,,,
2026-09-28,보성파워텍,006910,여신,4,111,,0,,,,,2,35,,0,,,,
2026-09-28,비츠로셀,082920,여신,3,53,,0,,,,,10,18,,0,,,,
2026-09-28,남해화학,025860,여신,3,74,,0,,,,,1,20,,0,,,,
2026-09-28,오로라,039830,여신,3,10,,0,,,,,0,1,,0,,,,
2026-09-28,SOL 조선TOP3플러스,466920,여신,3,31,,0,,,,,0,7,,0,,,,
2026-09-28,이녹스첨단소재,272290,여신,3,153,Y,1,1,1,채*성,145.91,1,50,,0,,,,
2026-09-28,동국제약,086450,여신,3,88,,0,,,,,10,29,Y,0,,,,
2026-09-28,이엔에프테크놀로지,102710,여신,3,62,,0,,,,,2,16,,0,,,,
2026-09-28,지엔씨에너지,119850,여신,3,142,,0,,,,,6,34,Y,2,2,1,이*철,141.55
2026-09-28,미래에셋증권2우B,00680K,여신,3,11,,0,,,,,1,8,,0,,,,
2026-09-28,선진,136490,여신,3,11,,0,,,,,0,1,,0,,,,
2026-09-28,LG유플러스,032640,여신,3,58,,0,,,,,0,15,,0,,,,
2026-09-28,휴온스,243070,여신,3,35,Y,0,,,,,1,13,,0,,,,
2026-09-28,전진건설로봇,079900,여신,3,161,,0,,,,,2,65,,0,,,,
2026-09-28,뉴파워프라즈마,144960,여신,3,45,,0,,,,,0,6,,0,,,,
2026-09-28,네오팜,092730,여신,3,17,,0,,,,,3,5,,0,,,,
2026-09-28,KODEX AI전력핵심설비,487240,여신,3,116,,0,,,,,5,19,Y,0,,,,
2026-09-28,아바코,083930,여신,3,19,Y,0,,,,,0,4,,0,,,,
2026-09-28,휴온스글로벌,084110,여신,3,39,,0,,,,,1,9,,0,,,,
2026-09-28,SOOP,067160,여신,3,60,Y,0,,,,,3,18,,0,,,,
2026-09-28,TIGER 미국나스닥100,133690,여신,3,14,,0,,,,,0,4,,0,,,,
2026-09-28,LG생활건강,051900,여신,3,88,,0,,,,,13,28,Y,1,4,4,이*완,140.93
2026-09-28,팬오션,028670,여신,3,61,Y,1,1,1,하*동,144.29,5,29,,0,,,,
2026-09-28,아이쓰리시스템,214430,여신,3,34,,0,,,,,15,19,Y,0,,,,
2026-09-28,LX세미콘,108320,여신,3,103,,0,,,,,2,34,,0,,,,
2026-09-28,GS피앤엘,499790,여신,3,11,,0,,,,,0,2,,0,,,,
2026-09-28,안랩,053800,여신,3,52,,0,,,,,5,19,,0,,,,
2026-09-28,헥토파이낸셜,234340,여신,3,79,Y,0,,,,,3,24,,0,,,,
2026-09-28,KG케미칼,001390,여신,3,29,,0,,,,,1,5,,0,,,,
2026-09-28,SJG세종,033530,여신,3,32,,0,,,,,0,19,,0,,,,
2026-09-28,TIGER 코스닥150,232080,여신,3,30,,0,,,,,1,9,,0,,,,
2026-09-28,한라IMS,092460,여신,3,3,,0,,,,,0,1,,0,,,,
2026-09-28,KG에코솔루션,151860,여신,3,25,,0,,,,,1,6,,0,,,,
2026-09-28,저스템,417840,여신,3,38,Y,0,,,,,5,23,,0,,,,
2026-09-28,제룡전기,033100,여신,3,187,,0,,,,,7,58,,0,,,,
2026-09-28,SAMG엔터,419530,여신,3,41,Y,1,2,2,김*옥,146.78,3,8,Y,0,,,,
2026-09-28,감성코퍼레이션,036620,여신,3,33,,0,,,,,70,6,Y,0,,,,
2026-09-28,신한지주,055550,여신,3,49,,0,,,,,1,18,,0,,,,
2026-09-28,슈프리마,236200,여신,3,14,Y,0,,,,,0,4,,0,,,,
2026-09-28,더즌,462860,여신,3,59,Y,2,2,1,김*기,146.01,1,25,Y,0,,,,
2026-09-28,YG PLUS,037270,여신,3,82,Y,1,1,1,장*익,147.96,0,21,,0,,,,
2026-09-28,KBI메탈,024840,여신,3,35,,0,,,,,0,9,,0,,,,
2026-09-28,유니드,014830,여신,3,37,,0,,,,,0,8,,0,,,,
2026-09-28,서흥,008490,여신,3,31,,0,,,,,0,1,,0,,,,
2026-09-28,오킨스전자,080580,여신,3,16,,0,,,,,0,5,,0,,,,
2026-09-28,SK디스커버리,006120,여신,3,10,Y,0,,,,,2,6,,0,,,,
2026-09-28,한진칼,180640,여신,3,34,,0,,,,,7,10,Y,0,,,,
2026-09-28,코리안리,003690,여신,3,11,,0,,,,,0,0,,0,,,,
2026-09-28,성신양회,004980,여신,3,60,,0,,,,,1,14,Y,1,1,1,채*산,146.41
2026-09-28,삼성카드,029780,여신,3,27,Y,1,1,1,김*현,143.41,0,5,,0,,,,
2026-09-28,유안타증권,003470,여신,3,27,,0,,,,,3,12,,0,,,,
2026-09-28,한양디지텍,078350,여신,3,24,,0,,,,,0,5,,0,,,,
2026-09-28,DB손해보험,005830,여신,3,8,,0,,,,,90,6,Y,0,,,,
2026-09-28,디케이티,290550,여신,3,28,Y,0,,,,,0,4,,0,,,,
2026-09-28,파라다이스,034230,여신,3,80,,0,,,,,3,32,Y,0,,,,
2026-09-28,엘앤씨바이오,290650,여신,3,1,,0,,,,,0,0,,0,,,,
2026-09-28,기가비스,420770,여신,3,36,,0,,,,,0,13,,0,,,,
2026-09-28,삼성전기우,009155,여신,3,43,Y,0,,,,,9,25,,0,,,,
2026-09-28,솔브레인,357780,여신,3,72,,0,,,,,1,23,,0,,,,
2026-09-28,KODEX 반도체,091160,여신,3,35,,0,,,,,1,13,,0,,,,
2026-09-28,대상,001680,여신,2,17,Y,1,1,1,최*,145.22,7,9,,0,,,,
2026-09-28,씨어스,458870,여신,2,53,,0,,,,,0,11,,0,,,,
2026-09-28,TIGER 미국필라델피아반도체나스닥,381180,여신,2,21,,0,,,,,0,3,,0,,,,
2026-09-28,KG스틸,016380,여신,2,56,Y,1,2,2,이*철,145.47,1,14,,0,,,,
2026-09-28,더핑크퐁컴퍼니,403850,여신,2,33,,0,,,,,0,2,,0,,,,
2026-09-28,인바디,041830,여신,2,34,Y,0,,,,,0,7,,0,,,,
2026-09-28,대아티아이,045390,여신,2,66,,0,,,,,0,35,,0,,,,
2026-09-28,롯데에너지머티리얼즈,020150,여신,2,2,Y,0,,,,,1,3,,0,,,,
2026-09-28,씨앤지하이테크,264660,여신,2,3,,0,,,,,0,1,,0,,,,
2026-09-28,드림시큐리티,203650,여신,2,75,,0,,,,,1,33,,0,,,,
2026-09-28,케이씨텍,281820,여신,2,119,,0,,,,,5,43,,0,,,,
2026-09-28,한진,002320,여신,2,18,,0,,,,,0,5,,0,,,,
2026-09-28,이랜텍,054210,여신,2,25,,0,,,,,3,14,,0,,,,
2026-09-28,한샘,009240,여신,2,26,,0,,,,,0,9,,0,,,,
2026-09-28,한국타이어앤테크놀로지,161390,여신,2,42,,0,,,,,5,8,,0,,,,
2026-09-28,고려제강,002240,여신,2,14,,0,,,,,0,2,,0,,,,
2026-09-28,티앤엘,340570,여신,2,29,Y,0,,,,,0,4,,0,,,,
2026-09-28,한섬,020000,여신,2,22,,0,,,,,0,2,,0,,,,
2026-09-28,현대차3우B,005389,여신,2,15,,0,,,,,0,0,,0,,,,
2026-09-28,대원제약,003220,여신,2,31,,0,,,,,3,9,Y,1,2,2,김*주,140.44
2026-09-28,디어유,376300,여신,2,90,Y,1,1,1,윤*혁,142.39,4,31,Y,2,4,2,김*겸,149.19
2026-09-28,시프트업,462870,여신,2,58,,0,,,,,3,9,,0,,,,
2026-09-28,두산밥캣,241560,여신,2,85,,0,,,,,5,20,Y,0,,,,
2026-09-28,헥토이노베이션,214180,여신,2,34,,0,,,,,0,7,,0,,,,
2026-09-28,코윈로보틱스,282880,여신,2,19,,0,,,,,0,7,,0,,,,
2026-09-28,광주신세계,037710,여신,2,27,,0,,,,,0,7,,0,,,,
2026-09-28,네오셈,253590,여신,2,21,,0,,,,,0,8,,0,,,,
2026-09-28,SBS,034120,여신,2,29,,0,,,,,0,8,,0,,,,
2026-09-28,디아이티,110990,여신,2,20,,0,,,,,0,8,,0,,,,
2026-09-28,티씨머티리얼즈,125020,여신,2,37,Y,1,1,1,권*구,149.88,0,15,,0,,,,
2026-09-28,현대차증권,001500,여신,2,13,,0,,,,,2,7,,0,,,,
2026-09-28,KODEX 2차전지산업,305720,여신,2,38,,0,,,,,0,14,,0,,,,
2026-09-28,KODEX 코스피,226490,여신,2,10,,0,,,,,0,1,,0,,,,
2026-09-28,DN오토모티브,007340,여신,2,30,,0,,,,,1,11,,0,,,,
2026-09-28,한중엔시에스,107640,여신,2,72,,0,,,,,1,27,,0,,,,
2026-09-28,JW중외제약,001060,여신,2,50,,0,,,,,0,19,,0,,,,
2026-09-28,KODEX 코스피100,237350,여신,2,19,,0,,,,,2,2,,0,,,,
2026-09-28,HANARO 원자력iSelect,434730,여신,2,6,,0,,,,,0,0,,0,,,,
2026-09-28,KoAct 코스닥액티브,0163Y0,여신,2,9,,0,,,,,0,2,,0,,,,
2026-09-28,수산인더스트리,126720,여신,2,34,Y,0,,,,,1,13,,0,,,,
2026-09-28,SNT모티브,064960,여신,2,27,,0,,,,,1,7,,0,,,,
2026-09-28,아스테라시스,450950,여신,2,33,,0,,,,,0,10,,0,,,,
2026-09-28,제닉,123330,여신,2,40,,0,,,,,2,12,Y,0,,,,
2026-09-28,아세아시멘트,183190,여신,2,15,,0,,,,,0,3,,0,,,,
2026-09-28,ACE 원자력TOP10,433500,여신,2,3,,0,,,,,0,0,,0,,,,
2026-09-28,SK증권,001510,여신,2,121,,0,,,,,1,41,,0,,,,
2026-09-28,컴투스,078340,여신,2,37,,0,,,,,0,8,,0,,,,
2026-09-28,동화기업,025900,여신,2,39,Y,0,,,,,0,8,,0,,,,
2026-09-28,싸이맥스,160980,여신,2,27,,0,,,,,6,4,Y,0,,,,
2026-09-28,웹젠,069080,여신,2,28,Y,1,1,1,윤*상,144.62,2,9,Y,0,,,,
2026-09-28,KoAct 바이오헬스케어액티브,462900,여신,2,15,,0,,,,,3,11,,0,,,,
2026-09-28,골프존,215000,여신,2,17,,0,,,,,0,0,,0,,,,
2026-09-28,메가터치,446540,여신,2,32,,0,,,,,0,5,,0,,,,
2026-09-28,모베이스전자,012860,여신,2,23,,0,,,,,1,8,,0,,,,
2026-09-28,우진,105840,여신,2,59,,0,,,,,0,24,,0,,,,
2026-09-28,맥쿼리인프라,088980,여신,2,19,,0,,,,,0,6,,0,,,,
2026-09-28,대한유화,006650,여신,2,40,,0,,,,,0,14,,0,,,,
2026-09-28,한국화장품제조,003350,여신,2,18,Y,1,1,1,김*섭,147.15,4,7,,0,,,,
2026-09-28,KODEX AI반도체TOP2플러스,395160,여신,2,37,,0,,,,,0,11,,0,,,,
2026-09-28,피에스케이홀딩스,031980,여신,2,27,,0,,,,,0,18,,0,,,,
2026-09-28,KT,030200,여신,2,38,Y,0,,,,,4,21,,0,,,,
2026-09-28,TCC스틸,002710,여신,2,71,,0,,,,,0,25,,0,,,,
2026-09-28,마이크로컨텍솔,098120,여신,2,4,,0,,,,,0,0,,0,,,,
2026-09-28,대화제약,067080,여신,2,40,,0,,,,,1,11,,0,,,,
2026-09-28,삼성화재,000810,여신,2,20,Y,1,1,1,김*일,146.43,7,4,,0,,,,
2026-09-28,KH바텍,060720,여신,2,65,,0,,,,,0,25,,0,,,,
2026-09-28,도우인시스,484120,여신,2,15,,0,,,,,0,2,,0,,,,
2026-09-28,지앤비에스 에코,382800,여신,2,26,,0,,,,,2,24,,0,,,,
2026-09-28,미래에셋벤처투자,100790,여신,2,89,,0,,,,,3,25,Y,0,,,,
2026-09-28,아이스크림미디어,461300,여신,2,4,,0,,,,,1,1,,0,,,,
2026-09-28,경동나비엔,009450,여신,2,48,,0,,,,,4,13,Y,0,,,,
2026-09-28,상아프론테크,089980,여신,2,35,Y,1,1,1,신*식,141.74,20,12,Y,0,,,,
2026-09-28,현대지에프홀딩스,005440,여신,2,28,Y,0,,,,,2,7,,0,,,,
2026-09-28,삼양바이오팜,0120G0,여신,2,56,,0,,,,,0,16,,0,,,,
2026-09-28,콜마홀딩스,024720,여신,2,37,,0,,,,,50,10,Y,0,,,,
2026-09-28,사조산업,007160,여신,2,5,Y,0,,,,,0,2,,0,,,,
2026-09-28,에이블씨엔씨,078520,여신,2,14,Y,1,1,1,이*연,144.38,0,6,,0,,,,
2026-09-28,현대백화점,069960,여신,2,62,,0,,,,,3,12,,0,,,,
2026-09-28,잇츠한불,226320,여신,2,31,,0,,,,,1,12,,0,,,,
2026-09-28,코스모신소재,005070,여신,2,119,,0,,,,,3,55,,0,,,,
2026-09-28,TKG휴켐스,069260,여신,2,6,,0,,,,,0,4,,0,,,,
2026-09-28,태광,023160,여신,2,112,,0,,,,,1,27,,0,,,,
2026-09-28,바디텍메드,206640,여신,2,29,,0,,,,,0,18,,0,,,,
2026-09-28,휴스틸,005010,여신,2,21,,0,,,,,0,7,,0,,,,
2026-09-28,신영증권,001720,여신,2,40,,0,,,,,0,13,,0,,,,
2026-09-28,서연이화,200880,여신,2,60,Y,0,,,,,1,18,,0,,,,
2026-09-28,한국금융지주우,071055,여신,2,6,,0,,,,,0,2,,0,,,,
2026-09-28,DS단석,017860,여신,2,48,Y,0,,,,,0,16,,0,,,,
2026-09-28,삼양홀딩스,000070,여신,2,6,,0,,,,,0,1,,0,,,,
2026-09-28,스튜디오드래곤,253450,여신,2,85,,0,,,,,0,19,,0,,,,
2026-09-28,삼지전자,037460,여신,2,23,,0,,,,,0,6,,0,,,,
2026-09-28,원익QnC,074600,여신,2,93,,0,,,,,0,28,,0,,,,
2026-09-28,명인제약,317450,여신,1,18,,0,,,,,0,7,,0,,,,
2026-09-28,진흥기업,002780,여신,1,9,Y,1,1,1,구*석,148.65,0,7,,0,,,,
2026-09-28,경인양행,012610,여신,1,10,Y,0,,,,,0,5,,0,,,,
2026-09-28,한전산업,130660,여신,1,84,,0,,,,,2,29,,0,,,,
2026-09-28,RISE 현대차고정피지컬AI,0190C0,여신,1,21,,0,,,,,0,2,,0,,,,
2026-09-28,모트렉스,118990,여신,1,28,,0,,,,,0,7,,0,,,,
2026-09-28,인화정공,101930,여신,1,16,,0,,,,,0,2,,0,,,,
2026-09-28,풍산홀딩스,005810,여신,1,56,Y,0,,,,,1,17,,0,,,,
2026-09-28,동국제강,460860,여신,1,26,,0,,,,,3,9,,0,,,,
2026-09-28,사조대림,003960,여신,1,12,,0,,,,,2,2,,0,,,,
2026-09-28,폰드그룹,472850,여신,1,8,,0,,,,,0,0,,0,,,,
2026-09-28,한솔테크닉스,004710,여신,1,34,,0,,,,,2,21,Y,0,,,,
2026-09-28,비엠티,086670,여신,1,7,,0,,,,,0,1,,0,,,,
2026-09-28,세아제강,306200,여신,1,8,,0,,,,,0,1,,0,,,,
2026-09-28,브이티,018290,여신,1,52,Y,1,1,1,김*환,144.14,1,12,,0,,,,
2026-09-28,이지홀딩스,035810,여신,1,15,,0,,,,,3,5,,0,,,,
2026-09-28,키다리스튜디오,020120,여신,1,5,,0,,,,,0,2,,0,,,,
2026-09-28,대명에너지,389260,여신,1,46,,0,,,,,34,14,Y,0,,,,
2026-09-28,애경케미칼,161000,여신,1,72,,0,,,,,0,23,,0,,,,
2026-09-28,바이오노트,377740,여신,1,16,,0,,,,,1,4,,0,,,,
2026-09-28,동부건설,005960,여신,1,5,,0,,,,,0,2,,0,,,,
2026-09-28,롯데웰푸드,280360,여신,1,18,,0,,,,,0,4,,0,,,,
2026-09-28,바이오비쥬,489460,여신,1,8,,0,,,,,0,3,,0,,,,
2026-09-28,알루코,001780,여신,1,18,,0,,,,,0,6,,0,,,,
2026-09-28,원준,382840,여신,1,1,,0,,,,,0,1,,0,,,,
2026-09-28,화신,010690,여신,1,49,,0,,,,,0,20,,0,,,,
2026-09-28,상신이디피,091580,여신,1,20,,0,,,,,0,10,,0,,,,
2026-09-28,에이유브랜즈,481070,여신,1,8,,0,,,,,0,1,,0,,,,
2026-09-28,프로텍,053610,여신,1,16,Y,0,,,,,7,10,Y,0,,,,
2026-09-28,KODEX 금융고배당TOP10타겟위클리커버드콜,498410,여신,1,7,Y,0,,,,,0,3,,0,,,,
2026-09-28,HANARO Fn K-반도체,395270,여신,1,8,,0,,,,,0,2,,0,,,,
2026-09-28,인탑스,049070,여신,1,77,,0,,,,,1,14,,0,,,,
2026-09-28,샘표,007540,여신,1,21,Y,0,,,,,0,5,,0,,,,
2026-09-28,코스메카코리아,241710,여신,1,29,,0,,,,,0,5,,0,,,,
2026-09-28,넥스틴,348210,여신,1,51,,0,,,,,1,13,,0,,,,
2026-09-28,GS글로벌,001250,여신,1,18,,0,,,,,0,8,,0,,,,
2026-09-28,효성티앤씨,298020,여신,1,57,,0,,,,,0,18,,0,,,,
2026-09-28,롯데쇼핑,023530,여신,1,29,,0,,,,,1,6,,0,,,,
2026-09-28,재영솔루텍,049630,여신,1,44,,0,,,,,0,12,,0,,,,
2026-09-28,메가스터디교육,215200,여신,1,10,Y,0,,,,,0,0,,0,,,,
2026-09-28,세진중공업,075580,여신,1,83,Y,0,,,,,0,37,,0,,,,
2026-09-28,유진기업,023410,여신,1,16,Y,0,,,,,0,2,,0,,,,
2026-09-28,하림,136480,여신,1,20,,0,,,,,0,2,,0,,,,
2026-09-28,동아지질,028100,여신,1,11,,0,,,,,0,1,,0,,,,
2026-09-28,대웅,003090,여신,1,46,,0,,,,,0,23,,0,,,,
2026-09-28,삼립,005610,여신,1,14,,0,,,,,0,0,,0,,,,
2026-09-28,유성티엔에스,024800,여신,1,1,Y,1,1,1,김*수,143.24,0,0,,0,,,,
2026-09-28,KG파이낸셜,046440,여신,1,13,,0,,,,,0,3,,0,,,,
2026-09-28,아세아제지,002310,여신,1,7,Y,0,,,,,0,3,,0,,,,
2026-09-28,PKC,001340,여신,1,19,,0,,,,,1,6,,0,,,,
2026-09-28,휴메딕스,200670,여신,1,71,,0,,,,,2,25,Y,1,1,1,이*명,149.33
2026-09-28,녹십자홀딩스,005250,여신,1,44,,0,,,,,0,7,,0,,,,
2026-09-28,KODEX 200TR,278530,여신,1,5,,0,,,,,0,0,,0,,,,
2026-09-28,신세계인터내셔날,031430,여신,1,26,,0,,,,,0,10,,0,,,,
2026-09-28,마녀공장,439090,여신,1,101,,0,,,,,0,24,,0,,,,
2026-09-28,콜마비앤에이치,200130,여신,1,55,,0,,,,,0,15,,0,,,,
2026-09-28,롯데칠성,005300,여신,1,22,,0,,,,,0,5,,0,,,,
2026-09-28,일신방직,003200,여신,1,10,Y,0,,,,,0,3,,0,,,,
2026-09-28,대상홀딩스,084690,여신,1,41,,0,,,,,0,14,,0,,,,
2026-09-28,삼진제약,005500,여신,1,13,,0,,,,,82,7,Y,0,,,,
2026-09-28,제일기획,030000,여신,1,19,Y,0,,,,,3,8,,0,,,,
2026-09-28,노바렉스,194700,여신,1,27,,0,,,,,8,6,,0,,,,
2026-09-28,엠아이텍,179290,여신,1,4,,0,,,,,0,4,,0,,,,
2026-09-28,성광벤드,014620,여신,1,100,,0,,,,,2,30,,0,,,,
2026-09-28,송원산업,004430,여신,1,11,,0,,,,,0,3,,0,,,,
2026-09-28,한화손해보험,000370,여신,1,26,,0,,,,,1,9,,0,,,,
2026-09-28,ACE 미국S&P500,360200,여신,1,8,,0,,,,,0,3,,0,,,,
2026-09-28,한화머시너리앤서비스홀딩스,0220W0,여신,1,50,,0,,,,,0,21,,0,,,,
2026-09-28,한국앤컴퍼니,000240,여신,1,4,,0,,,,,0,2,,0,,,,
2026-09-28,갤럭시아머니트리,094480,여신,1,75,,0,,,,,3,29,,0,,,,
2026-09-28,유나이티드제약,033270,여신,1,27,,0,,,,,0,10,,0,,,,
2026-09-28,SOL 200타겟위클리커버드콜,0167B0,여신,1,6,,0,,,,,0,0,,0,,,,
2026-09-28,한국비엔씨,256840,여신,1,45,,0,,,,,0,24,,0,,,,
2026-09-28,효성,004800,여신,1,54,,0,,,,,296,13,,0,,,,
2026-09-28,KG이니시스,035600,여신,1,29,,0,,,,,1,19,Y,1,1,1,양*남,141.02
2026-09-28,레이크머티리얼즈,281740,여신,1,100,,0,,,,,2,37,,0,,,,
2026-09-28,일진파워,094820,여신,1,23,,0,,,,,0,12,,0,,,,
2026-09-28,풀무원,017810,여신,1,36,,0,,,,,0,10,,0,,,,
2026-09-28,PI첨단소재,178920,여신,1,36,,0,,,,,0,11,,0,,,,
2026-09-28,에코프로에이치엔,383310,여신,1,113,Y,1,1,1,박*호,148.19,2,32,,0,,,,
2026-09-28,CJ대한통운,000120,여신,1,52,,0,,,,,11,21,Y,0,,,,
2026-09-28,한국정보인증,053300,여신,1,34,,0,,,,,1,13,,0,,,,
2026-09-28,세나테크놀로지,061090,여신,1,25,,0,,,,,0,7,,0,,,,
2026-09-28,TIGER 200 IT,139260,여신,1,11,,0,,,,,0,2,,0,,,,
2026-09-28,한솔아이원스,114810,여신,1,10,,0,,,,,0,3,,0,,,,
2026-09-28,한국단자,025540,여신,1,17,Y,1,1,1,이*규,146.49,0,4,,0,,,,
2026-09-28,제주은행,006220,여신,1,30,,0,,,,,1,13,,0,,,,
2026-09-28,롯데손해보험,000400,여신,1,11,,0,,,,,1,2,,0,,,,
2026-09-28,한일사료,005860,여신,1,3,Y,1,1,1,나*준,140.87,0,0,,0,,,,
2026-09-28,네오위즈,095660,여신,1,29,Y,1,1,1,김*욱,141.68,2,7,,0,,,,
2026-09-28,동방메디컬,240550,여신,1,5,,0,,,,,0,1,,0,,,,
2026-09-28,한세실업,105630,여신,1,26,Y,1,1,1,박*태,141.03,0,11,,0,,,,
2026-09-28,삼보판지,023600,여신,1,3,,0,,,,,0,1,,0,,,,
2026-09-28,교보증권,030610,여신,1,30,,0,,,,,2,14,,0,,,,
2026-09-28,롯데지주,004990,여신,1,57,,0,,,,,0,25,,0,,,,
2026-09-28,인터로조,119610,여신,1,10,,0,,,,,0,1,,0,,,,
2026-09-28,대신증권우,003545,여신,1,3,,0,,,,,0,4,,0,,,,
2026-09-28,샘씨엔에스,252990,여신,1,44,,0,,,,,0,9,,0,,,,
2026-09-28,신세계 I&C,035510,여신,1,42,,0,,,,,0,9,,0,,,,
2026-09-28,아이마켓코리아,122900,여신,1,3,,0,,,,,0,4,,0,,,,
2026-09-28,대한제분,001130,여신,1,8,Y,1,1,1,황*환,145.54,0,2,,0,,,,
2026-09-28,한국가스공사,036460,여신,1,30,,0,,,,,2,17,Y,0,,,,
2026-09-28,KODEX 미국30년국채타겟커버드콜(합성 H),481060,여신,1,2,,0,,,,,0,0,,0,,,,
2026-09-28,RISE KIS국고채30년Enhanced,385560,여신,1,2,Y,0,,,,,0,0,,0,,,,
2026-09-28,제우스,079370,여신,1,57,,0,,,,,0,24,,0,,,,
2026-09-28,TIGER 반도체TOP10커버드콜액티브,0177R0,여신,1,14,,0,,,,,0,2,,0,,,,
2026-09-28,티이엠씨,425040,여신,1,53,,0,,,,,0,18,,0,,,,
2026-09-28,F&F홀딩스,007700,여신,1,16,,0,,,,,1,5,,0,,,,
2026-09-28,시너지이노베이션,048870,여신,1,5,,0,,,,,0,5,,0,,,,
2026-09-28,글로벌텍스프리,204620,여신,1,13,,0,,,,,0,1,,0,,,,
2026-09-28,금강공업,014280,여신,1,29,,0,,,,,2,9,,0,,,,
2026-09-28,인터플렉스,051370,여신,1,18,,0,,,,,1,13,,0,,,,
2026-09-28,국도화학,007690,여신,1,13,,0,,,,,0,2,,0,,,,
2026-09-28,미래에셋생명,085620,여신,1,22,,0,,,,,0,6,,0,,,,
2026-09-28,에이티넘인베스트,021080,여신,1,9,,0,,,,,0,5,,0,,,,
2026-09-28,SFA,056190,여신,1,31,,0,,,,,4,15,Y,0,,,,
2026-09-28,한신공영,004960,여신,1,5,,0,,,,,1,2,,0,,,,
2026-09-28,RISE 미국AI밸류체인데일리고정커버드콜,490590,여신,1,5,,0,,,,,0,0,,0,,,,
2026-09-28,동아에스티,170900,여신,1,4,,0,,,,,0,0,,0,,,,
2026-09-28,ACE 글로벌반도체TOP4 Plus,446770,여신,1,6,,0,,,,,0,0,,0,,,,
2026-09-28,PLUS K방산,449450,여신,1,16,,0,,,,,0,6,,0,,,,
2026-09-28,SNT다이내믹스,003570,여신,1,27,,0,,,,,0,9,,0,,,,
2026-09-28,서울보증보험,031210,여신,1,12,,0,,,,,0,1,,0,,,,
2026-09-28,카페24,042000,여신,1,54,,0,,,,,20,18,Y,0,,,,
2026-09-28,SOL K방산,490480,여신,1,3,Y,0,,,,,0,0,,0,,,,
2026-09-28,비에이치아이,083650,여신,1,1,,0,,,,,0,0,,0,,,,
2026-09-28,하이비젼시스템,126700,여신,1,20,Y,0,,,,,0,6,,0,,,,
2026-09-28,TIGER 미국S&P500,360750,여신,1,30,,0,,,,,0,5,,0,,,,
2026-09-28,서부T&D,006730,여신,1,43,,0,,,,,0,10,,0,,,,
2026-09-28,토비스,051360,여신,1,2,,0,,,,,0,0,,0,,,,
2026-09-28,OCI,456040,여신,1,33,,0,,,,,45,12,Y,0,,,,
2026-09-28,에스엠벡셀,010580,여신,1,19,Y,0,,,,,3,5,,0,,,,
2026-09-28,한솔케미칼,014680,여신,1,35,,0,,,,,2,14,,0,,,,
2026-09-28,펌텍코리아,251970,여신,1,24,,0,,,,,0,2,,0,,,,
2026-09-28,이구산업,025820,여신,1,13,,0,,,,,0,4,,0,,,,
2026-09-28,대창단조,015230,여신,1,6,,0,,,,,0,1,,0,,,,
2026-09-28,오뚜기,007310,여신,1,24,Y,1,1,1,최*영,144.54,1,9,,0,,,,
2026-09-28,엘브이엠씨홀딩스,900140,여신,1,17,,0,,,,,1,4,,0,,,,
2026-09-28,원익머트리얼즈,104830,여신,1,25,,0,,,,,0,4,,0,,,,
2026-09-28,LX인터내셔널,001120,여신,1,25,,0,,,,,0,12,,0,,,,
2026-09-28,HDC,012630,여신,1,3,,0,,,,,4,5,Y,0,,,,
2026-09-28,NH농우바이오,054050,여신,0,2,,0,,,,,0,1,,0,,,,
2026-09-28,SOL 미국배당다우존스,446720,여신,0,1,,0,,,,,0,0,,0,,,,
2026-09-28,미래나노텍,095500,여신,0,17,,0,,,,,68,13,Y,0,,,,
2026-09-28,비바리퍼블리카,285240,여신,0,0,,0,,,,,1100,1,Y,0,,,,
2026-09-28,신대양제지,016590,여신,0,10,,0,,,,,0,1,,0,,,,
2026-09-28,하나투어,039130,여신,0,17,,0,,,,,0,4,,0,,,,
2026-09-28,CJ제일제당 우,097955,여신,0,4,,0,,,,,1,1,,0,,,,
2026-09-28,KODEX 로봇액티브,445290,여신,0,21,,0,,,,,0,3,,0,,,,
2026-09-28,SK디앤디,210980,여신,0,2,,0,,,,,0,0,,0,,,,
2026-09-28,넥센,005720,여신,0,3,,0,,,,,9,4,,0,,,,
2026-09-28,도화엔지니어링,002150,여신,0,8,,0,,,,,0,1,,0,,,,
2026-09-28,벽산,007210,여신,0,3,,0,,,,,0,1,,0,,,,
2026-09-28,케이엔제이,272110,여신,0,8,,0,,,,,0,2,,0,,,,
2026-09-28,티케이케미칼,104480,여신,0,12,,0,,,,,0,1,,0,,,,
2026-09-28,삼성SDI우,006405,여신,0,23,,0,,,,,1,15,,0,,,,
2026-09-28,KT나스미디어,089600,여신,0,6,,0,,,,,0,2,,0,,,,
2026-09-28,LIG아큐버,073490,여신,0,31,,0,,,,,1,17,,0,,,,
2026-09-28,동원개발,013120,여신,0,5,,0,,,,,1,1,,0,,,,
2026-09-28,이노션,214320,여신,0,14,,0,,,,,0,1,,0,,,,
2026-09-28,자이에스앤디,317400,여신,0,1,,0,,,,,0,0,,0,,,,
2026-09-28,팜스토리,027710,여신,0,17,,0,,,,,0,7,,0,,,,
2026-09-28,SK가스,018670,여신,0,11,,0,,,,,0,1,,0,,,,
2026-09-28,석경에이티,357550,여신,0,8,,0,,,,,7,13,Y,1,1,1,구*명,143.18
2026-09-28,에이스침대,003800,여신,0,1,,0,,,,,0,1,,0,,,,
2026-09-28,제이아이테크,417500,여신,0,1,,0,,,,,0,0,,0,,,,
2026-09-28,KIWOOM 200TR,294400,여신,0,2,,0,,,,,0,0,,0,,,,
2026-09-28,SP삼화,000390,여신,0,8,,0,,,,,1,4,,0,,,,
2026-09-28,한국무브넥스,010100,여신,0,4,,0,,,,,0,5,,0,,,,
2026-09-28,KODEX 2차전지핵심소재10,461950,여신,0,6,,0,,,,,0,0,,0,,,,
2026-09-28,KODEX 미국서학개미,473460,여신,0,2,,0,,,,,0,0,,0,,,,
2026-09-28,SK바이오사이언스,302440,여신,0,0,,0,,,,,1,1,,0,,,,
2026-09-28,나이스정보통신,036800,여신,0,7,,0,,,,,0,2,,0,,,,
2026-09-28,카카오게임즈,293490,여신,0,1,,0,,,,,27,1,Y,0,,,,
2026-09-28,큐알티,405100,여신,0,10,,0,,,,,0,5,,0,,,,
2026-09-28,태경비케이,014580,여신,0,7,,0,,,,,0,5,,0,,,,
2026-09-28,한국기업평가,034950,여신,0,2,,0,,,,,0,0,,0,,,,
2026-09-28,LG생활건강우,051905,여신,0,15,,0,,,,,0,1,,0,,,,
2026-09-28,SK케미칼,285130,여신,0,67,,0,,,,,0,15,,0,,,,
2026-09-28,아가방컴퍼니,013990,여신,0,16,,0,,,,,0,1,,0,,,,
2026-09-28,유니셈,036200,여신,0,48,,0,,,,,3,15,,0,,,,
2026-09-28,인피니트헬스케어,071200,여신,0,1,,0,,,,,0,0,,0,,,,
2026-09-28,조선내화,462520,여신,0,4,,0,,,,,0,1,,0,,,,
2026-09-28,AJ네트웍스,095570,여신,0,4,,0,,,,,10,2,Y,0,,,,
2026-09-28,NH투자증권우,005945,여신,0,3,,0,,,,,0,0,,0,,,,
2026-09-28,대원강업,000430,여신,0,6,,0,,,,,1,2,,0,,,,
2026-09-28,모나용평,070960,여신,0,2,,0,,,,,0,0,,0,,,,
2026-09-28,진성티이씨,036890,여신,0,43,,0,,,,,0,13,,0,,,,
2026-09-28,진양홀딩스,100250,여신,0,3,,0,,,,,0,1,,0,,,,
2026-09-28,BYC,001460,여신,0,3,,0,,,,,0,0,,0,,,,
2026-09-28,SOL 자동차TOP3플러스,466930,여신,0,2,,0,,,,,0,0,,0,,,,
2026-09-28,TIGER 차이나전기차SOLACTIVE,371460,여신,0,5,,0,,,,,0,1,,0,,,,
2026-09-28,엘케이켐,489500,여신,0,1,,0,,,,,0,1,,0,,,,
2026-09-28,오성첨단소재,052420,여신,0,1,,0,,,,,0,0,,0,,,,
2026-09-28,지씨지놈,340450,여신,0,10,,0,,,,,0,2,,0,,,,
2026-09-28,코스맥스,192820,여신,0,0,,0,,,,,6,1,Y,0,,,,
2026-09-28,ACE 테슬라밸류체인액티브,457480,여신,0,6,,0,,,,,0,1,,0,,,,
2026-09-28,현대퓨처넷,126560,여신,0,3,,0,,,,,0,0,,0,,,,
2026-09-28,그린케미칼,083420,여신,0,18,,0,,,,,0,4,,0,,,,
2026-09-28,롯데관광개발,032350,여신,0,0,,0,,,,,300,1,Y,0,,,,
2026-09-28,유수홀딩스,000700,여신,0,5,,0,,,,,0,2,,0,,,,
2026-09-28,이수스페셜티케미컬,457190,여신,0,0,,0,,,,,0,1,,0,,,,
2026-09-28,KODEX 미국AI광통신네트워크,0173Y0,여신,0,5,,0,,,,,0,2,,0,,,,
2026-09-28,TIGER 미국필라델피아AI반도체나스닥,497570,여신,0,4,,0,,,,,0,0,,0,,,,
2026-09-28,카카오페이,377300,여신,0,1,,0,,,,,0,0,,0,,,,
2026-09-28,쿠쿠홈시스,284740,여신,0,5,,0,,,,,0,1,,0,,,,
2026-09-28,피아이이,452450,여신,0,1,,0,,,,,0,0,,0,,,,
2026-09-28,하이젠알앤엠,160190,여신,0,1,,0,,,,,0,0,,0,,,,
2026-09-28,한화3우B,00088K,여신,0,9,,0,,,,,1,3,,0,,,,
2026-09-28,PLUS 한화그룹주,0000J0,여신,0,2,,0,,,,,0,0,,0,,,,
2026-09-28,TIGER 코스피고배당,210780,여신,0,1,,0,,,,,0,0,,0,,,,
2026-09-28,녹십자웰빙,234690,여신,0,20,,0,,,,,0,1,,0,,,,
2026-09-28,엠씨넥스,097520,여신,0,52,,0,,,,,0,9,,0,,,,
2026-09-28,DL,000210,여신,0,41,,0,,,,,2,24,Y,0,,,,
2026-09-28,포스코스틸리온,058430,여신,0,26,,0,,,,,0,2,,0,,,,
2026-09-28,TIGER 미국우주테크,0183J0,여신,0,22,,0,,,,,0,3,,0,,,,
2026-09-28,국보디자인,066620,여신,0,3,,0,,,,,2,2,,0,,,,
2026-09-28,동원시스템즈,014820,여신,0,25,,0,,,,,1,11,Y,0,,,,
2026-09-28,엠플러스,259630,여신,0,2,,0,,,,,0,1,,0,,,,
2026-09-28,쿠콘,294570,여신,0,83,,0,,,,,0,18,,0,,,,
2026-09-28,한세예스24홀딩스,016450,여신,0,5,,0,,,,,0,1,,0,,,,
2026-09-28,KODEX MSCI선진국,251350,여신,0,2,,0,,,,,0,0,,0,,,,
2026-09-28,RISE AI전력인프라,0101N0,여신,0,8,,0,,,,,2,4,,0,,,,
2026-09-28,SNT홀딩스,036530,여신,0,10,,0,,,,,0,0,,0,,,,
2026-09-28,넥스틸,092790,여신,0,93,,0,,,,,3,14,,0,,,,
2026-09-28,바이넥스,053030,여신,0,1,,0,,,,,0,0,,0,,,,
2026-09-28,사람인,143240,여신,0,4,,0,,,,,0,0,,0,,,,
2026-09-28,삼영,003720,여신,0,15,,0,,,,,3,7,,0,,,,
2026-09-28,씨앤씨인터내셔널,352480,여신,0,12,,0,,,,,0,3,,0,,,,
2026-09-28,ACE 미국나스닥100,367380,여신,0,7,,0,,,,,0,1,,0,,,,
2026-09-28,JW홀딩스,096760,여신,0,5,,0,,,,,40,5,Y,0,,,,
2026-09-28,1Q 미국우주항공테크,0131V0,여신,0,2,,0,,,,,0,0,,0,,,,
2026-09-28,동양이엔피,079960,여신,0,6,,0,,,,,0,1,,0,,,,
2026-09-28,삼양패키징,272550,여신,0,4,,0,,,,,0,1,,0,,,,
2026-09-28,일진홀딩스,015860,여신,0,12,,0,,,,,3,5,,0,,,,
2026-09-28,KODEX K콘텐츠,266360,여신,0,0,,0,,,,,0,1,,0,,,,
2026-09-28,유비쿼스,264450,여신,0,6,,0,,,,,0,2,,0,,,,
2026-09-28,종근당홀딩스,001630,여신,0,16,,0,,,,,0,7,,0,,,,
2026-09-28,한컴,030520,여신,0,7,,0,,,,,0,8,,0,,,,
2026-09-28,JW생명과학,234080,여신,0,6,,0,,,,,0,1,,0,,,,
2026-09-28,PLUS 우주항공,421320,여신,0,3,,0,,,,,0,0,,0,,,,
2026-09-28,TIGER 리츠부동산인프라,329200,여신,0,3,,0,,,,,0,1,,0,,,,
2026-09-28,TIGER 바이오TOP10,364970,여신,0,1,,0,,,,,0,0,,0,,,,
2026-09-28,KODEX 미국배당커버드콜액티브,441640,여신,0,6,,0,,,,,0,0,,0,,,,
2026-09-28,KODEX 헬스케어,266420,여신,0,1,,0,,,,,0,0,,0,,,,
2026-09-28,부국증권,001270,여신,0,4,,0,,,,,0,3,,0,,,,
2026-09-28,한국쉘석유,002960,여신,0,4,,0,,,,,0,3,,0,,,,
2026-09-28,RISE 네트워크인프라,367760,여신,0,1,,0,,,,,3,2,,0,,,,
2026-09-28,미원상사,002840,여신,0,2,,0,,,,,0,1,,0,,,,
2026-09-28,신도리코,029530,여신,0,5,,0,,,,,2,2,,0,,,,
2026-09-28,티씨케이,064760,여신,0,51,,0,,,,,0,17,,0,,,,
2026-09-28,TIGER 코리아원자력,0091P0,여신,0,12,,0,,,,,0,5,,0,,,,
2026-09-28,고려신용정보,049720,여신,0,4,,0,,,,,0,2,,0,,,,
2026-09-28,두산2우B,000157,여신,0,3,,0,,,,,0,0,,0,,,,
2026-09-28,한국정보통신,025770,여신,0,17,,0,,,,,0,7,,0,,,,
2026-09-28,TIGER 미국테크TOP10 INDXX,381170,여신,0,11,,0,,,,,0,0,,0,,,,
2026-09-28,빅솔론,093190,여신,0,2,,0,,,,,2,1,,0,,,,
2026-09-28,에이직랜드,445090,여신,0,0,,0,,,,,10,1,Y,0,,,,
2026-09-28,삼천당제약,000250,여신,0,1,,0,,,,,16,5,Y,0,,,,
2026-09-28,피에이치에이,043370,여신,0,8,,0,,,,,0,5,,0,,,,
2026-09-28,노머스,473980,여신,0,14,,0,,,,,0,2,,0,,,,
2026-09-28,아나패스,123860,여신,0,3,,0,,,,,4,5,,0,,,,
2026-09-28,에프앤가이드,064850,여신,0,7,,0,,,,,0,0,,0,,,,
2026-09-28,화승코퍼레이션,013520,여신,0,1,,0,,,,,3,1,,0,,,,
2026-09-28,CJ우,001045,여신,0,1,,0,,,,,2,2,,0,,,,
2026-09-28,대동,000490,여신,0,91,,0,,,,,1,22,,0,,,,
2026-09-28,동국홀딩스,001230,여신,0,17,,0,,,,,2,5,,0,,,,
2026-09-28,와이엔텍,067900,여신,0,1,,0,,,,,0,3,,0,,,,
2026-09-28,지노믹트리,228760,여신,0,0,,0,,,,,2,1,,0,,,,
2026-09-28,코칩,126730,여신,0,4,,0,,,,,0,0,,0,,,,
2026-09-28,SOL 미국AI반도체칩메이커,479620,여신,0,0,,0,,,,,0,1,,0,,,,
2026-09-28,조이시티,067000,여신,0,1,,0,,,,,0,0,,0,,,,
2026-09-28,KODEX CD금리액티브(합성),459580,여신,0,1,,0,,,,,0,0,,0,,,,
2026-09-28,TIGER 코리아TOP10,292150,여신,0,9,,0,,,,,0,1,,0,,,,
2026-09-28,바이오플러스,099430,여신,0,0,,0,,,,,6,2,Y,0,,,,
2026-09-28,알멕,354320,여신,0,20,,0,,,,,0,5,,0,,,,
2026-09-28,iM금융지주,139130,여신,0,9,,0,,,,,3,4,Y,0,,,,
2026-09-28,대성산업,128820,여신,0,10,,0,,,,,0,3,,0,,,,
2026-09-28,수산세보틱스,017550,여신,0,21,,0,,,,,0,9,,0,,,,
2026-09-28,커넥트웨이브,119860,여신,0,1,,0,,,,,0,0,,0,,,,
2026-09-28,CJ4우(전환),00104K,여신,0,2,,0,,,,,0,0,,0,,,,
2026-09-28,KODEX 미국S&P500,379800,여신,0,14,,0,,,,,0,2,,0,,,,
2026-09-28,LG화학우,051915,여신,0,50,,0,,,,,1,20,,0,,,,
2026-09-28,가비아,079940,여신,0,3,,0,,,,,0,0,,0,,,,
2026-09-28,대한제당,001790,여신,0,28,,0,,,,,0,4,,0,,,,
2026-09-28,삼미금속,012210,여신,0,43,,0,,,,,1,7,,0,,,,
2026-09-28,HLB,028300,여신,0,0,,0,,,,,151,3,Y,0,,,,
2026-09-28,디지털대성,068930,여신,0,4,,0,,,,,0,1,,0,,,,
2026-09-28,애니플러스,310200,여신,0,14,,0,,,,,0,4,,0,,,,
2026-09-28,우리손에프앤지,073560,여신,0,3,,0,,,,,1,2,Y,0,,,,
2026-09-28,유진투자증권,001200,여신,0,11,,0,,,,,10,7,,0,,,,
2026-09-28,코오롱,002020,여신,0,33,,0,,,,,7,18,,0,,,,
2026-09-28,한국자산신탁,123890,여신,0,6,,0,,,,,0,0,,0,,,,
2026-09-28,디오,039840,여신,0,10,,0,,,,,0,6,,0,,,,
2026-09-28,리파인,377450,여신,0,3,,0,,,,,0,1,,0,,,,
2026-09-28,인투셀,287840,여신,0,0,,0,,,,,3,1,,0,,,,
2026-09-28,기업은행,024110,여신,0,34,,0,,,,,0,10,,0,,,,
2026-09-28,넥센타이어,002350,여신,0,12,,0,,,,,0,4,,0,,,,
2026-09-28,대성에너지,117580,여신,0,18,,0,,,,,0,4,,0,,,,
2026-09-28,AP시스템,265520,여신,0,22,,0,,,,,1,12,Y,0,,,,
2026-09-28,보령,003850,여신,0,32,,0,,,,,0,8,,0,,,,
2026-09-28,자화전자,033240,여신,0,57,,0,,,,,0,17,,0,,,,
2026-09-28,크레버스,096240,여신,0,0,,0,,,,,20,1,Y,0,,,,
2026-09-28,ACE KPOP포커스,475050,여신,0,1,,0,,,,,0,0,,0,,,,
2026-09-28,RISE 삼성전자SK하이닉스채권혼합50,0162Z0,여신,0,3,,0,,,,,0,1,,0,,,,
2026-09-28,교촌에프앤비,339770,여신,0,7,,0,,,,,0,0,,0,,,,
2026-09-28,레드캡투어,038390,여신,0,3,,0,,,,,0,0,,0,,,,
2026-09-28,삼양엔씨켐,482630,여신,0,20,,0,,,,,0,6,,0,,,,
2026-09-28,현대리바트,079430,여신,0,8,,0,,,,,0,2,,0,,,,
2026-09-28,코스모화학,005420,여신,0,0,,0,,,,,0,1,,0,,,,
2026-09-28,하이록코리아,013030,여신,0,21,,0,,,,,0,6,,0,,,,
2026-09-28,화승엔터프라이즈,241590,여신,0,3,,0,,,,,0,2,,0,,,,
2026-09-28,KODEX 바이오,244580,여신,0,1,,0,,,,,0,2,,0,,,,
2026-09-28,KODEX 삼성전자SK하이닉스채권혼합50,0177N0,여신,0,2,,0,,,,,0,1,,0,,,,
2026-09-28,LG디스플레이,034220,여신,0,0,,0,,,,,0,1,,0,,,,
2026-09-28,노바텍,285490,여신,0,18,,0,,,,,0,7,,0,,,,
2026-09-28,파크시스템스,140860,여신,0,32,,0,,,,,0,7,,0,,,,
2026-09-28,엠에스오토텍,123040,여신,0,0,,0,,,,,20,1,Y,0,,,,
2026-09-28,하나기술,299030,여신,0,0,,0,,,,,10,1,Y,0,,,,
2026-09-28,BGF리테일,282330,여신,0,7,,0,,,,,0,0,,0,,,,
2026-09-28,광동제약,009290,여신,0,30,,0,,,,,0,5,,0,,,,
2026-09-28,제이브이엠,054950,여신,0,14,,0,,,,,0,1,,0,,,,
2026-09-28,KODEX 건설,117700,여신,0,5,,0,,,,,1,1,,0,,,,
2026-09-28,대웅제약,069620,여신,0,53,,0,,,,,0,9,,0,,,,
2026-09-28,대한제강,084010,여신,0,10,,0,,,,,0,3,,0,,,,
2026-09-28,라온로보틱스,232680,여신,0,3,,0,,,,,0,0,,0,,,,
2026-09-28,ACE 포스코그룹포커스,469170,여신,0,5,,0,,,,,0,1,,0,,,,
2026-09-28,KODEX 증권,102970,여신,0,29,,0,,,,,1,8,,0,,,,
2026-09-28,NICE평가정보,030190,여신,0,5,,0,,,,,0,3,,0,,,,
2026-09-28,TIGER 은행고배당플러스TOP10,466940,여신,0,3,,0,,,,,0,1,,0,,,,
2026-09-28,TIGER 현대차그룹플러스,138540,여신,0,20,,0,,,,,0,3,,0,,,,
2026-09-28,두산퓨얼셀,336260,여신,0,0,,0,,,,,0,1,,0,,,,
2026-09-28,모두투어,080160,여신,0,17,,0,,,,,0,5,,0,,,,
2026-09-28,뷰웍스,100120,여신,0,6,,0,,,,,9,3,,0,,,,
2026-09-28,삼익악기,002450,여신,0,1,,0,,,,,0,0,,0,,,,
2026-09-28,영원무역홀딩스,009970,여신,0,7,,0,,,,,0,1,,0,,,,
2026-09-28,와이솔,122990,여신,0,5,,0,,,,,0,2,,0,,,,
2026-09-28,TIGER 코리아AI전력기기TOP3플러스,0117V0,여신,0,17,,0,,,,,1,12,,0,,,,
2026-09-28,흥아해운,003280,여신,0,48,,0,,,,,0,12,,0,,,,
2026-09-28,HL D&I,014790,여신,0,4,,0,,,,,0,0,,0,,,,
2026-09-28,JB금융지주,175330,여신,0,11,,0,,,,,0,3,,0,,,,
2026-09-28,KCTC,009070,여신,0,33,,0,,,,,0,8,,0,,,,
2026-09-28,KODEX AI반도체핵심장비,471990,여신,0,16,,0,,,,,0,4,,0,,,,
2026-09-28,디앤디파마텍,347850,여신,0,0,,0,,,,,1,1,,0,,,,
2026-09-28,현대이지웰,090850,여신,0,7,,0,,,,,0,1,,0,,,,
2026-09-28,ACE 미국빅테크TOP7 Plus,465580,여신,0,2,,0,,,,,0,0,,0,,,,
2026-09-28,TIGER 게임TOP10,364990,여신,0,1,,0,,,,,0,0,,0,,,,
2026-09-28,경방,000050,여신,0,15,,0,,,,,2,5,,0,,,,
2026-09-28,TIGER 조선TOP10,494670,여신,0,20,,0,,,,,0,1,,0,,,,
2026-09-28,나무가,190510,여신,0,53,,0,,,,,1,11,,0,,,,
2026-09-28,미스토홀딩스,081660,여신,0,11,,0,,,,,0,3,,0,,,,
2026-09-28,에스티아이,039440,여신,0,55,,0,,,,,0,16,,0,,,,
2026-09-28,하나제약,293480,여신,0,2,,0,,,,,0,3,,0,,,,
2026-09-28,SM C&C,048550,여신,0,5,,0,,,,,0,1,,0,,,,
2026-09-28,매일유업,267980,여신,0,9,,0,,,,,0,0,,0,,,,
2026-09-28,에스앤디,260970,여신,0,12,,0,,,,,0,1,,0,,,,
2026-09-28,제테마,216080,여신,0,0,,0,,,,,68,2,Y,0,,,,
2026-09-28,현대차우,005385,여신,0,45,,0,,,,,6,20,,0,,,,
2026-09-28,샘표식품,248170,여신,0,2,,0,,,,,0,0,,0,,,,
2026-09-28,유일로보틱스,388720,여신,0,0,,0,,,,,15,3,Y,0,,,,
2026-09-28,티에이치엔,019180,여신,0,2,,0,,,,,0,1,,0,,,,
2026-09-28,KODEX MSCI Korea TR,278540,여신,0,2,,0,,,,,0,0,,0,,,,
2026-09-28,에코프로머티,450080,여신,0,1,,0,,,,,0,3,,0,,,,
2026-09-28,빙그레,005180,여신,0,23,,0,,,,,5,9,,0,,,,
2026-09-28,베뉴지,019010,여신,0,12,,0,,,,,0,2,,0,,,,
2026-09-28,지투파워,388050,여신,0,103,,0,,,,,0,21,,0,,,,
2026-09-28,TIGER 화장품,228790,여신,0,2,,0,,,,,0,0,,0,,,,
2026-09-28,이지바이오,353810,여신,0,7,,0,,,,,0,1,,0,,,,
2026-09-28,해성산업,034810,여신,0,9,,0,,,,,1,4,,0,,,,
2026-09-28,RISE 미국S&P500,379780,여신,0,1,,0,,,,,0,1,,0,,,,
2026-09-28,SOL AI반도체소부장,455850,여신,0,36,,0,,,,,1,9,,0,,,,
2026-09-28,계룡건설,013580,여신,0,10,,0,,,,,0,2,,0,,,,
2026-09-28,텔코웨어,078000,여신,0,2,,0,,,,,0,0,,0,,,,
2026-09-28,환인제약,016580,여신,0,3,,0,,,,,0,0,,0,,,,
2026-09-28,CJ프레시웨이,051500,여신,0,8,,0,,,,,0,1,,0,,,,
2026-09-28,KODEX 삼성그룹,102780,여신,0,9,,0,,,,,0,1,,0,,,,
2026-09-28,SIMPAC,009160,여신,0,2,,0,,,,,0,0,,0,,,,
2026-09-28,삼천리,004690,여신,0,9,,0,,,,,0,2,,0,,,,
2026-09-28,DB증권,016610,여신,0,11,,0,,,,,0,4,,0,,,,
2026-09-28,LF,093050,여신,0,4,,0,,,,,0,2,,0,,,,
2026-09-28,SOL 금융지주플러스고배당,484880,여신,0,2,,0,,,,,0,0,,0,,,,
2026-09-28,선광,003100,여신,0,6,,0,,,,,0,0,,0,,,,
2026-09-28,타이거일렉,219130,여신,0,6,,0,,,,,0,2,,0,,,,
2026-09-28,현대비앤지스틸,004560,여신,0,0,,0,,,,,50,2,Y,0,,,,
2026-09-28,INVENI,015360,여신,0,2,,0,,,,,0,2,,0,,,,
2026-09-28,아이티엠반도체,084850,여신,0,0,,0,,,,,117,1,,0,,,,
2026-09-28,흥국화재,000540,여신,0,6,,0,,,,,0,3,,0,,,,
2026-09-28,ACE KRX금현물,411060,여신,0,0,,0,,,,,0,1,,0,,,,
2026-09-28,골프존홀딩스,121440,여신,0,3,,0,,,,,0,0,,0,,,,
2026-09-28,디아이씨,092200,여신,0,46,,0,,,,,0,27,,0,,,,
2026-09-28,스카이라이프,053210,여신,0,6,,0,,,,,0,0,,0,,,,
2026-09-28,펩트론,087010,여신,0,0,,0,,,,,8,1,,0,,,,
2026-09-28,KODEX 게임산업,300950,여신,0,1,,0,,,,,0,1,,0,,,,
2026-09-28,TIGER 여행레저,228800,여신,0,1,,0,,,,,0,0,,0,,,,
2026-09-28,SYTS,002170,여신,0,2,,0,,,,,0,0,,0,,,,
2026-09-28,TIGER 테슬라채권혼합Fn,447770,여신,0,1,,0,,,,,0,0,,0,,,,
2026-09-28,세보엠이씨,011560,여신,0,9,,0,,,,,0,0,,0,,,,
2026-09-28,파이버프로,368770,여신,0,21,,0,,,,,0,4,,0,,,,
2026-09-28,효성ITX,094280,여신,0,6,,0,,,,,0,0,,0,,,,
2026-09-28,대신증권2우B,003547,여신,0,2,,0,,,,,0,0,,0,,,,
2026-09-28,에이프릴바이오,397030,여신,0,1,,0,,,,,0,0,,0,,,,
2026-09-28,엑시콘,092870,여신,0,6,,0,,,,,0,0,,0,,,,
2026-09-28,와이엠티,251370,여신,0,5,,0,,,,,2,4,,0,,,,
2026-09-28,지어소프트,051160,여신,0,12,,0,,,,,0,1,,0,,,,
2026-09-28,코스맥스비티아이,044820,여신,0,7,,0,,,,,0,4,,0,,,,
2026-09-28,토니모리,214420,여신,0,13,,0,,,,,0,6,,0,,,,
2026-09-28,성우,458650,여신,0,10,,0,,,,,0,1,,0,,,,
2026-09-28,쎌바이오텍,049960,여신,0,1,,0,,,,,1,2,,0,,,,
2026-09-28,지누스,013890,여신,0,11,,0,,,,,0,1,,0,,,,
2026-09-28,코텍,052330,여신,0,1,,0,,,,,0,2,,0,,,,
2026-09-28,TIME 미국나스닥100액티브,426030,여신,0,4,,0,,,,,0,1,,0,,,,
2026-09-28,한농화성,011500,여신,0,51,,0,,,,,0,21,,0,,,,
2026-09-28,TIGER 헬스케어,143860,여신,0,0,,0,,,,,0,1,,0,,,,
2026-09-28,오상헬스케어,036220,여신,0,1,,0,,,,,0,0,,0,,,,
2026-09-28,DI동일,001530,여신,0,14,,0,,,,,0,4,,0,,,,
2026-09-28,극동유화,014530,여신,0,10,,0,,,,,0,1,,0,,,,
2026-09-28,네오위즈홀딩스,042420,여신,0,9,,0,,,,,0,4,,0,,,,
2026-09-28,삼영전자,005680,여신,0,6,,0,,,,,0,3,,0,,,,
2026-09-28,어보브반도체,102120,여신,0,44,,0,,,,,0,21,,0,,,,
2026-09-28,우양에이치씨,101970,여신,0,2,,0,,,,,0,0,,0,,,,
2026-09-28,화승인더,006060,여신,0,11,,0,,,,,0,0,,0,,,,
2026-09-28,금호석유화학우,011785,여신,0,4,,0,,,,,0,0,,0,,,,
2026-09-28,에스엔시스,0008Z0,여신,0,20,,0,,,,,0,3,,0,,,,
2026-09-28,이연제약,102460,여신,0,0,,0,,,,,22,1,Y,0,,,,
2026-09-28,한솔홀딩스,004150,여신,0,4,,0,,,,,0,1,,0,,,,
2026-09-28,슈프리마에이치큐,094840,여신,0,4,,0,,,,,0,0,,0,,,,
2026-09-28,오리온홀딩스,001800,여신,0,6,,0,,,,,4,4,,0,,,,
2026-09-28,디바이스,187870,여신,0,13,,0,,,,,0,1,,0,,,,
2026-09-28,아이패밀리에스씨,114840,여신,0,17,,0,,,,,0,3,,0,,,,
2026-09-28,엠로,058970,여신,0,0,,0,,,,,1,1,Y,0,,,,
2026-09-28,SOL 2차전지소부장Fn,455860,여신,0,3,,0,,,,,0,1,,0,,,,
2026-09-28,SOL 미국나스닥100,476030,여신,0,1,,0,,,,,0,0,,0,,,,
2026-09-28,아세아,002030,여신,0,2,,0,,,,,0,0,,0,,,,
2026-09-28,윤성에프앤씨,372170,여신,0,1,,0,,,,,0,0,,0,,,,
2026-09-28,태경산업,015890,여신,0,3,,0,,,,,0,1,,0,,,,
2026-09-28,천보,278280,여신,0,75,,0,,,,,1,22,Y,0,,,,
2026-09-28,코오롱글로벌,003070,여신,0,8,,0,,,,,0,3,,0,,,,
2026-09-28,HL홀딩스,060980,여신,0,8,,0,,,,,1,4,Y,0,,,,
2026-09-28,아모레퍼시픽우,090435,여신,0,5,,0,,,,,4,6,Y,0,,,,
2026-09-28,우진엔텍,457550,여신,0,34,,0,,,,,0,18,,0,,,,
2026-09-28,삼영무역,002810,여신,0,3,,0,,,,,0,1,,0,,,,
2026-09-28,한독,002390,여신,0,2,,0,,,,,0,0,,0,,,,
2026-09-28,한진중공업홀딩스,003480,여신,0,7,,0,,,,,0,1,,0,,,,
2026-09-28,ACE 200,105190,여신,0,0,,0,,,,,0,1,,0,,,,
2026-09-28,무학,033920,여신,0,5,,0,,,,,0,2,,0,,,,
2026-09-28,에스피소프트,443670,여신,0,1,,0,,,,,0,0,,0,,,,
2026-09-28,RISE 코리아밸류업,495050,여신,0,1,,0,,,,,0,0,,0,,,,
2026-09-28,노루페인트,090350,여신,0,8,,0,,,,,1,4,,0,,,,
2026-09-28,디와이피엔에프,104460,여신,0,1,,0,,,,,0,0,,0,,,,
2026-09-28,유니트론텍,142210,여신,0,2,,0,,,,,0,0,,0,,,,
2026-09-28,HANARO Fn K-POP&미디어,395290,여신,0,2,,0,,,,,0,1,,0,,,,
2026-09-28,HLB이노베이션,024850,여신,0,0,,0,,,,,3,1,,0,,,,
2026-09-28,넥슨게임즈,225570,여신,0,0,,0,,,,,0,1,,0,,,,
2026-09-28,KTcs,058850,여신,0,6,,0,,,,,0,2,,0,,,,
2026-09-28,TYM,002900,여신,0,8,,0,,,,,0,1,,0,,,,
2026-09-28,고스트스튜디오,950190,여신,0,11,,0,,,,,0,1,,0,,,,
2026-09-28,엑셈,205100,여신,0,4,,0,,,,,0,0,,0,,,,
2026-09-28,원텍,336570,여신,0,58,,0,,,,,2,28,,0,,,,
2026-09-28,코난테크놀로지,402030,여신,0,0,,0,,,,,50,1,Y,0,,,,
2026-09-28,비씨엔씨,146320,여신,0,1,,0,,,,,0,1,,0,,,,
2026-09-28,삼양사,145990,여신,0,3,,0,,,,,0,3,,0,,,,
2026-09-28,인카금융서비스,211050,여신,0,0,,0,,,,,151,3,Y,0,,,,
2026-09-28,HDC랩스,039570,여신,0,2,,0,,,,,0,0,,0,,,,
2026-09-28,대원산업,005710,여신,0,3,,0,,,,,0,0,,0,,,,
2026-09-28,리가켐바이오,141080,여신,0,0,,0,,,,,10,1,Y,0,,,,
2026-09-28,메지온,140410,여신,0,0,,0,,,,,30,1,Y,0,,,,
2026-09-28,미래반도체,254490,여신,0,28,,0,,,,,0,12,,0,,,,
2026-09-28,TIGER AI반도체핵심공정,471760,여신,0,2,,0,,,,,0,0,,0,,,,
2026-09-28,그린광학,0015G0,여신,0,19,,0,,,,,0,4,,0,,,,
2026-09-28,금화피에스시,036190,여신,0,3,,0,,,,,0,0,,0,,,,
2026-09-28,신원,009270,여신,0,27,,0,,,,,3,10,Y,0,,,,
2026-09-28,에이플러스에셋,244920,여신,0,3,,0,,,,,0,0,,0,,,,
2026-09-28,파트론,091700,여신,0,30,,0,,,,,0,4,,0,,,,
2026-09-28,피델릭스,032580,여신,0,1,,0,,,,,0,0,,0,,,,
2026-09-28,HS효성,487570,여신,0,8,,0,,,,,0,2,,0,,,,
2026-09-28,RISE 코스닥150,270810,여신,0,2,,0,,,,,0,0,,0,,,,
2026-09-28,일양약품,007570,여신,0,9,,0,,,,,0,0,,0,,,,
2026-09-28,티로보틱스,117730,여신,0,0,,0,,,,,10,1,Y,0,,,,
2026-09-28,동성케미컬,102260,여신,0,12,,0,,,,,0,2,,0,,,,
2026-09-28,아이디스홀딩스,054800,여신,0,1,,0,,,,,0,0,,0,,,,
2026-09-28,위메이드맥스,101730,여신,0,1,,0,,,,,0,0,,0,,,,
2026-09-28,HB솔루션,297890,여신,0,22,,0,,,,,0,9,,0,,,,
2026-09-28,NHN,181710,여신,0,31,,0,,,,,12,14,,0,,,,
2026-09-28,PLUS 글로벌HBM반도체,442580,여신,0,7,,0,,,,,0,0,,0,,,,
2026-09-28,TIGER 글로벌AI전력인프라액티브,491010,여신,0,3,,0,,,,,0,0,,0,,,,
2026-09-28,제이엘케이,322510,여신,0,0,,0,,,,,8,1,Y,0,,,,
2026-09-28,BGF,027410,여신,0,9,,0,,,,,0,3,,0,,,,
2026-09-28,KG모빌리티플랫폼,381970,여신,0,24,,0,,,,,0,5,,0,,,,
2026-09-28,KSS해운,044450,여신,0,8,,0,,,,,0,2,,0,,,,
2026-09-28,BGF에코머티리얼즈,126600,여신,0,8,,0,,,,,0,1,,0,,,,
2026-09-28,NPC,004250,여신,0,8,,0,,,,,0,1,,0,,,,
2026-09-28,S-Oil우,010955,여신,0,1,,0,,,,,0,0,,0,,,,
2026-09-28,KODEX 미국달러SOFR금리액티브(합성),455030,여신,0,1,,0,,,,,0,0,,0,,,,
2026-09-28,KPX케미칼,025000,여신,0,2,,0,,,,,0,1,,0,,,,
2026-09-28,RISE 미국나스닥100,368590,여신,0,1,,0,,,,,0,0,,0,,,,
2026-09-28,TIGER 2차전지소재Fn,462010,여신,0,10,,0,,,,,0,4,,0,,,,
2026-09-28,서연,007860,여신,0,10,,0,,,,,0,2,,0,,,,
2026-09-28,현대그린푸드,453340,여신,0,3,,0,,,,,1,2,,0,,,,
2026-09-28,현대코퍼레이션,011760,여신,0,13,,0,,,,,0,3,,0,,,,
2026-09-28,KODEX 미국나스닥100데일리커버드콜OTM,494300,여신,0,9,,0,,,,,0,1,,0,,,,
2026-09-28,SOL 미국양자컴퓨팅TOP10,0023A0,여신,0,7,,0,,,,,0,0,,0,,,,
2026-09-28,TIGER 인터넷TOP10,365000,여신,0,3,,0,,,,,0,0,,0,,,,
2026-09-28,TIGER 코스닥150바이오테크,261070,여신,0,3,,0,,,,,0,0,,0,,,,
2026-09-28,해태제과식품,101530,여신,0,11,,0,,,,,0,1,,0,,,,
2026-09-28,경농,002100,여신,0,10,,0,,,,,0,0,,0,,,,
2026-09-28,노루홀딩스,000320,여신,0,10,,0,,,,,0,5,,0,,,,
2026-09-28,슈피겐코리아,192440,여신,0,5,,0,,,,,0,2,,0,,,,
2026-09-28,유니퀘스트,077500,여신,0,16,,0,,,,,0,6,,0,,,,
2026-09-28,HDC현대EP,089470,여신,0,5,,0,,,,,0,6,,0,,,,
2026-09-28,원익피앤이,217820,여신,0,0,,0,,,,,0,1,,0,,,,
2026-09-28,윈스테크넷,136540,여신,0,7,,0,,,,,0,3,,0,,,,
2026-09-28,현대해상,001450,여신,0,21,,0,,,,,0,4,,0,,,,
2026-09-28,동국씨엠,460850,여신,0,6,,0,,,,,0,3,,0,,,,
2026-09-28,동아쏘시오홀딩스,000640,여신,0,13,,0,,,,,0,4,,0,,,,
2026-09-28,레인보우로보틱스,277810,여신,0,0,,0,,,,,11,1,,0,,,,
2026-09-28,세방,004360,여신,0,6,,0,,,,,0,1,,0,,,,
2026-09-28,엠에스씨,009780,여신,0,3,,0,,,,,0,1,,0,,,,
2026-09-28,제룡산업,147830,여신,0,16,,0,,,,,0,4,,0,,,,
2026-09-28,한국공항,005430,여신,0,3,,0,,,,,0,1,,0,,,,
2026-09-28,TIGER 미국배당다우존스,458730,여신,0,1,,0,,,,,0,0,,0,,,,
2026-09-28,아주IB투자,027360,여신,0,1,,0,,,,,0,0,,0,,,,
2026-09-28,한국주철관,000970,여신,0,7,,0,,,,,0,0,,0,,,,
2026-09-28,현대에버다임,041440,여신,0,9,,0,,,,,0,4,,0,,,,
2026-09-28,동구바이오제약,006620,여신,0,2,,0,,,,,30,2,Y,0,,,,
2026-09-28,하이트진로홀딩스,000140,여신,0,5,,0,,,,,0,0,,0,,,,
2026-09-28,KCC글라스,344820,여신,0,6,,0,,,,,0,1,,0,,,,
2026-09-28,SFA반도체,036540,여신,0,0,,0,,,,,0,1,,0,,,,
2026-09-28,에임드바이오,0009K0,여신,0,82,,0,,,,,2,30,Y,0,,,,
2026-09-28,KODEX 은행,091170,여신,0,2,,0,,,,,0,0,,0,,,,
2026-09-28,RISE AI&로봇,469070,여신,0,18,,0,,,,,0,1,,0,,,,
2026-09-28,TIGER 반도체,091230,여신,0,6,,0,,,,,0,2,,0,,,,
2026-09-28,모토닉,009680,여신,0,4,,0,,,,,0,1,,0,,,,
2026-09-28,미창석유,003650,여신,0,1,,0,,,,,0,0,,0,,,,
2026-09-28,BNK금융지주,138930,여신,0,16,,0,,,,,68,8,Y,0,,,,
2026-09-28,KODEX 고배당주,279530,여신,0,1,,0,,,,,0,0,,0,,,,
2026-09-28,KODEX 미국AI전력핵심인프라,487230,여신,0,13,,0,,,,,0,2,,0,,,,
2026-09-28,바텍,043150,여신,0,20,,0,,,,,0,6,,0,,,,
2026-09-28,한텍,098070,여신,0,38,,0,,,,,0,15,,0,,,,
2026-09-28,TJ미디어,032540,여신,0,0,,0,,,,,15,1,Y,0,,,,
2026-09-28,조일알미늄,018470,여신,0,24,,0,,,,,0,4,,0,,,,
2026-09-28,KODEX 미국AI테크TOP10타겟커버드콜,483280,여신,0,2,,0,,,,,0,1,,0,,,,
2026-09-28,KODEX 인도Nifty50,453810,여신,0,1,,0,,,,,0,0,,0,,,,
2026-09-28,TIGER 미국테크TOP10타겟커버드콜,474220,여신,0,1,,0,,,,,0,0,,0,,,,
2026-09-28,메가스터디,072870,여신,0,1,,0,,,,,0,2,,0,,,,
2026-09-28,PLUS 고배당주,161510,여신,0,4,,0,,,,,0,1,,0,,,,
2026-09-28,삼보모터스,053700,여신,0,4,,0,,,,,0,1,,0,,,,
2026-09-28,포스코엠텍,009520,여신,0,85,,0,,,,,2,39,,0,,,,
2026-09-28,경동인베스트,012320,여신,0,1,,0,,,,,1,1,,0,,,,
2026-09-28,다날,064260,여신,0,1,,0,,,,,0,0,,0,,,,
2026-09-28,안국약품,001540,여신,0,9,,0,,,,,0,2,,0,,,,
2026-09-28,TIGER 200,102110,여신,0,19,,0,,,,,0,6,,0,,,,
2026-09-28,대성홀딩스,016710,여신,0,7,,0,,,,,0,0,,0,,,,
2026-09-28,엔브이에이치코리아,067570,여신,0,1,,0,,,,,0,0,,0,,,,
2026-09-28,RISE 200,148020,여신,0,5,,0,,,,,0,0,,0,,,,
2026-09-28,더네이쳐홀딩스,298540,여신,0,0,,0,,,,,1,1,,0,,,,
2026-09-28,매커스,093520,여신,0,0,,0,,,,,0,1,,0,,,,
2026-09-28,인선이엔티,060150,여신,0,11,,0,,,,,0,3,,0,,,,
2026-09-28,칩스앤미디어,094360,여신,0,81,,0,,,,,3,25,,0,,,,
2026-09-28,LX하우시스,108670,여신,0,20,,0,,,,,0,10,,0,,,,
2026-09-28,TIME Korea플러스배당액티브,441800,여신,0,2,,0,,,,,0,0,,0,,,,
2026-09-28,삼목에스폼,018310,여신,0,6,,0,,,,,0,0,,0,,,,
2026-09-28,오리엔탈정공,014940,여신,0,27,,0,,,,,0,8,,0,,,,
2026-09-28,HS화성,002460,여신,0,1,,0,,,,,0,0,,0,,,,
2026-09-28,에스원,012750,여신,0,7,,0,,,,,0,1,,0,,,,
2026-09-28,SK우,03473K,여신,0,3,,0,,,,,0,3,,0,,,,
2026-09-28,켐트로스,220260,여신,0,3,,0,,,,,0,3,,0,,,,
2026-09-28,현대코퍼레이션홀딩스,227840,여신,0,3,,0,,,,,1,2,,0,,,,
2026-09-28,KPX홀딩스,092230,여신,0,2,,0,,,,,0,0,,0,,,,
2026-09-28,네오오토,212560,여신,0,32,,0,,,,,0,3,,0,,,,
2026-09-28,미원화학,134380,여신,0,1,,0,,,,,0,0,,0,,,,
2026-09-28,아이비김영,339950,여신,0,3,,0,,,,,0,1,,0,,,,
2026-09-28,KX,122450,여신,0,10,,0,,,,,2,2,,0,,,,
2026-09-28,아이디스,143160,여신,0,2,,0,,,,,1,3,,0,,,,
2026-09-28,우리기술투자,041190,여신,0,0,,0,,,,,0,1,,0,,,,
2026-09-28,KB발해인프라,415640,여신,0,1,,0,,,,,0,0,,0,,,,
2026-09-28,쿠쿠홀딩스,192400,여신,0,3,,0,,,,,0,0,,0,,,,
2026-09-28,HLB바이오스텝,278650,여신,0,1,,0,,,,,0,1,,0,,,,
2026-09-28,씨에스윈드,112610,여신,0,68,,0,,,,,4,29,,0,,,,
2026-09-28,코메론,049430,여신,0,3,,0,,,,,0,1,,0,,,,
2026-09-28,폴라리스오피스,041020,여신,0,14,,0,,,,,0,5,,0,,,,
2026-09-28,HS효성첨단소재,298050,여신,0,31,,0,,,,,9,14,,0,,,,
2026-09-28,TIGER 2차전지테마,305540,여신,0,11,,0,,,,,0,3,,0,,,,
2026-09-28,대덕,008060,여신,0,7,,0,,,,,0,6,,0,,,,
2026-09-28,미원에스씨,268280,여신,0,2,,0,,,,,0,1,,0,,,,
2026-09-28,서울옥션,063170,여신,0,1,,0,,,,,0,0,,0,,,,
2026-09-28,시지메드텍,056090,여신,0,4,,0,,,,,0,1,,0,,,,
2026-09-28,DSC인베스트먼트,241520,여신,0,20,,0,,,,,0,4,,0,,,,
2026-09-28,TIGER 미국30년국채커버드콜액티브(H),476550,여신,0,3,,0,,,,,0,0,,0,,,,
2026-09-28,삼화전기,009470,여신,0,22,,0,,,,,0,10,,0,,,,
2026-09-28,에이비엘바이오,298380,여신,0,0,,0,,,,,600,1,Y,0,,,,
2026-09-28,한솔제지,213500,여신,0,6,,0,,,,,0,1,,0,,,,
2026-09-28,한일홀딩스,003300,여신,0,5,,0,,,,,0,0,,0,,,,
2026-09-28,한화머시너리앤서비스홀딩스3우B,0220WL,여신,0,9,,0,,,,,0,3,,0,,,,
2026-09-28,DB,012030,여신,0,23,,0,,,,,3,14,,0,,,,
2026-09-28,신성이엔지,011930,여신,0,3,,0,,,,,0,4,,0,,,,
2026-09-28,유비쿼스홀딩스,078070,여신,0,9,,0,,,,,0,2,,0,,,,
2026-09-28,디와이파워,210540,여신,0,6,,0,,,,,0,2,,0,,,,
2026-09-28,유아이엘,049520,여신,0,4,,0,,,,,0,3,,0,,,,
2026-09-28,코스맥스엔비티,222040,여신,0,32,,0,,,,,0,7,,0,,,,
2026-09-28,한국알콜,017890,여신,0,5,,0,,,,,3,4,,0,,,,
2026-09-28,KODEX 미국반도체,390390,여신,0,2,,0,,,,,0,1,,0,,,,
2026-09-28,KODEX 코스닥150선물인버스,251340,여신,0,1,,0,,,,,0,0,,0,,,,
2026-09-28,LX홀딩스,383800,여신,0,9,,0,,,,,0,1,,0,,,,
2026-09-28,국전,307750,여신,0,1,,0,,,,,0,0,,0,,,,
2026-09-28,네오뷰,0218L0,여신,0,2,,0,,,,,0,0,,0,,,,
2026-09-28,롯데이노베이트,286940,여신,0,23,,0,,,,,0,7,,0,,,,
2026-09-28,미래에셋증권우,006805,여신,0,8,,0,,,,,0,0,,0,,,,
2026-09-28,삼양컴텍,484590,여신,0,17,,0,,,,,0,5,,0,,,,
2026-09-28,싸이닉솔루션,234030,여신,0,1,,0,,,,,0,2,,0,,,,
2026-09-28,웹케시,053580,여신,0,2,,0,,,,,0,0,,0,,,,
2026-09-28,잉글우드랩,950140,여신,0,7,,0,,,,,0,6,,0,,,,
2026-09-28,제일일렉트릭,199820,여신,0,25,,0,,,,,0,12,,0,,,,
2026-09-28,TIGER 코스피,277630,여신,0,3,,0,,,,,0,1,,0,,,,
2026-09-28,KODEX 자동차,091180,여신,0,3,,0,,,,,0,2,,0,,,,
2026-09-28,TIGER 200 중공업,139230,여신,0,1,,0,,,,,0,0,,0,,,,
2026-09-28,월덱스,101160,여신,0,21,,0,,,,,0,4,,0,,,,
2026-09-28,ACE 미국30년국채액티브(H),453850,여신,0,1,,0,,,,,0,0,,0,,,,
2026-09-28,KoAct 미국나스닥성장기업액티브,0015B0,여신,0,3,,0,,,,,0,0,,0,,,,
2026-09-28,금양,001570,여신,0,2,,0,,,,,0,0,,0,,,,
2026-09-28,롯데정밀화학,004000,여신,0,44,,0,,,,,0,11,,0,,,,
2026-09-28,서울가스,017390,여신,0,13,,0,,,,,0,1,,0,,,,
2026-09-28,우주일렉트로,065680,여신,0,5,,0,,,,,1,1,,0,,,,
2026-09-28,KODEX 단기채권PLUS,214980,여신,0,1,,0,,,,,0,0,,0,,,,
2026-09-28,TIGER 코리아휴머노이드로봇산업,0148J0,여신,0,28,,0,,,,,0,6,,0,,,,
2026-09-28,경동도시가스,267290,여신,0,1,,0,,,,,0,0,,0,,,,
2026-09-28,지니언스,263860,여신,0,49,,0,,,,,1,5,,0,,,,
2026-09-28,코미코,183300,여신,0,10,,0,,,,,0,0,,0,,,,
2026-09-28,신라교역,004970,여신,0,2,,0,,,,,0,0,,0,,,,
2026-09-28,KCC건설,021320,여신,0,2,,0,,,,,0,0,,0,,,,
2026-09-28,TIME 글로벌AI인공지능액티브,456600,여신,0,2,,0,,,,,0,0,,0,,,,
2026-09-28,세경하이테크,148150,여신,0,10,,0,,,,,0,3,,0,,,,
2026-09-28,영원무역,111770,여신,0,23,,0,,,,,0,5,,0,,,,
2026-09-28,한국석유,004090,여신,0,42,,0,,,,,0,9,,0,,,,
2026-09-28,NICE,034310,여신,0,1,,0,,,,,80,2,,0,,,,
2026-09-28,삼성물산우B,02826K,여신,0,5,,0,,,,,3,4,,0,,,,
2026-09-28,JTC,950170,여신,0,4,,0,,,,,0,0,,0,,,,
2026-09-28,JW신약,067290,여신,0,3,,0,,,,,0,1,,0,,,,
2026-09-28,RISE 200TR,361580,여신,0,2,,0,,,,,0,0,,0,,,,
2026-09-28,대양전기공업,108380,여신,0,8,,0,,,,,1,3,,0,,,,
2026-09-28,이랜시스,264850,여신,0,75,,0,,,,,0,21,,0,,,,
2026-09-28,지역난방공사,071320,여신,0,6,,0,,,,,0,2,,0,,,,
2026-09-28,케이티알파,036030,여신,0,12,,0,,,,,0,4,,0,,,,
2026-09-28,ACE AI반도체TOP3+,469150,여신,0,5,,0,,,,,0,1,,0,,,,
2026-09-28,KODEX 미국우주항공,0167Z0,여신,0,11,,0,,,,,0,0,,0,,,,
2026-09-28,KODEX 삼성전자채권혼합,448330,여신,0,2,,0,,,,,0,0,,0,,,,
2026-09-28,KZ정밀,036560,여신,0,14,,0,,,,,0,4,,0,,,,
2026-09-28,지아이이노베이션,358570,여신,0,0,,0,,,,,64,1,Y,0,,,,
2026-09-28,한일시멘트,300720,여신,0,31,,0,,,,,0,12,,0,,,,
2026-09-28,네패스아크,330860,여신,0,43,,0,,,,,0,7,,0,,,,
2026-09-28,듀켐바이오,176750,여신,0,17,,0,,,,,25,6,,0,,,,
2026-09-28,케이씨,029460,여신,0,12,,0,,,,,0,6,,0,,,,
2026-09-28,클리오,237880,여신,0,34,,0,,,,,2,11,,0,,,,
2026-09-28,KODEX 미국S&P500(H),449180,여신,0,0,,0,,,,,0,1,,0,,,,
2026-09-28,LS증권,078020,여신,0,5,,0,,,,,0,4,,0,,,,
2026-09-28,멀티캠퍼스,067280,여신,0,4,,0,,,,,0,1,,0,,,,
2026-09-28,메쎄이상,408920,여신,0,1,,0,,,,,0,0,,0,,,,
2026-09-28,세아홀딩스,058650,여신,0,3,,0,,,,,1,1,,0,,,,
2026-09-28,케이에스피,073010,여신,0,1,,0,,,,,0,2,,0,,,,
2026-09-28,코리아에프티,123410,여신,0,7,,0,,,,,0,1,,0,,,,
2026-09-28,ACE 미국배당다우존스,402970,여신,0,1,,0,,,,,0,0,,0,,,,
2026-09-28,TIGER K방산&우주,463250,여신,0,25,,0,,,,,2,4,,0,,,,
2026-09-28,TIGER 미국30년국채스트립액티브(합성 H),458250,여신,0,1,,0,,,,,0,0,,0,,,,
2026-09-28,TIGER 미국나스닥100타겟데일리커버드콜,486290,여신,0,5,,0,,,,,1,1,,0,,,,
2026-09-28,경동제약,011040,여신,0,2,,0,,,,,0,0,,0,,,,
2026-09-28,네오티스,085910,여신,0,18,,0,,,,,0,2,,0,,,,
2026-09-28,한양증권,001750,여신,0,4,,0,,,,,0,0,,0,,,,
2026-09-28,GKL,114090,여신,0,12,,0,,,,,0,9,,0,,,,
2026-09-28,NICE인프라,063570,여신,0,12,,0,,,,,0,1,,0,,,,
2026-09-28,SKC,011790,여신,0,0,,0,,,,,0,1,,0,,,,
2026-09-28,동화약품,000020,여신,0,2,,0,,,,,0,1,,0,,,,
2026-09-28,메디아나,041920,여신,0,10,,0,,,,,0,5,,0,,,,
2026-09-28,아시아나IDT,267850,여신,0,14,,0,,,,,0,2,,0,,,,
2026-09-28,애경산업,018250,여신,0,34,,0,,,,,0,7,,0,,,,
2026-09-28,RISE 200위클리커버드콜,475720,여신,0,9,,0,,,,,0,0,,0,,,,
2026-09-28,TIGER 차이나항셍테크,371160,여신,0,4,,0,,,,,0,0,,0,,,,
2026-09-28,롯데하이마트,071840,여신,0,1,,0,,,,,0,0,,0,,,,
2026-09-28,솔브레인홀딩스,036830,여신,0,32,,0,,,,,1,17,,0,,,,
2026-09-28,에이치엠넥스,036170,여신,0,13,,0,,,,,0,2,,0,,,,
2026-09-28,티쓰리,204610,여신,0,1,,0,,,,,0,0,,0,,,,
2026-09-28,KIWOOM 미국양자컴퓨팅,498270,여신,0,2,,0,,,,,0,0,,0,,,,
2026-09-28,LG헬로비전,037560,여신,0,25,,0,,,,,2,3,Y,0,,,,
2026-09-28,농심홀딩스,072710,여신,0,17,,0,,,,,1,7,,0,,,,
2026-09-28,신성에스티,416180,여신,0,34,,0,,,,,0,13,,0,,,,
2026-09-28,아셈스,136410,여신,0,0,,0,,,,,3,1,Y,0,,,,
2026-09-28,삼성전자,005930,주식,133008,712229,,,,,,,108551,143723,,,,,,
2026-09-28,SK하이닉스,000660,주식,79522,322972,,,,,,,60270,65210,,,,,,
2026-09-28,삼성전자우,005935,주식,21964,128093,,,,,,,13925,29044,,,,,,
2026-09-28,TIGER 미국S&P500,360750,주식,13040,310226,,,,,,,2246,31441,,,,,,
2026-09-28,현대차,005380,주식,12092,185685,,,,,,,11331,39290,,,,,,
2026-09-28,두산에너빌리티,034020,주식,8813,133177,,,,,,,6029,31617,,,,,,
2026-09-28,삼성전기,009150,주식,8723,53263,,,,,,,8305,15899,,,,,,
2026-09-28,KODEX 200,069500,주식,7293,106373,,,,,,,2894,18130,,,,,,
2026-09-28,NAVER,035420,주식,6929,119721,,,,,,,2582,22477,,,,,,
2026-09-28,KODEX 미국S&P500,379800,주식,6841,179302,,,,,,,1177,17528,,,,,,
2026-09-28,KODEX 미국나스닥100,379810,주식,6768,166247,,,,,,,1114,16656,,,,,,
2026-09-28,TIGER 미국나스닥100,133690,주식,6453,103272,,,,,,,1483,13004,,,,,,
2026-09-28,삼성SDI,006400,주식,6039,53978,,,,,,,4503,16731,,,,,,
2026-09-28,POSCO홀딩스,005490,주식,5474,56347,,,,,,,3680,18191,,,,,,
2026-09-28,LG전자,066570,주식,4282,76494,,,,,,,2738,18239,,,,,,
2026-09-28,셀트리온,068270,주식,4095,35519,,,,,,,11317,10454,,,,,,
2026-09-28,SK스퀘어,402340,주식,3988,29708,,,,,,,2930,7369,,,,,,
2026-09-28,KODEX 200타겟위클리커버드콜,498400,주식,3892,38636,,,,,,,1243,6715,,,,,,
2026-09-28,알테오젠,196170,주식,3793,27566,,,,,,,11647,7040,,,,,,
2026-09-28,카카오,035720,주식,3790,151612,,,,,,,1532,23823,,,,,,
2026-09-28,ACE 미국S&P500,360200,주식,3494,68868,,,,,,,740,9215,,,,,,
2026-09-28,TIGER 미국배당다우존스,458730,주식,3339,102486,,,,,,,507,8639,,,,,,
2026-09-28,KODEX 레버리지,122630,주식,3164,8922,,,,,,,1265,2025,,,,,,
2026-09-28,ACE 미국나스닥100,367380,주식,2994,56372,,,,,,,696,7747,,,,,,
2026-09-28,한화오션,042660,주식,2956,61465,,,,,,,1661,14363,,,,,,
2026-09-28,에코프로,086520,주식,2857,45314,,,,,,,1811,12180,,,,,,
2026-09-28,한미반도체,042700,주식,2829,44321,,,,,,,1407,9397,,,,,,
2026-09-28,LG에너지솔루션,373220,주식,2691,36817,,,,,,,1230,10040,,,,,,
2026-09-28,LS ELECTRIC,010120,주식,2687,40070,,,,,,,1620,9812,,,,,,
2026-09-28,TIGER 미국필라델피아반도체나스닥,381180,주식,2631,34478,,,,,,,1147,7067,,,,,,
2026-09-28,삼성중공업,010140,주식,2526,81797,,,,,,,2145,16393,,,,,,
2026-09-28,TIGER 200,102110,주식,2365,28363,,,,,,,713,4832,,,,,,
2026-09-28,현대모비스,012330,주식,2192,35066,,,,,,,1492,9794,,,,,,
2026-09-28,에코프로비엠,247540,주식,2181,41058,,,,,,,1095,10931,,,,,,
2026-09-28,TIGER 반도체TOP10,396500,주식,2100,67003,,,,,,,1217,11936,,,,,,
2026-09-28,ACE KRX금현물,411060,주식,2012,77525,,,,,,,496,9826,,,,,,
2026-09-28,한화에어로스페이스,012450,주식,1899,17822,,,,,,,1527,4016,,,,,,
2026-09-28,KODEX 코스닥150레버리지,233740,주식,1870,14137,,,,,,,596,3144,,,,,,
2026-09-28,SK텔레콤,017670,주식,1856,33097,,,,,,,1003,7002,,,,,,
2026-09-28,SK,034730,주식,1854,9800,,,,,,,5975,3546,,,,,,
2026-09-28,기아,000270,주식,1854,41589,,,,,,,1366,9919,,,,,,
2026-09-28,SOL AI반도체TOP2플러스,0167A0,주식,1839,58772,,,,,,,756,7799,,,,,,
2026-09-28,포스코퓨처엠,003670,주식,1771,26245,,,,,,,1234,8542,,,,,,
2026-09-28,HLB,028300,주식,1756,17022,,,,,,,2200,4099,,,,,,
2026-09-28,한국전력,015760,주식,1727,51906,,,,,,,1139,15593,,,,,,
2026-09-28,PLUS 고배당주,161510,주식,1715,43976,,,,,,,377,5207,,,,,,
2026-09-28,HD현대중공업,329180,주식,1654,45486,,,,,,,1022,12042,,,,,,
2026-09-28,현대차2우B,005387,주식,1623,21604,,,,,,,550,3662,,,,,,
2026-09-28,TIGER 배당커버드콜액티브,472150,주식,1610,17921,,,,,,,497,3267,,,,,,
2026-09-28,TIGER 미국테크TOP10 INDXX,381170,주식,1609,28318,,,,,,,617,5426,,,,,,
2026-09-28,KODEX CD금리액티브(합성),459580,주식,1562,6100,,,,,,,294,937,,,,,,
2026-09-28,KODEX 미국배당커버드콜액티브,441640,주식,1524,31890,,,,,,,316,3879,,,,,,
2026-09-28,LG이노텍,011070,주식,1521,21640,,,,,,,761,5589,,,,,,
2026-09-28,삼성물산,028260,주식,1513,11566,,,,,,,1835,5248,,,,,,
2026-09-28,대한항공,003490,주식,1512,45187,,,,,,,1073,8508,,,,,,
2026-09-28,우리금융지주,316140,주식,1509,40248,,,,,,,839,5414,,,,,,
2026-09-28,맥쿼리인프라,088980,주식,1464,22628,,,,,,,883,3815,,,,,,
2026-09-28,SK이노베이션,096770,주식,1460,25021,,,,,,,1084,7070,,,,,,
2026-09-28,KODEX 코스닥150,229200,주식,1401,51221,,,,,,,927,10687,,,,,,
2026-09-28,LG화학,051910,주식,1364,23575,,,,,,,869,6897,,,,,,
2026-09-28,한국항공우주,047810,주식,1356,18968,,,,,,,871,4324,,,,,,
2026-09-28,TIGER 미국나스닥100타겟데일리커버드콜,486290,주식,1336,22542,,,,,,,332,3375,,,,,,
2026-09-28,한화솔루션,009830,주식,1277,33574,,,,,,,611,7360,,,,,,
2026-09-28,KODEX 머니마켓액티브,488770,주식,1274,7050,,,,,,,312,1034,,,,,,
2026-09-28,한화시스템,272210,주식,1272,28991,,,,,,,673,5766,,,,,,
2026-09-28,주성엔지니어링,036930,주식,1253,11267,,,,,,,1125,3525,,,,,,
2026-09-28,펩트론,087010,주식,1212,6820,,,,,,,612,1466,,,,,,
2026-09-28,효성중공업,298040,주식,1181,8231,,,,,,,2161,2724,,,,,,
2026-09-28,KODEX AI전력핵심설비,487240,주식,1176,37890,,,,,,,547,7619,,,,,,
2026-09-28,레인보우로보틱스,277810,주식,1175,18654,,,,,,,742,5109,,,,,,
2026-09-28,현대건설,000720,주식,1151,22322,,,,,,,974,7592,,,,,,
2026-09-28,미래에셋증권,006800,주식,1142,54572,,,,,,,817,9789,,,,,,
2026-09-28,HMM,011200,주식,1138,35017,,,,,,,625,5435,,,,,,
2026-09-28,HD현대일렉트릭,267260,주식,1128,14079,,,,,,,834,3573,,,,,,
2026-09-28,KODEX AI반도체TOP2플러스,395160,주식,1119,26402,,,,,,,594,5193,,,,,,
2026-09-28,LG씨엔에스,064400,주식,1109,26297,,,,,,,528,5428,,,,,,
2026-09-28,엘앤에프,066970,주식,1088,20377,,,,,,,648,5521,,,,,,
2026-09-28,이수페타시스,007660,주식,1082,16074,,,,,,,610,4388,,,,,,
2026-09-28,KODEX 반도체,091160,주식,1079,19372,,,,,,,949,5153,,,,,,
2026-09-28,KODEX SK하이닉스단일종목레버리지,0193T0,주식,1060,9888,,,,,,,356,1300,,,,,,
2026-09-28,TIME 미국나스닥100액티브,426030,주식,1049,18594,,,,,,,350,3311,,,,,,
2026-09-28,나노솔루션,238540,주식,1047,4,,,,,,,0,0,,,,,,
2026-09-28,카카오뱅크,323410,주식,1047,107928,,,,,,,376,15500,,,,,,
2026-09-28,대우건설,047040,주식,1046,75670,,,,,,,452,7248,,,,,,
2026-09-28,대한전선,001440,주식,1026,35620,,,,,,,532,7656,,,,,,
2026-09-28,삼성에스디에스,018260,주식,1005,15361,,,,,,,644,4367,,,,,,
2026-09-28,하이브,352820,주식,996,22019,,,,,,,481,5573,,,,,,
2026-09-28,삼성바이오로직스,207940,주식,975,8167,,,,,,,1337,3295,,,,,,
2026-09-28,현대로템,064350,주식,963,21652,,,,,,,677,5191,,,,,,
2026-09-28,HD한국조선해양,009540,주식,928,8728,,,,,,,1176,2917,,,,,,
2026-09-28,KB금융,105560,주식,909,14687,,,,,,,911,4458,,,,,,
2026-09-28,대한광통신,010170,주식,906,27267,,,,,,,579,6159,,,,,,
2026-09-28,RISE 미국나스닥100,368590,주식,897,15347,,,,,,,130,1676,,,,,,
2026-09-28,하나금융지주,086790,주식,881,13463,,,,,,,440,3266,,,,,,
2026-09-28,삼천당제약,000250,주식,873,8743,,,,,,,381,2298,,,,,,
2026-09-28,현대차우,005385,주식,851,13209,,,,,,,640,3610,,,,,,
2026-09-28,로보티즈,108490,주식,850,13399,,,,,,,479,4038,,,,,,
2026-09-28,두산로보틱스,454910,주식,850,56894,,,,,,,399,12351,,,,,,
2026-09-28,삼성E&A,028050,주식,842,17877,,,,,,,652,4878,,,,,,
2026-09-28,SKC,011790,주식,842,19430,,,,,,,472,5241,,,,,,
2026-09-28,제주반도체,080220,주식,813,13979,,,,,,,307,2973,,,,,,
2026-09-28,ACE 글로벌반도체TOP4 Plus,446770,주식,797,12601,,,,,,,475,3421,,,,,,
2026-09-28,KODEX 미국나스닥100데일리커버드콜OTM,494300,주식,797,12591,,,,,,,201,2167,,,,,,
2026-09-28,우리기술,032820,주식,795,25167,,,,,,,440,5562,,,,,,
2026-09-28,기업은행,024110,주식,785,21324,,,,,,,404,3149,,,,,,
2026-09-28,LIG디펜스앤에어로스페이스,079550,주식,783,8321,,,,,,,513,2354,,,,,,
2026-09-28,KODEX 삼성전자단일종목레버리지,0193W0,주식,772,6727,,,,,,,226,1034,,,,,,
2026-09-28,KODEX 200TR,278530,주식,772,11747,,,,,,,217,1966,,,,,,
2026-09-28,TIGER 미국나스닥100레버리지(합성),418660,주식,764,7133,,,,,,,53,457,,,,,,
2026-09-28,한국금융지주,071050,주식,759,13159,,,,,,,23526,4263,,,,,,
2026-09-28,현대글로비스,086280,주식,757,11534,,,,,,,396,2875,,,,,,
2026-09-28,ACE 미국배당다우존스,402970,주식,754,21983,,,,,,,152,2581,,,,,,
2026-09-28,TIGER 리츠부동산인프라,329200,주식,754,15424,,,,,,,268,2268,,,,,,
2026-09-28,삼성생명,032830,주식,718,6476,,,,,,,894,4482,,,,,,
2026-09-28,유한양행,000100,주식,714,14180,,,,,,,1426,3269,,,,,,
2026-09-28,심텍,222800,주식,698,6877,,,,,,,490,2480,,,,,,
2026-09-28,RISE 미국S&P500,379780,주식,688,14321,,,,,,,75,1332,,,,,,
2026-09-28,LS,006260,주식,679,6793,,,,,,,437,1990,,,,,,
2026-09-28,현대오토에버,307950,주식,672,11700,,,,,,,420,2995,,,,,,
2026-09-28,ACE 미국빅테크TOP7 Plus,465580,주식,671,18010,,,,,,,203,2854,,,,,,
2026-09-28,에이비엘바이오,298380,주식,667,14721,,,,,,,7079,4129,,,,,,
2026-09-28,SOL 미국배당다우존스,446720,주식,660,18157,,,,,,,110,1761,,,,,,
2026-09-28,메지온,140410,주식,645,2620,,,,,,,758,685,,,,,,
2026-09-28,TIGER 미국우주테크,0183J0,주식,643,53203,,,,,,,137,5352,,,,,,
2026-09-28,두산,000150,주식,642,3988,,,,,,,837,1460,,,,,,
2026-09-28,대덕전자,353200,주식,641,10296,,,,,,,423,3036,,,,,,
2026-09-28,TIGER 은행고배당플러스TOP10,466940,주식,637,18992,,,,,,,117,1967,,,,,,
2026-09-28,KODEX 미국반도체,390390,주식,630,11479,,,,,,,229,2072,,,,,,
2026-09-28,HPSP,403870,주식,626,14197,,,,,,,286,3431,,,,,,
2026-09-28,LG디스플레이,034220,주식,616,34351,,,,,,,356,6049,,,,,,
2026-09-28,RISE 미국AI밸류체인데일리고정커버드콜,490590,주식,613,9898,,,,,,,159,1465,,,,,,
2026-09-28,리노공업,058470,주식,608,15310,,,,,,,7018,4369,,,,,,
2026-09-28,TIGER SK하이닉스단일종목레버리지,0195S0,주식,606,6914,,,,,,,144,904,,,,,,
2026-09-28,아이엠바이오로직스,493280,주식,593,11242,,,,,,,43,1649,,,,,,
2026-09-28,한화엔진,082740,주식,593,12265,,,,,,,407,4108,,,,,,
2026-09-28,산일전기,062040,주식,591,9891,,,,,,,276,3230,,,,,,
2026-09-28,KODEX 금융고배당TOP10타겟위클리커버드콜,498410,주식,577,10420,,,,,,,186,1648,,,,,,
2026-09-28,KODEX 코스피100,237350,주식,573,11592,,,,,,,147,1640,,,,,,
2026-09-28,KT&G,033780,주식,564,11000,,,,,,,322,3895,,,,,,
2026-09-28,SK바이오팜,326030,주식,549,14104,,,,,,,322,5186,,,,,,
2026-09-28,리가켐바이오,141080,주식,548,6705,,,,,,,1966,2159,,,,,,
2026-09-28,삼성증권,016360,주식,548,10951,,,,,,,475,3534,,,,,,
2026-09-28,하나마이크론,067310,주식,543,7435,,,,,,,242,1962,,,,,,
2026-09-28,RISE 200위클리커버드콜,475720,주식,540,7603,,,,,,,185,1251,,,,,,
2026-09-28,OCI홀딩스,010060,주식,538,7483,,,,,,,412,2576,,,,,,
2026-09-28,에이피알,278470,주식,533,6784,,,,,,,538,2713,,,,,,
2026-09-28,디앤디파마텍,347850,주식,529,9448,,,,,,,4375,2270,,,,,,
2026-09-28,CJ제일제당,097950,주식,528,7607,,,,,,,181,1446,,,,,,
2026-09-28,KODEX 200커버드콜액티브,0219E0,주식,523,6377,,,,,,,155,1357,,,,,,
2026-09-28,KODEX 은선물(H),144600,주식,519,20082,,,,,,,227,3283,,,,,,
2026-09-28,TIGER 미국배당다우존스타겟커버드콜2호,458760,주식,507,10875,,,,,,,115,1470,,,,,,
2026-09-28,에스피지,058610,주식,505,10569,,,,,,,278,2814,,,,,,
2026-09-28,올릭스,226950,주식,502,3741,,,,,,,269,1420,,,,,,
2026-09-28,포스코인터내셔널,047050,주식,496,10366,,,,,,,276,2721,,,,,,
2026-09-28,태성,323280,주식,491,5025,,,,,,,221,1343,,,,,,
2026-09-28,두산퓨얼셀,336260,주식,490,13539,,,,,,,690,3149,,,,,,
2026-09-28,네이처셀,007390,주식,489,3196,,,,,,,298,937,,,,,,
2026-09-28,SOL 200타겟위클리커버드콜,0167B0,주식,484,5410,,,,,,,122,818,,,,,,
2026-09-28,카카오페이,377300,주식,484,52090,,,,,,,174,11055,,,,,,
2026-09-28,KODEX 미국배당다우존스,489250,주식,483,18758,,,,,,,74,1643,,,,,,
2026-09-28,메리츠금융지주,138040,주식,482,3508,,,,,,,864,852,,,,,,
2026-09-28,KODEX 한국부동산리츠인프라,476800,주식,481,12897,,,,,,,100,1234,,,,,,
2026-09-28,일진전기,103590,주식,480,10388,,,,,,,296,3036,,,,,,
2026-09-28,KODEX 반도체레버리지,494310,주식,478,3214,,,,,,,212,610,,,,,,
2026-09-28,TIME Korea플러스배당액티브,441800,주식,474,7703,,,,,,,156,1523,,,,,,
2026-09-28,KODEX 미국AI전력핵심인프라,487230,주식,474,21646,,,,,,,186,3948,,,,,,
2026-09-28,신한지주,055550,주식,473,8525,,,,,,,710,2845,,,,,,
2026-09-28,RISE 200,148020,주식,464,4372,,,,,,,62,593,,,,,,
2026-09-28,SOL 코리아고배당,0105E0,주식,462,8259,,,,,,,93,1106,,,,,,
2026-09-28,HD건설기계,267270,주식,461,7774,,,,,,,319,3327,,,,,,
2026-09-28,ACE 미국30년국채액티브(H),453850,주식,460,13232,,,,,,,217,2331,,,,,,
2026-09-28,JYP Ent.,035900,주식,457,14360,,,,,,,118,2277,,,,,,
2026-09-28,현대제철,004020,주식,457,13366,,,,,,,2507,4129,,,,,,
2026-09-28,KT,030200,주식,456,10270,,,,,,,707,4847,,,,,,
2026-09-28,TIGER KRX금현물,0072R0,주식,452,24963,,,,,,,111,2966,,,,,,
2026-09-28,RISE 미국테크100데일리고정커버드콜,491620,주식,451,7262,,,,,,,80,898,,,,,,
2026-09-28,PLUS 글로벌HBM반도체,442580,주식,450,9221,,,,,,,218,1675,,,,,,
2026-09-28,원익홀딩스,030530,주식,447,9561,,,,,,,234,2507,,,,,,
2026-09-28,삼성에피스홀딩스,0126Z0,주식,439,6260,,,,,,,782,3053,,,,,,
2026-09-28,TIGER 반도체TOP10커버드콜액티브,0177R0,주식,434,8487,,,,,,,140,1688,,,,,,
2026-09-28,TIGER 삼성전자단일종목레버리지,0195R0,주식,431,4358,,,,,,,141,619,,,,,,
2026-09-28,한미약품,128940,주식,430,4224,,,,,,,388,1520,,,,,,
2026-09-28,NC,036570,주식,425,8808,,,,,,,148,1538,,,,,,
2026-09-28,TIGER CD금리투자KIS(합성),357870,주식,424,4156,,,,,,,122,719,,,,,,
2026-09-28,원익IPS,240810,주식,423,9199,,,,,,,282,2715,,,,,,
2026-09-28,이수스페셜티케미컬,457190,주식,422,6908,,,,,,,236,1959,,,,,,
2026-09-28,TIGER 미국필라델피아AI반도체나스닥,497570,주식,421,10819,,,,,,,145,2011,,,,,,
2026-09-28,비에이치아이,083650,주식,419,7580,,,,,,,1797,2522,,,,,,
2026-09-28,KODEX 2차전지산업레버리지,462330,주식,417,3455,,,,,,,94,670,,,,,,
2026-09-28,한전기술,052690,주식,416,8640,,,,,,,307,2401,,,,,,
2026-09-28,TIGER 코리아AI전력기기TOP3플러스,0117V0,주식,416,16519,,,,,,,189,3113,,,,,,
2026-09-28,HD현대,267250,주식,415,5426,,,,,,,422,1872,,,,,,
2026-09-28,LG생활건강,051900,주식,414,8472,,,,,,,217,1747,,,,,,
2026-09-28,코스모신소재,005070,주식,412,11001,,,,,,,218,2997,,,,,,
2026-09-28,KODEX 200선물인버스2X,252670,주식,410,7018,,,,,,,77,1085,,,,,,
2026-09-28,파두,440110,주식,407,8936,,,,,,,362,2091,,,,,,
2026-09-28,DB하이텍,000990,주식,406,7061,,,,,,,335,2269,,,,,,
2026-09-28,GS건설,006360,주식,404,11450,,,,,,,281,3056,,,,,,
2026-09-28,TIME 글로벌AI인공지능액티브,456600,주식,401,6244,,,,,,,295,2346,,,,,,
2026-09-28,TIGER 코리아TOP10,292150,주식,399,9611,,,,,,,187,2013,,,,,,
2026-09-28,DL이앤씨,375500,주식,398,8776,,,,,,,249,2367,,,,,,
2026-09-28,강원랜드,035250,주식,397,9681,,,,,,,128,2449,,,,,,
2026-09-28,펄어비스,263750,주식,396,8803,,,,,,,8184,1293,,,,,,
2026-09-28,에코프로머티,450080,주식,396,10636,,,,,,,197,2706,,,,,,
2026-09-28,아모레퍼시픽,090430,주식,394,8928,,,,,,,247,2202,,,,,,
2026-09-28,LG,003550,주식,390,10380,,,,,,,197,2116,,,,,,
2026-09-28,SOL 조선TOP3플러스,466920,주식,385,11206,,,,,,,179,2839,,,,,,
2026-09-28,현대무벡스,319400,주식,384,15961,,,,,,,154,3033,,,,,,
2026-09-28,KODEX 2차전지산업,305720,주식,372,18418,,,,,,,202,3926,,,,,,
2026-09-28,풍산,103140,주식,368,10020,,,,,,,147,2034,,,,,,
2026-09-28,포스코DX,022100,주식,367,14986,,,,,,,205,3575,,,,,,
2026-09-28,테크윙,089030,주식,363,7933,,,,,,,2315,2845,,,,,,
2026-09-28,RISE 머니마켓액티브,455890,주식,363,1745,,,,,,,64,234,,,,,,
2026-09-28,삼양식품,003230,주식,362,3900,,,,,,,1113,1404,,,,,,
2026-09-28,TIGER 미국S&P500타겟데일리커버드콜,482730,주식,361,8632,,,,,,,89,1277,,,,,,
2026-09-28,삼화콘덴서,001820,주식,361,5718,,,,,,,2657,1628,,,,,,
2026-09-28,SK이터닉스,475150,주식,360,9900,,,,,,,139,1919,,,,,,
2026-09-28,씨젠,096530,주식,358,8306,,,,,,,146,1694,,,,,,
2026-09-28,호텔신라,008770,주식,358,12690,,,,,,,236,2870,,,,,,
2026-09-28,고려아연,010130,주식,357,4352,,,,,,,2120,1058,,,,,,
2026-09-28,삼성전기우,009155,주식,351,4945,,,,,,,434,1314,,,,,,
2026-09-28,KODEX 미국성장커버드콜액티브,0144L0,주식,350,8438,,,,,,,73,1181,,,,,,
2026-09-28,SK바이오사이언스,302440,주식,345,30589,,,,,,,142,10624,,,,,,
2026-09-28,한온시스템,018880,주식,344,34792,,,,,,,117,2593,,,,,,
2026-09-28,HANARO Fn K-반도체,395270,주식,338,5477,,,,,,,266,1327,,,,,,
2026-09-28,파마리서치,214450,주식,337,4794,,,,,,,183,1563,,,,,,
2026-09-28,HL만도,204320,주식,336,13019,,,,,,,195,2992,,,,,,
2026-09-28,동진쎄미켐,005290,주식,336,6469,,,,,,,273,1997,,,,,,
2026-09-28,이마트,139480,주식,333,10208,,,,,,,149,1749,,,,,,
2026-09-28,현대엘리베이터,017800,주식,333,6758,,,,,,,154,1367,,,,,,
2026-09-28,고영,098460,주식,328,8058,,,,,,,326,2480,,,,,,
2026-09-28,KODEX 코스피,226490,주식,327,8154,,,,,,,95,945,,,,,,
2026-09-28,한화,000880,주식,327,4977,,,,,,,249,1371,,,,,,
2026-09-28,롯데에너지머티리얼즈,020150,주식,327,6932,,,,,,,205,1898,,,,,,
2026-09-28,성호전자,043260,주식,326,7895,,,,,,,101,2067,,,,,,
2026-09-28,한화비전,489790,주식,324,9644,,,,,,,178,2289,,,,,,
2026-09-28,휴림로봇,090710,주식,321,27587,,,,,,,115,4836,,,,,,
2026-09-28,S-Oil,010950,주식,319,4240,,,,,,,274,1141,,,,,,
2026-09-28,KIWOOM 200TR,294400,주식,318,2137,,,,,,,61,435,,,,,,
2026-09-28,씨에스윈드,112610,주식,317,7141,,,,,,,113,1294,,,,,,
2026-09-28,보로노이,310210,주식,315,2423,,,,,,,986,728,,,,,,
2026-09-28,KODEX 미국빅테크10(H),314250,주식,313,6137,,,,,,,166,1660,,,,,,
2026-09-28,삼성화재우,000815,주식,310,2409,,,,,,,165,625,,,,,,
2026-09-28,KODEX 인버스,114800,주식,308,6435,,,,,,,37,795,,,,,,
2026-09-28,KODEX 미국AI테크TOP10타겟커버드콜,483280,주식,307,8339,,,,,,,90,1232,,,,,,
2026-09-28,TIGER 반도체TOP10레버리지,488080,주식,306,2794,,,,,,,129,546,,,,,,
2026-09-28,스피어,347700,주식,304,11765,,,,,,,156,2185,,,,,,
2026-09-28,PLUS 고배당주위클리커버드콜,489030,주식,303,6865,,,,,,,63,851,,,,,,
2026-09-28,서진시스템,178320,주식,303,7133,,,,,,,679,1944,,,,,,
2026-09-28,RFHIC,218410,주식,298,6603,,,,,,,150,1685,,,,,,
2026-09-28,KoAct 미국나스닥성장기업액티브,0015B0,주식,294,6582,,,,,,,78,1040,,,,,,
2026-09-28,TIGER 차이나전기차SOLACTIVE,371460,주식,294,11499,,,,,,,157,3255,,,,,,
2026-09-28,TIGER 미국테크TOP10타겟커버드콜,474220,주식,292,6457,,,,,,,64,909,,,,,,
2026-09-28,한올바이오파마,009420,주식,288,2638,,,,,,,270,1459,,,,,,
2026-09-28,대주전자재료,078600,주식,287,7339,,,,,,,255,2025,,,,,,
2026-09-28,큐리옥스바이오시스템즈,445680,주식,286,1709,,,,,,,94,356,,,,,,
2026-09-28,LG전자우,066575,주식,286,9289,,,,,,,208,2131,,,,,,
2026-09-28,대원전선,006340,주식,282,11117,,,,,,,123,2362,,,,,,
2026-09-28,SOL 초단기채권액티브,469830,주식,281,1726,,,,,,,44,211,,,,,,
2026-09-28,HD현대마린엔진,071970,주식,279,5688,,,,,,,134,1623,,,,,,
2026-09-28,크래프톤,259960,주식,279,4208,,,,,,,166,1073,,,,,,
2026-09-28,현대차3우B,005389,주식,278,3008,,,,,,,74,507,,,,,,
2026-09-28,롯데케미칼,011170,주식,276,8032,,,,,,,188,2212,,,,,,
2026-09-28,KODEX 로봇액티브,445290,주식,276,13415,,,,,,,159,3081,,,,,,
2026-09-28,TIGER 미국30년국채커버드콜액티브(H),476550,주식,275,4568,,,,,,,116,899,,,,,,
2026-09-28,롯데렌탈,089860,주식,274,41436,,,,,,,133,7764,,,,,,
2026-09-28,한전KPS,051600,주식,271,6368,,,,,,,147,2053,,,,,,
2026-09-28,셀트리온제약,068760,주식,270,8567,,,,,,,178,2286,,,,,,
2026-09-28,TIGER 미국배당다우존스타겟데일리커버드콜,0008S0,주식,267,7777,,,,,,,56,776,,,,,,
2026-09-28,가온전선,000500,주식,266,3745,,,,,,,243,937,,,,,,
2026-09-28,한국금융지주우,071055,주식,266,1947,,,,,,,279,651,,,,,,
2026-09-28,루닛,328130,주식,264,7242,,,,,,,469,1821,,,,,,
2026-09-28,금호석유화학,011780,주식,264,5738,,,,,,,204,2030,,,,,,
2026-09-28,신세계,004170,주식,263,3607,,,,,,,108,909,,,,,,
2026-09-28,TIGER 코리아휴머노이드로봇산업,0148J0,주식,263,13939,,,,,,,135,2878,,,,,,
2026-09-28,TIGER 머니마켓액티브,0043B0,주식,262,1003,,,,,,,61,168,,,,,,
2026-09-28,테스,095610,주식,259,4056,,,,,,,247,1890,,,,,,
2026-09-28,SOL AI반도체소부장,455850,주식,258,8147,,,,,,,160,2109,,,,,,
2026-09-28,HD현대에너지솔루션,322000,주식,256,5829,,,,,,,122,1182,,,,,,
2026-09-28,피엔티,137400,주식,255,6154,,,,,,,98,1568,,,,,,
2026-09-28,NH투자증권,005940,주식,250,13684,,,,,,,264,1956,,,,,,
2026-09-28,한화생명,088350,주식,249,72345,,,,,,,136,1168,,,,,,
2026-09-28,GST,083450,주식,246,5375,,,,,,,82,839,,,,,,
2026-09-28,에스티팜,237690,주식,245,3382,,,,,,,88,1100,,,,,,
2026-09-28,HK이노엔,195940,주식,242,34945,,,,,,,121,7255,,,,,,
2026-09-28,넷마블,251270,주식,242,8884,,,,,,,113,2031,,,,,,
2026-09-28,GS,078930,주식,242,2352,,,,,,,194,1005,,,,,,
2026-09-28,ACE 테슬라밸류체인액티브,457480,주식,238,6243,,,,,,,179,1799,,,,,,
2026-09-28,클로봇,466100,주식,238,11982,,,,,,,110,3122,,,,,,
2026-09-28,TIGER 미국필라델피아반도체레버리지(합성),423920,주식,237,1518,,,,,,,42,208,,,,,,
2026-09-28,에프에스티,036810,주식,237,2713,,,,,,,47,707,,,,,,
2026-09-28,하이트진로,000080,주식,237,9857,,,,,,,86,1135,,,,,,
2026-09-28,TIGER KOFR금리액티브(합성),449170,주식,236,2188,,,,,,,45,284,,,,,,
2026-09-28,PLUS K방산,449450,주식,235,9588,,,,,,,140,2140,,,,,,
2026-09-28,KODEX KOFR금리액티브(합성),423160,주식,233,1805,,,,,,,57,340,,,,,,
2026-09-28,동서,026960,주식,231,2997,,,,,,,151,1336,,,,,,
2026-09-28,ACE AI반도체TOP3+,469150,주식,230,5396,,,,,,,204,1538,,,,,,
2026-09-28,TIGER 코스닥150,232080,주식,229,8350,,,,,,,142,1957,,,,,,
2026-09-28,RISE 코리아밸류업위클리고정커버드콜,0094M0,주식,228,2779,,,,,,,53,496,,,,,,
2026-09-28,후성,093370,주식,228,23439,,,,,,,3339,1699,,,,,,
2026-09-28,실리콘투,257720,주식,226,4626,,,,,,,196,1247,,,,,,
2026-09-28,TIGER 코리아배당다우존스,0052D0,주식,224,6034,,,,,,,47,777,,,,,,
2026-09-28,신성델타테크,065350,주식,224,4865,,,,,,,183,1167,,,,,,
2026-09-28,SK아이이테크놀로지,361610,주식,224,92328,,,,,,,105,17681,,,,,,
2026-09-28,HJ중공업,097230,주식,222,7687,,,,,,,130,2092,,,,,,
2026-09-28,케이엠더블유,032500,주식,221,8540,,,,,,,137,2164,,,,,,
2026-09-28,브이엠,089970,주식,216,3482,,,,,,,99,1427,,,,,,
2026-09-28,RISE 현대차고정피지컬AI,0190C0,주식,216,11470,,,,,,,67,1730,,,,,,
2026-09-28,딜리셔스,483350,주식,216,6094,,,,,,,9,735,,,,,,
2026-09-28,한국가스공사,036460,주식,215,5660,,,,,,,199,1793,,,,,,
2026-09-28,TIGER 200 IT,139260,주식,214,3103,,,,,,,121,824,,,,,,
2026-09-28,필옵틱스,161580,주식,212,7405,,,,,,,109,1840,,,,,,
2026-09-28,TIGER 미국초단기(3개월이하)국채,0046A0,주식,211,4303,,,,,,,38,533,,,,,,
2026-09-28,파미셀,005690,주식,211,4829,,,,,,,175,1371,,,,,,
2026-09-28,피에스케이,319660,주식,210,3374,,,,,,,227,1747,,,,,,
2026-09-28,TIGER CD1년금리액티브(합성),475630,주식,206,733,,,,,,,61,165,,,,,,
2026-09-28,씨어스,458870,주식,206,5339,,,,,,,3741,1267,,,,,,
2026-09-28,코리아써키트,007810,주식,206,3995,,,,,,,104,1200,,,,,,
2026-09-28,두산테스나,131970,주식,203,4999,,,,,,,153,1738,,,,,,
2026-09-28,티앤엘,340570,주식,203,987,,,,,,,1925,262,,,,,,
2026-09-28,한국콜마,161890,주식,202,4518,,,,,,,148,1595,,,,,,
2026-09-28,현대바이오,048410,주식,202,5683,,,,,,,118,1519,,,,,,
2026-09-28,LG화학우,051915,주식,202,5398,,,,,,,119,1614,,,,,,
2026-09-28,KODEX 미국30년국채타겟커버드콜(합성 H),481060,주식,201,3533,,,,,,,93,934,,,,,,
2026-09-28,TIGER 현대차그룹플러스,138540,주식,200,9370,,,,,,,101,2099,,,,,,
2026-09-28,아이티센글로벌,124500,주식,196,2590,,,,,,,74,602,,,,,,
2026-09-28,KODEX 미국우주항공,0167Z0,주식,195,19704,,,,,,,46,2238,,,,,,
2026-09-28,TIGER 2차전지TOP10,364980,주식,195,11095,,,,,,,120,2614,,,,,,
2026-09-28,코오롱티슈진,950160,주식,194,6346,,,,,,,116,2240,,,,,,
2026-09-28,금호타이어,073240,주식,194,72984,,,,,,,109,784,,,,,,
2026-09-28,LS머트리얼즈,417200,주식,194,7335,,,,,,,89,1589,,,,,,
2026-09-28,삼현,437730,주식,194,8433,,,,,,,1167,1645,,,,,,
2026-09-28,제이에스링크,127120,주식,193,1538,,,,,,,139,350,,,,,,
2026-09-28,RISE 삼성전자SK하이닉스채권혼합50,0162Z0,주식,192,9590,,,,,,,95,1725,,,,,,
2026-09-28,엔켐,348370,주식,191,8024,,,,,,,105,2045,,,,,,
2026-09-28,대한조선,439260,주식,191,4845,,,,,,,59,982,,,,,,
2026-09-28,TIGER 조선TOP10,494670,주식,188,7907,,,,,,,103,1924,,,,,,
2026-09-28,클래시스,214150,주식,188,5026,,,,,,,122,865,,,,,,
2026-09-28,와이지엔터테인먼트,122870,주식,186,5000,,,,,,,46,783,,,,,,
2026-09-28,에이럭스,475580,주식,186,29477,,,,,,,256,3270,,,,,,
2026-09-28,에스앤에스텍,101490,주식,185,3861,,,,,,,75,1210,,,,,,
2026-09-28,나노신소재,121600,주식,185,6721,,,,,,,945,2123,,,,,,
2026-09-28,SOL 미국양자컴퓨팅TOP10,0023A0,주식,183,8799,,,,,,,66,1634,,,,,,
2026-09-28,코오롱인더,120110,주식,183,3681,,,,,,,185,1110,,,,,,
2026-09-28,마이크로컨텍솔,098120,주식,183,457,,,,,,,8,74,,,,,,
2026-09-28,금양,001570,주식,181,15782,,,,,,,508,4524,,,,,,
2026-09-28,SOL 미국테크TOP10,481190,주식,181,4611,,,,,,,39,606,,,,,,
2026-09-28,KoAct 코스닥액티브,0163Y0,주식,180,7880,,,,,,,132,2303,,,,,,
2026-09-28,KODEX 미국S&P500(H),449180,주식,179,5124,,,,,,,43,715,,,,,,
2026-09-28,TIGER 200IT레버리지,243880,주식,179,1031,,,,,,,53,180,,,,,,
2026-09-28,카카오게임즈,293490,주식,179,22264,,,,,,,125,5987,,,,,,
2026-09-28,케어젠,214370,주식,179,1382,,,,,,,2406,351,,,,,,
2026-09-28,KODEX 미국나스닥100(H),449190,주식,179,3760,,,,,,,40,643,,,,,,
2026-09-28,DN오토모티브,007340,주식,179,952,,,,,,,44,453,,,,,,
2026-09-28,미코,059090,주식,178,2596,,,,,,,139,626,,,,,,
2026-09-28,KODEX 증권,102970,주식,178,6467,,,,,,,114,1654,,,,,,
2026-09-28,달바글로벌,483650,주식,177,3337,,,,,,,231,1016,,,,,,
2026-09-28,SK오션플랜트,100090,주식,177,7012,,,,,,,88,1238,,,,,,
2026-09-28,TIGER 미국채10년선물,305080,주식,177,8200,,,,,,,35,1393,,,,,,
2026-09-28,제이앤티씨,204270,주식,176,2398,,,,,,,149,713,,,,,,
2026-09-28,두산우,000155,주식,176,1421,,,,,,,138,544,,,,,,
2026-09-28,LS에코에너지,229640,주식,175,3929,,,,,,,100,854,,,,,,
2026-09-28,제룡전기,033100,주식,175,5940,,,,,,,81,1222,,,,,,
2026-09-28,SFA반도체,036540,주식,175,7279,,,,,,,117,2066,,,,,,
2026-09-28,오스코텍,039200,주식,175,2548,,,,,,,407,942,,,,,,
2026-09-28,티엘비,356860,주식,174,2853,,,,,,,255,1516,,,,,,
2026-09-28,ISC,095340,주식,174,2832,,,,,,,90,731,,,,,,
2026-09-28,현대해상,001450,주식,173,2625,,,,,,,382,1289,,,,,,
2026-09-28,이오테크닉스,039030,주식,173,1567,,,,,,,2046,641,,,,,,
2026-09-28,CJ CGV,079160,주식,172,7610,,,,,,,69,1407,,,,,,
2026-09-28,RISE 대형고배당10TR,315960,주식,170,2920,,,,,,,53,552,,,,,,
2026-09-28,디아이,003160,주식,170,2555,,,,,,,2955,814,,,,,,
2026-09-28,TIGER K방산&우주,463250,주식,169,11461,,,,,,,69,1983,,,,,,
2026-09-28,ACE 200,105190,주식,169,2653,,,,,,,92,732,,,,,,
2026-09-28,BNK금융지주,138930,주식,169,28103,,,,,,,332,1127,,,,,,
2026-09-28,롯데지주,004990,주식,168,3421,,,,,,,89,1171,,,,,,
2026-09-28,현대위아,011210,주식,168,6701,,,,,,,124,2061,,,,,,
2026-09-28,TIGER 미국나스닥100커버드콜(합성),441680,주식,168,3990,,,,,,,82,916,,,,,,
2026-09-28,하림지주,003380,주식,167,2670,,,,,,,106,954,,,,,,
2026-09-28,팬오션,028670,주식,167,50372,,,,,,,103,1674,,,,,,
2026-09-28,KODEX 미국머니마켓액티브,0048J0,주식,167,2559,,,,,,,38,391,,,,,,
2026-09-28,지투지바이오,456160,주식,167,4888,,,,,,,74,1147,,,,,,
2026-09-28,유일로보틱스,388720,주식,165,7337,,,,,,,2954,1669,,,,,,
2026-09-28,로킷헬스케어,376900,주식,164,3311,,,,,,,71,783,,,,,,
2026-09-28,한국카본,017960,주식,164,4818,,,,,,,74,1135,,,,,,
2026-09-28,KODEX 미국나스닥100레버리지(합성 H),409820,주식,164,1248,,,,,,,25,163,,,,,,
2026-09-28,효성티앤씨,298020,주식,164,3004,,,,,,,190,663,,,,,,
2026-09-28,녹십자,006280,주식,163,3965,,,,,,,135,1020,,,,,,
2026-09-28,동국제약,086450,주식,163,3907,,,,,,,107,1184,,,,,,
2026-09-28,지아이이노베이션,358570,주식,162,2805,,,,,,,361,737,,,,,,
2026-09-28,SOL 미국S&P500,433330,주식,161,4628,,,,,,,19,425,,,,,,
2026-09-28,엘앤씨바이오,290650,주식,161,3264,,,,,,,146,1285,,,,,,
2026-09-28,ACE 미국반도체데일리타겟커버드콜(합성),480040,주식,160,3496,,,,,,,57,651,,,,,,
2026-09-28,TIGER 반도체,091230,주식,160,2425,,,,,,,143,790,,,,,,
2026-09-28,1Q 미국우주항공테크,0131V0,주식,159,11608,,,,,,,39,1577,,,,,,
2026-09-28,HLB생명과학,067630,주식,159,4948,,,,,,,115,1156,,,,,,
2026-09-28,네패스,033640,주식,158,3788,,,,,,,1148,958,,,,,,
2026-09-28,KODEX 미국30년국채액티브(H),484790,주식,158,3221,,,,,,,54,357,,,,,,
2026-09-28,SFA넥셀,222080,주식,157,6535,,,,,,,108,1719,,,,,,
2026-09-28,로보스타,090360,주식,157,6679,,,,,,,100,1621,,,,,,
2026-09-28,TIGER 미국S&P500(H),448290,주식,156,3898,,,,,,,43,643,,,,,,
2026-09-28,TIGER 코리아원자력,0091P0,주식,156,6674,,,,,,,88,1576,,,,,,
2026-09-28,시노펙스,025320,주식,156,3082,,,,,,,70,705,,,,,,
2026-09-28,차바이오텍,085660,주식,156,3624,,,,,,,144,1458,,,,,,
2026-09-28,비나텍,126340,주식,156,2266,,,,,,,193,1163,,,,,,
2026-09-28,삼성SDI우,006405,주식,156,2821,,,,,,,85,757,,,,,,
2026-09-28,키움증권,039490,주식,156,3221,,,,,,,167,1476,,,,,,
2026-09-28,쏠리드,050890,주식,155,6105,,,,,,,228,1508,,,,,,
2026-09-28,비에이치,090460,주식,155,3543,,,,,,,70,887,,,,,,
2026-09-28,에코프로에이치엔,383310,주식,154,6083,,,,,,,55,1252,,,,,,
2026-09-28,뉴로메카,348340,주식,154,5447,,,,,,,768,1356,,,,,,
2026-09-28,KODEX 200미국채혼합50,284430,주식,154,6447,,,,,,,34,740,,,,,,
2026-09-28,SOL 팔란티어커버드콜OTM채권혼합,0040Y0,주식,153,3010,,,,,,,42,503,,,,,,
2026-09-28,TIGER 미국AI빅테크10타겟데일리커버드콜,493810,주식,152,3442,,,,,,,33,588,,,,,,
2026-09-28,SOL 미국배당다우존스(H),452360,주식,152,3952,,,,,,,23,390,,,,,,
2026-09-28,인카금융서비스,211050,주식,151,2297,,,,,,,1712,687,,,,,,
2026-09-28,레이크머티리얼즈,281740,주식,150,3726,,,,,,,101,916,,,,,,
2026-09-28,HS효성첨단소재,298050,주식,150,4235,,,,,,,87,1023,,,,,,
2026-09-28,티에스이,131290,주식,149,912,,,,,,,11297,1105,,,,,,
2026-09-28,KODEX 미국S&P500데일리커버드콜OTM,0005A0,주식,149,3348,,,,,,,39,520,,,,,,
2026-09-28,온코닉테라퓨틱스,476060,주식,148,2188,,,,,,,67,561,,,,,,
2026-09-28,다날,064260,주식,148,9064,,,,,,,73,1631,,,,,,
2026-09-28,프로티나,468530,주식,148,4728,,,,,,,1534,971,,,,,,
2026-09-28,ACE 미국빅테크7+데일리타겟커버드콜(합성),480020,주식,147,3556,,,,,,,43,738,,,,,,
2026-09-28,LG유플러스,032640,주식,147,8084,,,,,,,122,2565,,,,,,
2026-09-28,제일기획,030000,주식,147,3635,,,,,,,72,717,,,,,,
2026-09-28,오름테라퓨틱,475830,주식,147,3887,,,,,,,928,853,,,,,,
2026-09-28,ACE K반도체TOP2+,0210A0,주식,146,12220,,,,,,,55,962,,,,,,
2026-09-28,KODEX 미국AI반도체TOP3플러스,0151S0,주식,146,5515,,,,,,,42,942,,,,,,
2026-09-28,위메이드,112040,주식,146,6127,,,,,,,209,1079,,,,,,
2026-09-28,TIGER 2차전지소재Fn,462010,주식,145,6651,,,,,,,121,1849,,,,,,
2026-09-28,KODEX 미국AI테크TOP10,485540,주식,145,6473,,,,,,,47,964,,,,,,
2026-09-28,보성파워텍,006910,주식,145,5845,,,,,,,63,1399,,,,,,
2026-09-28,KODEX 고배당주,279530,주식,145,6582,,,,,,,41,880,,,,,,
2026-09-28,KODEX 방산TOP10,0080G0,주식,144,11295,,,,,,,58,1913,,,,,,
2026-09-28,솔루엠,248070,주식,144,2556,,,,,,,51,520,,,,,,
2026-09-28,에스엠,041510,주식,144,4181,,,,,,,64,961,,,,,,
2026-09-28,TIGER 2차전지테마,305540,주식,144,6304,,,,,,,101,1792,,,,,,
2026-09-28,SK디스커버리,006120,주식,143,1308,,,,,,,483,416,,,,,,
2026-09-28,KODEX 미국AI광통신네트워크,0173Y0,주식,143,8786,,,,,,,60,1776,,,,,,
2026-09-28,신풍제약,019170,주식,143,9974,,,,,,,55,2091,,,,,,
2026-09-28,동신건설,025950,주식,142,980,,,,,,,5,194,,,,,,
2026-09-28,CJ ENM,035760,주식,142,7189,,,,,,,60,1349,,,,,,
2026-09-28,농심,004370,주식,142,2702,,,,,,,72,591,,,,,,
2026-09-28,해성디에스,195870,주식,142,2603,,,,,,,59,1054,,,,,,
2026-09-28,에스에이엠티,031330,주식,142,2074,,,,,,,78,537,,,,,,
2026-09-28,SK케미칼,285130,주식,141,5008,,,,,,,94,1308,,,,,,
2026-09-28,휴젤,145020,주식,141,1594,,,,,,,45,403,,,,,,
2026-09-28,시프트업,462870,주식,140,18067,,,,,,,27,2085,,,,,,
2026-09-28,케이뱅크,279570,주식,139,5512,,,,,,,37,737,,,,,,
2026-09-28,한미사이언스,008930,주식,139,1825,,,,,,,137,917,,,,,,
2026-09-28,아난티,025980,주식,139,4430,,,,,,,61,1021,,,,,,
2026-09-28,NH투자증권우,005945,주식,138,2459,,,,,,,73,629,,,,,,
2026-09-28,차이커뮤니케이션,351870,주식,138,480,,,,,,,2,112,,,,,,
2026-09-28,켐트로닉스,089010,주식,138,4850,,,,,,,84,1306,,,,,,
2026-09-28,알지노믹스,476830,주식,137,4824,,,,,,,81,1293,,,,,,
2026-09-28,ACE 미국500데일리타겟커버드콜(합성),480030,주식,136,2769,,,,,,,60,854,,,,,,
2026-09-28,동운아나텍,094170,주식,136,1303,,,,,,,85,358,,,,,,
2026-09-28,ACE 미국우주테크액티브,0180V0,주식,135,13164,,,,,,,40,1570,,,,,,
2026-09-28,KODEX 인도Nifty50,453810,주식,134,7461,,,,,,,36,1102,,,,,,
2026-09-28,에이치브이엠,295310,주식,134,3201,,,,,,,110,1071,,,,,,
2026-09-28,SOL CD금리&머니마켓액티브,497880,주식,134,979,,,,,,,23,135,,,,,,
2026-09-28,KODEX AI반도체핵심장비,471990,주식,134,5760,,,,,,,76,1346,,,,,,
2026-09-28,큐리언트,115180,주식,134,1164,,,,,,,162,465,,,,,,
2026-09-28,CJ대한통운,000120,주식,133,3401,,,,,,,57,617,,,,,,
2026-09-28,명신산업,009900,주식,133,6632,,,,,,,52,1440,,,,,,
2026-09-28,HD현대마린솔루션,443060,주식,133,2022,,,,,,,66,1301,,,,,,
2026-09-28,KODEX 미국배당다우존스타겟커버드콜,483290,주식,133,3340,,,,,,,28,582,,,,,,
2026-09-28,SK네트웍스,001740,주식,133,43806,,,,,,,82,1504,,,,,,
2026-09-28,ACE 엔비디아밸류체인액티브,483320,주식,132,3512,,,,,,,82,827,,,,,,
2026-09-28,CJ,001040,주식,132,3445,,,,,,,117,1109,,,,,,
2026-09-28,안랩,053800,주식,131,1519,,,,,,,100,372,,,,,,
2026-09-28,코리안리,003690,주식,131,2067,,,,,,,104,638,,,,,,
2026-09-28,JB금융지주,175330,주식,130,2547,,,,,,,161,2002,,,,,,
2026-09-28,HLB제약,047920,주식,129,3857,,,,,,,79,835,,,,,,
2026-09-28,LS마린솔루션,060370,주식,129,3209,,,,,,,105,780,,,,,,
2026-09-28,KODEX 반도체타겟위클리커버드콜,0190G0,주식,128,3987,,,,,,,35,651,,,,,,
2026-09-28,SK증권,001510,주식,128,10919,,,,,,,92,2778,,,,,,
2026-09-28,SNT에너지,100840,주식,127,3072,,,,,,,73,966,,,,,,
2026-09-28,오뚜기,007310,주식,126,2936,,,,,,,33,467,,,,,,
2026-09-28,기가비스,420770,주식,126,1086,,,,,,,65,939,,,,,,
2026-09-28,네오셈,253590,주식,126,3087,,,,,,,34,704,,,,,,
2026-09-28,피에스케이홀딩스,031980,주식,126,1403,,,,,,,4324,753,,,,,,
2026-09-28,KODEX 골드선물(H),132030,주식,126,5882,,,,,,,42,1081,,,,,,
2026-09-28,KCC,002380,주식,126,1531,,,,,,,126,594,,,,,,
2026-09-28,RF머트리얼즈,327260,주식,125,1816,,,,,,,296,1081,,,,,,
2026-09-28,대신증권우,003545,주식,125,2126,,,,,,,95,650,,,,,,
2026-09-28,우리기술투자,041190,주식,125,4685,,,,,,,53,1046,,,,,,
2026-09-28,효성,004800,주식,124,2320,,,,,,,2502,659,,,,,,
2026-09-28,티로보틱스,117730,주식,123,5250,,,,,,,125,1352,,,,,,
2026-09-28,TIGER 코스닥150 레버리지,233160,주식,123,1102,,,,,,,36,238,,,,,,
2026-09-28,한화투자증권,003530,주식,123,4845,,,,,,,109,1537,,,,,,
2026-09-28,젬백스,082270,주식,122,3139,,,,,,,64,883,,,,,,
2026-09-28,선익시스템,171090,주식,122,2881,,,,,,,56,613,,,,,,
2026-09-28,인텍플러스,064290,주식,121,1025,,,,,,,188,1123,,,,,,
2026-09-28,KODEX 코리아밸류업,495850,주식,121,2565,,,,,,,47,495,,,,,,
2026-09-28,유니슨,018000,주식,121,5167,,,,,,,52,1012,,,,,,
2026-09-28,한국타이어앤테크놀로지,161390,주식,121,2449,,,,,,,84,602,,,,,,
2026-09-28,RISE 200TR,361580,주식,121,1181,,,,,,,22,169,,,,,,
2026-09-28,솔루스첨단소재,336370,주식,121,5146,,,,,,,47,1217,,,,,,
2026-09-28,서울반도체,046890,주식,121,6713,,,,,,,69,1672,,,,,,
2026-09-28,TIGER 코스피,277630,주식,120,2482,,,,,,,32,351,,,,,,
2026-09-28,TIME 미국S&P500액티브,426020,주식,120,2761,,,,,,,51,678,,,,,,
2026-09-28,삼성화재,000810,주식,120,1418,,,,,,,90,389,,,,,,
2026-09-28,KODEX 삼성그룹,102780,주식,120,5574,,,,,,,91,1143,,,,,,
2026-09-28,파인엠텍,441270,주식,119,2037,,,,,,,29,422,,,,,,
2026-09-28,신성이엔지,011930,주식,118,7755,,,,,,,57,1568,,,,,,
2026-09-28,태웅,044490,주식,118,2824,,,,,,,59,790,,,,,,
2026-09-28,쎄트렉아이,099320,주식,118,4173,,,,,,,224,877,,,,,,
2026-09-28,하나투어,039130,주식,118,5404,,,,,,,67,1283,,,,,,
2026-09-28,스튜디오드래곤,253450,주식,117,9743,,,,,,,32,1151,,,,,,
2026-09-28,우리로,046970,주식,117,4249,,,,,,,145,1162,,,,,,
2026-09-28,일동제약,249420,주식,116,5048,,,,,,,45,1212,,,,,,
2026-09-28,오이솔루션,138080,주식,116,4170,,,,,,,40,1042,,,,,,
2026-09-28,비츠로셀,082920,주식,116,1957,,,,,,,102,801,,,,,,
2026-09-28,LX세미콘,108320,주식,116,3832,,,,,,,85,784,,,,,,
2026-09-28,한라캐스트,125490,주식,116,4019,,,,,,,43,878,,,,,,
2026-09-28,파라다이스,034230,주식,116,4001,,,,,,,72,949,,,,,,
2026-09-28,코스모화학,005420,주식,116,7477,,,,,,,61,1680,,,,,,
2026-09-28,빛과전자,069540,주식,115,6721,,,,,,,42,1348,,,,,,
2026-09-28,RISE 미국배당100데일리고정커버드콜,490600,주식,115,2791,,,,,,,34,421,,,,,,
2026-09-28,토모큐브,475960,주식,115,1864,,,,,,,40,381,,,,,,
2026-09-28,아시아나항공,020560,주식,115,9821,,,,,,,66,1870,,,,,,
2026-09-28,SGC에너지,005090,주식,114,1115,,,,,,,41,570,,,,,,
2026-09-28,SOL 금융지주플러스고배당,484880,주식,114,3522,,,,,,,45,681,,,,,,
2026-09-28,IPARK현대산업개발,294870,주식,114,3698,,,,,,,56,759,,,,,,
2026-09-28,저스템,417840,주식,114,1622,,,,,,,70,480,,,,,,
2026-09-28,코스맥스,192820,주식,113,1952,,,,,,,80,554,,,,,,
2026-09-28,예스티,122640,주식,113,1398,,,,,,,86,283,,,,,,
2026-09-28,세아베스틸지주,001430,주식,113,7120,,,,,,,51,897,,,,,,
2026-09-28,솔브레인,357780,주식,112,2019,,,,,,,75,586,,,,,,
2026-09-28,TIGER 레버리지,123320,주식,112,650,,,,,,,46,109,,,,,,
2026-09-28,RISE KIS국고채30년Enhanced,385560,주식,112,2118,,,,,,,36,441,,,,,,
2026-09-28,KODEX 미국휴머노이드로봇,0038A0,주식,112,7084,,,,,,,40,1226,,,,,,
2026-09-28,LX인터내셔널,001120,주식,112,4251,,,,,,,75,642,,,,,,
2026-09-28,NHN KCP,060250,주식,111,3431,,,,,,,42,708,,,,,,
2026-09-28,GS리테일,007070,주식,111,5577,,,,,,,32,830,,,,,,
2026-09-28,KODEX 미국서학개미,473460,주식,111,3734,,,,,,,23,563,,,,,,
2026-09-28,TIGER 인도니프티50,453870,주식,111,6351,,,,,,,31,1034,,,,,,
2026-09-28,가온칩스,399720,주식,111,4322,,,,,,,46,1048,,,,,,
2026-09-28,페니트리움바이오,187660,주식,110,2867,,,,,,,55,562,,,,,,
2026-09-28,노타,486990,주식,110,4779,,,,,,,34,865,,,,,,
2026-09-28,천보,278280,주식,109,5024,,,,,,,44,1386,,,,,,
2026-09-28,TIGER 2차전지TOP10레버리지,412570,주식,109,1245,,,,,,,32,285,,,,,,
2026-09-28,STX엔진,077970,주식,109,3645,,,,,,,49,1070,,,,,,
2026-09-28,삼성카드,029780,주식,109,3591,,,,,,,154,2892,,,,,,
2026-09-28,원익QnC,074600,주식,108,2743,,,,,,,42,614,,,,,,
2026-09-28,대신증권,003540,주식,108,2370,,,,,,,80,909,,,,,,
2026-09-28,ACE 미국하이일드액티브(H),455660,주식,108,4721,,,,,,,9,268,,,,,,
2026-09-28,미래에셋증권2우B,00680K,주식,108,2333,,,,,,,138,1045,,,,,,
2026-09-28,유니테스트,086390,주식,107,2934,,,,,,,277,620,,,,,,
2026-09-28,PS일렉트로닉스,332570,주식,107,3282,,,,,,,68,926,,,,,,
2026-09-28,에이프릴바이오,397030,주식,106,2803,,,,,,,73,731,,,,,,
2026-09-28,바이오니아,064550,주식,106,3259,,,,,,,51,640,,,,,,
2026-09-28,인벤티지랩,389470,주식,106,2067,,,,,,,419,540,,,,,,
2026-09-28,ACE 미국30년국채액티브,476760,주식,106,3611,,,,,,,31,547,,,,,,
2026-09-28,파크시스템스,140860,주식,106,921,,,,,,,34,234,,,,,,
2026-09-28,오킨스전자,080580,주식,106,994,,,,,,,178,679,,,,,,
2026-09-28,메디톡스,086900,주식,106,2325,,,,,,,129,856,,,,,,
2026-09-28,지엔씨에너지,119850,주식,105,2204,,,,,,,72,1205,,,,,,
2026-09-28,KODEX WTI원유선물인버스(H),271050,주식,105,1418,,,,,,,26,226,,,,,,
2026-09-28,두산밥캣,241560,주식,105,3589,,,,,,,61,682,,,,,,
2026-09-28,iM금융지주,139130,주식,105,3839,,,,,,,128,634,,,,,,
2026-09-28,툴젠,199800,주식,104,3764,,,,,,,241,867,,,,,,
2026-09-28,대한해운,005880,주식,104,6880,,,,,,,80,1188,,,,,,
2026-09-28,에이디테크놀로지,200710,주식,104,2742,,,,,,,98,1349,,,,,,
2026-09-28,TIGER 차이나항셍테크,371160,주식,104,6233,,,,,,,72,1365,,,,,,
2026-09-28,이녹스첨단소재,272290,주식,104,3240,,,,,,,54,903,,,,,,
2026-09-28,코미팜,041960,주식,103,1258,,,,,,,491,558,,,,,,
2026-09-28,유바이오로직스,206650,주식,103,2470,,,,,,,90,531,,,,,,
2026-09-28,TIGER 미국AI빅테크10,490090,주식,103,5102,,,,,,,36,756,,,,,,
2026-09-28,미래에셋벤처투자,100790,주식,103,5884,,,,,,,63,1076,,,,,,
2026-09-28,와이씨,232140,주식,103,3308,,,,,,,53,901,,,,,,
2026-09-28,DB손해보험,005830,주식,102,1690,,,,,,,813,408,,,,,,
2026-09-28,포스코엠텍,009520,주식,102,5778,,,,,,,50,1471,,,,,,
2026-09-28,HANARO 원자력iSelect,434730,주식,102,3245,,,,,,,59,865,,,,,,
2026-09-28,KODEX MSCI선진국,251350,주식,102,3671,,,,,,,31,1199,,,,,,
2026-09-28,ACE 구글밸류체인액티브,483340,주식,102,3608,,,,,,,50,731,,,,,,
2026-09-28,에임드바이오,0009K0,주식,102,3822,,,,,,,50,1061,,,,,,
2026-09-28,다우기술,023590,주식,101,1209,,,,,,,68,526,,,,,,
2026-09-28,롯데쇼핑,023530,주식,101,1636,,,,,,,82,813,,,,,,
2026-09-28,KODEX 테슬라커버드콜채권혼합액티브,475080,주식,101,2480,,,,,,,44,703,,,,,,
2026-09-28,TIGER 글로벌AI전력인프라액티브,491010,주식,101,3803,,,,,,,49,873,,,,,,
2026-09-28,KODEX 현대차로보틱스밸류체인TOP3플러스,0204D0,주식,101,6165,,,,,,,37,1226,,,,,,
2026-09-28,서부T&D,006730,주식,101,1387,,,,,,,41,461,,,,,,
2026-09-28,KODEX 금액티브,0064K0,주식,100,5676,,,,,,,25,708,,,,,,
2026-09-28,성우하이텍,015750,주식,100,3809,,,,,,,35,829,,,,,,
2026-09-28,컴투스,078340,주식,100,3030,,,,,,,34,693,,,,,,
2026-09-28,성일하이텍,365340,주식,99,4320,,,,,,,44,1117,,,,,,
2026-09-28,DSC인베스트먼트,241520,주식,99,2828,,,,,,,48,503,,,,,,
2026-09-28,KODEX 주주환원고배당주,0153K0,주식,99,4167,,,,,,,36,850,,,,,,
2026-09-28,TCC스틸,002710,주식,99,4881,,,,,,,37,1038,,,,,,
2026-09-28,KODEX 삼성전자SK하이닉스채권혼합50,0177N0,주식,99,6347,,,,,,,52,1021,,,,,,
2026-09-28,덕산네오룩스,213420,주식,99,2664,,,,,,,22,509,,,,,,
2026-09-28,엠씨넥스,097520,주식,98,4126,,,,,,,222,723,,,,,,
2026-09-28,롯데관광개발,032350,주식,98,3656,,,,,,,601,844,,,,,,
2026-09-28,드림텍,192650,주식,98,2072,,,,,,,39,374,,,,,,
2026-09-28,피노,033790,주식,97,1650,,,,,,,67,401,,,,,,
2026-09-28,TIGER 미국나스닥100(H),448300,주식,97,2216,,,,,,,30,407,,,,,,
2026-09-28,TIME 코스닥액티브,0162Y0,주식,97,4312,,,,,,,73,1311,,,,,,
2026-09-28,SOL 반도체전공정,475300,주식,96,2806,,,,,,,40,668,,,,,,
2026-09-28,이노스페이스,462350,주식,96,3947,,,,,,,19,629,,,,,,
2026-09-28,RISE AI전력인프라,0101N0,주식,95,3271,,,,,,,48,695,,,,,,
2026-09-28,제이알글로벌리츠,348950,주식,95,2698,,,,,,,44,663,,,,,,
2026-09-28,신영증권,001720,주식,95,1014,,,,,,,71,300,,,,,,
2026-09-28,엔젤로보틱스,455900,주식,95,4631,,,,,,,27,977,,,,,,
2026-09-28,씨엠티엑스,388210,주식,94,1725,,,,,,,99,609,,,,,,
2026-09-28,ACE 고배당주Plus커버드콜액티브,0199C0,주식,94,2033,,,,,,,21,372,,,,,,
2026-09-28,1Q 미국나스닥100,0069M0,주식,94,3142,,,,,,,20,387,,,,,,
2026-09-28,인텔리안테크,189300,주식,94,3006,,,,,,,61,840,,,,,,
2026-09-28,리브스메드,491000,주식,93,2885,,,,,,,24,554,,,,,,
2026-09-28,LIG아큐버,073490,주식,93,1965,,,,,,,31,484,,,,,,
2026-09-28,에스디바이오센서,137310,주식,93,42765,,,,,,,32,7227,,,,,,
2026-09-28,SOL 미국30년국채커버드콜(합성),473330,주식,93,2241,,,,,,,39,483,,,,,,
2026-09-28,코스맥스비티아이,044820,주식,93,229,,,,,,,21,84,,,,,,
2026-09-28,금호건설,002990,주식,92,3647,,,,,,,54,1186,,,,,,
2026-09-28,한중엔시에스,107640,주식,92,2821,,,,,,,29,629,,,,,,
2026-09-28,KODEX CD1년금리플러스액티브(합성),481050,주식,92,368,,,,,,,24,76,,,,,,
2026-09-28,KH바텍,060720,주식,92,2663,,,,,,,24,595,,,,,,
2026-09-28,LX홀딩스,383800,주식,92,4222,,,,,,,33,885,,,,,,
2026-09-28,RISE AI&로봇,469070,주식,92,4830,,,,,,,45,1120,,,,,,
2026-09-28,코미코,183300,주식,91,2384,,,,,,,55,756,,,,,,
2026-09-28,큐로셀,372320,주식,91,1734,,,,,,,24,378,,,,,,
2026-09-28,KoAct 코리아밸류업액티브,495230,주식,91,1428,,,,,,,39,409,,,,,,
2026-09-28,인투셀,287840,주식,91,1702,,,,,,,60,478,,,,,,
2026-09-28,와이지-원,019210,주식,91,1169,,,,,,,43,367,,,,,,
2026-09-28,에스티큐브,052020,주식,90,1015,,,,,,,161,292,,,,,,
2026-09-28,제주항공,089590,주식,90,8146,,,,,,,33,914,,,,,,
2026-09-28,한국비엔씨,256840,주식,90,5566,,,,,,,23,860,,,,,,
2026-09-28,ACE 미국빅테크TOP7 Plus레버리지(합성),465610,주식,90,668,,,,,,,14,106,,,,,,
2026-09-28,오리온,271560,주식,90,2318,,,,,,,35,448,,,,,,
2026-09-28,대상,001680,주식,90,3156,,,,,,,101,1491,,,,,,
2026-09-28,TIGER 구리실물,160580,주식,90,5466,,,,,,,28,769,,,,,,
2026-09-28,진에어,272450,주식,89,4381,,,,,,,23,964,,,,,,
2026-09-28,유진로봇,056080,주식,89,6911,,,,,,,39,1475,,,,,,
2026-09-28,KIWOOM 미국S&P500모멘텀,0137V0,주식,89,3524,,,,,,,13,393,,,,,,
2026-09-28,KODEX 차이나CSI300,283580,주식,89,3639,,,,,,,28,1081,,,,,,
2026-09-28,LG우,003555,주식,89,1491,,,,,,,26,374,,,,,,
2026-09-28,DB증권,016610,주식,88,740,,,,,,,162,989,,,,,,
2026-09-28,에스엘,005850,주식,88,2674,,,,,,,4203,1205,,,,,,
2026-09-28,TIGER CD금리플러스액티브(합성),499660,주식,88,362,,,,,,,12,76,,,,,,
2026-09-28,인피니트헬스케어,071200,주식,88,371,,,,,,,27,169,,,,,,
2026-09-28,KODEX 원자력SMR,0098F0,주식,88,4458,,,,,,,42,967,,,,,,
2026-09-28,현대힘스,460930,주식,88,3360,,,,,,,39,726,,,,,,
2026-09-28,동원산업,006040,주식,87,1572,,,,,,,10994,534,,,,,,
2026-09-28,헥토파이낸셜,234340,주식,87,2340,,,,,,,44,676,,,,,,
2026-09-28,TIGER 미국달러SOFR금리액티브(합성),456610,주식,87,2664,,,,,,,21,381,,,,,,
2026-09-28,아모레퍼시픽홀딩스,002790,주식,87,2784,,,,,,,48,785,,,,,,
2026-09-28,엠케이전자,033160,주식,87,1876,,,,,,,77,580,,,,,,
2026-09-28,디어유,376300,주식,86,10657,,,,,,,57,2491,,,,,,
2026-09-28,한솔케미칼,014680,주식,85,1236,,,,,,,190,501,,,,,,
2026-09-28,부광약품,003000,주식,85,4851,,,,,,,175,1344,,,,,,
2026-09-28,사피엔반도체,452430,주식,85,809,,,,,,,24,175,,,,,,
2026-09-28,지노믹트리,228760,주식,85,1472,,,,,,,52,453,,,,,,
2026-09-28,넥스트바이오메디컬,389650,주식,85,3982,,,,,,,584,781,,,,,,
2026-09-28,HLB테라퓨틱스,115450,주식,85,2944,,,,,,,50,772,,,,,,
2026-09-28,코나아이,052400,주식,85,1692,,,,,,,45,326,,,,,,
2026-09-28,티씨케이,064760,주식,85,1101,,,,,,,39,279,,,,,,
2026-09-28,TIGER 바이오TOP10,364970,주식,85,4983,,,,,,,48,1219,,,,,,
2026-09-28,덕산테코피아,317330,주식,85,3136,,,,,,,27,691,,,,,,
2026-09-28,1Q 미국S&P500,0026S0,주식,84,3725,,,,,,,16,422,,,,,,
2026-09-28,HLB이노베이션,024850,주식,84,944,,,,,,,166,913,,,,,,
2026-09-28,아리바이오홀딩스,290690,주식,84,1647,,,,,,,46,361,,,,,,
2026-09-28,케이알엠,093640,주식,84,1032,,,,,,,11,117,,,,,,
2026-09-28,지놈앤컴퍼니,314130,주식,84,2518,,,,,,,299,1013,,,,,,
2026-09-28,신라젠,215600,주식,84,5091,,,,,,,80,3024,,,,,,
2026-09-28,원텍,336570,주식,83,2837,,,,,,,34,683,,,,,,
2026-09-28,아이씨티케이,456010,주식,83,1979,,,,,,,57,553,,,,,,
2026-09-28,KODEX 단기채권PLUS,214980,주식,83,1471,,,,,,,19,170,,,,,,
2026-09-28,제테마,216080,주식,83,720,,,,,,,488,248,,,,,,
2026-09-28,유진테크,084370,주식,83,1748,,,,,,,82,1098,,,,,,
2026-09-28,한국자산신탁,123890,주식,83,2250,,,,,,,19,338,,,,,,
2026-09-28,종근당,185750,주식,82,3418,,,,,,,63,1603,,,,,,
2026-09-28,대아티아이,045390,주식,82,2517,,,,,,,37,813,,,,,,
2026-09-28,하나머티리얼즈,166090,주식,82,2161,,,,,,,41,714,,,,,,
2026-09-28,제우스,079370,주식,82,2302,,,,,,,39,534,,,,,,
2026-09-28,서울보증보험,031210,주식,82,1523,,,,,,,49,313,,,,,,
2026-09-28,티에프이,425420,주식,82,944,,,,,,,106,671,,,,,,
2026-09-28,SFA,056190,주식,82,1505,,,,,,,93,396,,,,,,
2026-09-28,KODEX 조선TOP10,0115D0,주식,82,5121,,,,,,,40,1025,,,,,,
2026-09-28,동성화인텍,033500,주식,81,2069,,,,,,,59,532,,,,,,
2026-09-28,덴티움,145720,주식,81,1869,,,,,,,28,606,,,,,,
2026-09-28,슈어소프트테크,298830,주식,81,2214,,,,,,,21,518,,,,,,
2026-09-28,엑시콘,092870,주식,81,903,,,,,,,46,455,,,,,,
2026-09-28,KODEX 금융고배당TOP10,0089D0,주식,81,3744,,,,,,,20,531,,,,,,
2026-09-28,셀바스AI,108860,주식,81,4589,,,,,,,41,1096,,,,,,
2026-09-28,경동나비엔,009450,주식,81,1540,,,,,,,150,1029,,,,,,
2026-09-28,세진중공업,075580,주식,81,3402,,,,,,,231,848,,,,,,
2026-09-28,에스티아이,039440,주식,81,2262,,,,,,,49,780,,,,,,
2026-09-28,나이벡,138610,주식,80,1138,,,,,,,126,328,,,,,,
2026-09-28,아모텍,052710,주식,80,1845,,,,,,,39,478,,,,,,
2026-09-28,한국피아이엠,448900,주식,80,2151,,,,,,,26,497,,,,,,
2026-09-28,TIME 코리아밸류업액티브,495060,주식,80,1311,,,,,,,37,380,,,,,,
2026-09-28,앱클론,174900,주식,80,1720,,,,,,,133,439,,,,,,
2026-09-28,케이씨텍,281820,주식,80,1893,,,,,,,84,966,,,,,,
2026-09-28,한국쉘석유,002960,주식,80,901,,,,,,,90,238,,,,,,
2026-09-28,KG스틸,016380,주식,79,4579,,,,,,,24,540,,,,,,
2026-09-28,TKG휴켐스,069260,주식,79,3502,,,,,,,38,503,,,,,,
2026-09-28,세방전지,004490,주식,79,1665,,,,,,,63,545,,,,,,
2026-09-28,율촌화학,008730,주식,79,1529,,,,,,,24,342,,,,,,
2026-09-28,삼표시멘트,038500,주식,79,3864,,,,,,,36,765,,,,,,
2026-09-28,덕산하이메탈,077360,주식,79,2041,,,,,,,38,514,,,,,,
2026-09-28,KODEX TDF2050액티브 적격,434060,주식,79,2753,,,,,,,24,350,,,,,,
2026-09-28,PI첨단소재,178920,주식,79,2826,,,,,,,31,623,,,,,,
2026-09-28,SK우,03473K,주식,79,591,,,,,,,25,112,,,,,,
2026-09-28,에이직랜드,445090,주식,79,2257,,,,,,,67,543,,,,,,
2026-09-28,RISE 네트워크인프라,367760,주식,79,1849,,,,,,,58,437,,,,,,
2026-09-28,현대지에프홀딩스,005440,주식,79,2468,,,,,,,38,451,,,,,,
2026-09-28,오픈엣지테크놀로지,394280,주식,79,3492,,,,,,,29,789,,,,,,
2026-09-28,브이티,018290,주식,79,2882,,,,,,,43,821,,,,,,
2026-09-28,한양이엔지,045100,주식,78,1327,,,,,,,28,417,,,,,,
2026-09-28,SOOP,067160,주식,78,2158,,,,,,,20,378,,,,,,
2026-09-28,TIGER 골드선물(H),319640,주식,78,3136,,,,,,,13,339,,,,,,
2026-09-28,삼성물산우B,02826K,주식,77,585,,,,,,,49,243,,,,,,
2026-09-28,대한유화,006650,주식,77,1906,,,,,,,57,583,,,,,,
2026-09-28,LB세미콘,061970,주식,77,18170,,,,,,,44,4480,,,,,,
2026-09-28,롯데리츠,330590,주식,77,2201,,,,,,,83,932,,,,,,
2026-09-28,아이센스,099190,주식,77,1297,,,,,,,54,585,,,,,,
2026-09-28,지씨셀,144510,주식,77,2353,,,,,,,35,753,,,,,,
2026-09-28,KODEX Top5PlusTR,315930,주식,77,1057,,,,,,,37,260,,,,,,
2026-09-28,OCI,456040,주식,77,2184,,,,,,,208,1099,,,,,,
2026-09-28,DI동일,001530,주식,77,684,,,,,,,83,370,,,,,,
2026-09-28,아바코,083930,주식,77,633,,,,,,,17,195,,,,,,
2026-09-28,한화갤러리아,452260,주식,77,8428,,,,,,,38,1934,,,,,,
2026-09-28,에스바이오메딕스,304360,주식,77,941,,,,,,,42,223,,,,,,
2026-09-28,KODEX 미국10년국채선물,308620,주식,77,3522,,,,,,,14,360,,,,,,
2026-09-28,신흥에스이씨,243840,주식,77,1576,,,,,,,16,400,,,,,,
2026-09-28,상아프론테크,089980,주식,76,2999,,,,,,,964,689,,,,,,
2026-09-28,인탑스,049070,주식,76,1969,,,,,,,67,478,,,,,,
2026-09-28,RISE 코리아밸류업,495050,주식,76,1508,,,,,,,17,264,,,,,,
2026-09-28,매일홀딩스,005990,주식,76,211,,,,,,,1,91,,,,,,
2026-09-28,CJ제일제당 우,097955,주식,76,1942,,,,,,,54,282,,,,,,
2026-09-28,광전자,017900,주식,76,4376,,,,,,,30,960,,,,,,
2026-09-28,KG모빌리티,003620,주식,76,7772,,,,,,,18,850,,,,,,
2026-09-28,에스비비테크,389500,주식,76,2420,,,,,,,33,634,,,,,,
2026-09-28,비덴트,121800,주식,75,6900,,,,,,,39,1503,,,,,,
2026-09-28,칩스앤미디어,094360,주식,75,3000,,,,,,,72,716,,,,,,
2026-09-28,롯데정밀화학,004000,주식,75,2602,,,,,,,100,718,,,,,,
2026-09-28,KODEX 200IT TR,363580,주식,75,1903,,,,,,,34,431,,,,,,
2026-09-28,휴스틸,005010,주식,74,1414,,,,,,,24,320,,,,,,
2026-09-28,넥슨게임즈,225570,주식,74,2929,,,,,,,13,334,,,,,,
2026-09-28,SAMG엔터,419530,주식,74,2620,,,,,,,19,429,,,,,,
2026-09-28,성광벤드,014620,주식,74,2070,,,,,,,37,576,,,,,,
2026-09-28,에코아이,448280,주식,74,673,,,,,,,5,108,,,,,,
2026-09-28,TIGER 코리아밸류업,496080,주식,74,1583,,,,,,,35,349,,,,,,
2026-09-28,코스모로보틱스,439960,주식,74,5471,,,,,,,24,1102,,,,,,
2026-09-28,한화3우B,00088K,주식,74,1104,,,,,,,150,404,,,,,,
2026-09-28,KoAct 바이오헬스케어액티브,462900,주식,74,3226,,,,,,,77,1177,,,,,,
2026-09-28,TIGER 일본니케이225,241180,주식,74,2910,,,,,,,21,552,,,,,,
2026-09-28,이노션,214320,주식,74,1723,,,,,,,26,427,,,,,,
2026-09-28,우진,105840,주식,73,3427,,,,,,,138,994,,,,,,
2026-09-28,KODEX 미국달러선물인버스2X,261260,주식,73,268,,,,,,,3,47,,,,,,
2026-09-28,ACE 미국S&P500미국채혼합50액티브,438080,주식,73,3849,,,,,,,17,446,,,,,,
2026-09-28,한일시멘트,300720,주식,73,3598,,,,,,,29,540,,,,,,
2026-09-28,비보존 제약,082800,주식,72,1890,,,,,,,25,410,,,,,,
2026-09-28,한컴,030520,주식,72,2441,,,,,,,40,759,,,,,,
2026-09-28,KoAct 배당성장액티브,476850,주식,72,1423,,,,,,,19,240,,,,,,
2026-09-28,신성에스티,416180,주식,72,1749,,,,,,,15,394,,,,,,
2026-09-28,세미파이브,490470,주식,72,2509,,,,,,,59,783,,,,,,
2026-09-28,마키나락스,477850,주식,71,2088,,,,,,,27,517,,,,,,
2026-09-28,아주IB투자,027360,주식,71,5437,,,,,,,44,925,,,,,,
2026-09-28,카나프테라퓨틱스,0082N0,주식,71,9458,,,,,,,315,1179,,,,,,
2026-09-28,SK리츠,395400,주식,71,9987,,,,,,,72,3025,,,,,,
2026-09-28,오르비텍,046120,주식,71,3394,,,,,,,28,710,,,,,,
2026-09-28,드림시큐리티,203650,주식,71,3420,,,,,,,36,715,,,,,,
2026-09-28,디케이티,290550,주식,71,571,,,,,,,36,332,,,,,,
2026-09-28,전진건설로봇,079900,주식,71,2403,,,,,,,31,645,,,,,,
2026-09-28,엑스게이트,356680,주식,70,2918,,,,,,,20,581,,,,,,
2026-09-28,DS단석,017860,주식,70,3002,,,,,,,15,554,,,,,,
2026-09-28,월덱스,101160,주식,70,1067,,,,,,,1797,716,,,,,,
2026-09-28,KIWOOM 미국양자컴퓨팅,498270,주식,70,3117,,,,,,,31,714,,,,,,
2026-09-28,상신이디피,091580,주식,70,1204,,,,,,,85,913,,,,,,
2026-09-28,한샘,009240,주식,70,2526,,,,,,,23,425,,,,,,
2026-09-28,애경케미칼,161000,주식,70,2594,,,,,,,36,615,,,,,,
2026-09-28,DL,000210,주식,69,1970,,,,,,,50,627,,,,,,
2026-09-28,PKC,001340,주식,69,1308,,,,,,,45,284,,,,,,
2026-09-28,이뮨온시아,424870,주식,69,4205,,,,,,,52,862,,,,,,
2026-09-28,솔트룩스,304100,주식,69,3610,,,,,,,242,923,,,,,,
2026-09-28,에스오에스랩,464080,주식,69,9724,,,,,,,494,1338,,,,,,
2026-09-28,HANARO 미국AI메모리반도체TOP4+,0181B0,주식,69,3027,,,,,,,18,329,,,,,,
2026-09-28,KCC글라스,344820,주식,69,2042,,,,,,,39,384,,,,,,
2026-09-28,강스템바이오텍,217730,주식,69,1454,,,,,,,46,418,,,,,,
2026-09-28,ACE 베트남VN30(합성),245710,주식,69,2539,,,,,,,36,739,,,,,,
2026-09-28,TIGER 차이나휴머노이드로봇,0053L0,주식,69,4343,,,,,,,41,966,,,,,,
2026-09-28,바이넥스,053030,주식,69,2925,,,,,,,46,955,,,,,,
2026-09-28,그래피,318060,주식,68,889,,,,,,,17,189,,,,,,
2026-09-28,폰드그룹,472850,주식,68,388,,,,,,,23,93,,,,,,
2026-09-28,큐렉소,060280,주식,68,3421,,,,,,,57,1006,,,,,,
2026-09-28,엘브이엠씨홀딩스,900140,주식,68,1401,,,,,,,28,328,,,,,,
2026-09-28,티이엠씨,425040,주식,68,1987,,,,,,,33,525,,,,,,
2026-09-28,GS우,078935,주식,68,700,,,,,,,20,194,,,,,,
2026-09-28,ACE 미국배당퀄리티+커버드콜액티브,0049M0,주식,68,2105,,,,,,,19,303,,,,,,
2026-09-28,GRT,900290,주식,68,612,,,,,,,6,100,,,,,,
2026-09-28,ACE 코스닥150,354500,주식,67,2537,,,,,,,52,806,,,,,,
2026-09-28,넥스틸,092790,주식,67,1865,,,,,,,18,343,,,,,,
2026-09-28,한스바이오메드,042520,주식,67,1098,,,,,,,30,544,,,,,,
2026-09-28,TIME 코스피액티브,385720,주식,67,1300,,,,,,,43,535,,,,,,
2026-09-28,한전산업,130660,주식,67,3359,,,,,,,38,893,,,,,,
2026-09-28,아이마켓코리아,122900,주식,67,902,,,,,,,18,182,,,,,,
2026-09-28,보령,003850,주식,67,3375,,,,,,,22,444,,,,,,
2026-09-28,동국제강,460860,주식,66,4930,,,,,,,44,1033,,,,,,
2026-09-28,SV인베스트먼트,289080,주식,66,2011,,,,,,,29,303,,,,,,
2026-09-28,뉴파워프라즈마,144960,주식,66,797,,,,,,,52,205,,,,,,
2026-09-28,하이젠알앤엠,160190,주식,66,7224,,,,,,,1463,1246,,,,,,
2026-09-28,TIME 차이나AI테크액티브,0043Y0,주식,66,2082,,,,,,,47,585,,,,,,
2026-09-28,이수화학,005950,주식,66,3316,,,,,,,25,885,,,,,,
2026-09-28,일진파워,094820,주식,66,2052,,,,,,,19,457,,,,,,
2026-09-28,ACE 미국달러SOFR금리(합성),456880,주식,66,2651,,,,,,,10,308,,,,,,
2026-09-28,대화제약,067080,주식,66,1110,,,,,,,31,365,,,,,,
2026-09-28,KBI메탈,024840,주식,65,2420,,,,,,,36,645,,,,,,
2026-09-28,명인제약,317450,주식,65,1580,,,,,,,30,397,,,,,,
2026-09-28,남해화학,025860,주식,65,12465,,,,,,,28,653,,,,,,
2026-09-28,한국토지신탁,034830,주식,65,2018,,,,,,,32,1164,,,,,,
2026-09-28,NH올원리츠,400760,주식,65,2789,,,,,,,44,1438,,,,,,
2026-09-28,TIGER 200TR,310960,주식,65,969,,,,,,,19,151,,,,,,
2026-09-28,TIGER 증권,157500,주식,65,3267,,,,,,,38,740,,,,,,
2026-09-28,현대백화점,069960,주식,64,2589,,,,,,,53,665,,,,,,
2026-09-28,아이쓰리시스템,214430,주식,64,900,,,,,,,149,292,,,,,,
2026-09-28,INVENI,015360,주식,64,623,,,,,,,20,191,,,,,,
2026-09-28,지역난방공사,071320,주식,64,1080,,,,,,,36,226,,,,,,
2026-09-28,옵티코어,380540,주식,64,4497,,,,,,,127,593,,,,,,
2026-09-28,KIWOOM 국고채10년,148070,주식,64,1948,,,,,,,21,590,,,,,,
2026-09-28,HDC,012630,주식,63,6422,,,,,,,32,348,,,,,,
2026-09-28,스카이랩스,386380,주식,63,1976,,,,,,,839,279,,,,,,
2026-09-28,엘티씨,170920,주식,63,696,,,,,,,27,350,,,,,,
2026-09-28,TIGER 글로벌리튬&2차전지SOLACTIVE(합성),394670,주식,63,3633,,,,,,,43,1048,,,,,,
2026-09-28,SNT모티브,064960,주식,63,1607,,,,,,,21,337,,,,,,
2026-09-28,JW중외제약,001060,주식,63,1740,,,,,,,79,524,,,,,,
2026-09-28,KODEX 미국달러SOFR금리액티브(합성),455030,주식,63,2569,,,,,,,12,283,,,,,,
2026-09-28,오리온홀딩스,001800,주식,63,2014,,,,,,,94,1039,,,,,,
2026-09-28,카페24,042000,주식,62,2002,,,,,,,90,673,,,,,,
2026-09-28,삼아알미늄,006110,주식,62,2024,,,,,,,400,710,,,,,,
2026-09-28,녹십자홀딩스,005250,주식,62,3794,,,,,,,52,513,,,,,,
2026-09-28,이랜시스,264850,주식,62,1961,,,,,,,12,457,,,,,,
2026-09-28,RISE 미국30년국채엔화노출(합성 H),472870,주식,62,1196,,,,,,,17,259,,,,,,
2026-09-28,삼천리,004690,주식,62,533,,,,,,,585,162,,,,,,
2026-09-28,삼양컴텍,484590,주식,62,2437,,,,,,,13,441,,,,,,
2026-09-28,KoAct K수출핵심기업TOP30액티브,0074K0,주식,62,1771,,,,,,,35,526,,,,,,
2026-09-28,SOL 미국AI전력인프라,486450,주식,62,2997,,,,,,,26,584,,,,,,
2026-09-28,유니셈,036200,주식,62,3007,,,,,,,46,685,,,,,,
2026-09-28,F&F,383220,주식,61,1275,,,,,,,87,453,,,,,,
2026-09-28,태광,023160,주식,61,1904,,,,,,,46,759,,,,,,
2026-09-28,박셀바이오,323990,주식,61,5429,,,,,,,19,1008,,,,,,
2026-09-28,유나이티드제약,033270,주식,61,1846,,,,,,,24,408,,,,,,
2026-09-28,KODEX iShares미국하이일드액티브,468380,주식,61,1531,,,,,,,20,309,,,,,,
2026-09-28,파이버프로,368770,주식,61,1533,,,,,,,2042,350,,,,,,
2026-09-28,ACE 원자력TOP10,433500,주식,61,2316,,,,,,,44,692,,,,,,
2026-09-28,KODEX 신재생에너지액티브,385510,주식,61,2379,,,,,,,26,517,,,,,,
2026-09-28,TIGER 미국S&P500레버리지(합성 H),225040,주식,61,426,,,,,,,4,59,,,,,,
2026-09-28,휴메딕스,200670,주식,61,1649,,,,,,,41,429,,,,,,
2026-09-28,재영솔루텍,049630,주식,60,3365,,,,,,,26,670,,,,,,
2026-09-28,대웅제약,069620,주식,60,1785,,,,,,,38,444,,,,,,
2026-09-28,넥스틴,348210,주식,60,1671,,,,,,,36,408,,,,,,
2026-09-28,에코앤드림,101360,주식,60,2353,,,,,,,34,594,,,,,,
2026-09-28,케이엔알시스템,199430,주식,60,2386,,,,,,,21,547,,,,,,
2026-09-28,현대약품,004310,주식,60,4536,,,,,,,19,683,,,,,,
2026-09-28,솔브레인홀딩스,036830,주식,60,1219,,,,,,,19,336,,,,,,
2026-09-28,KODEX 은행,091170,주식,60,2673,,,,,,,52,567,,,,,,
2026-09-28,샘씨엔에스,252990,주식,60,916,,,,,,,114,695,,,,,,
2026-09-28,CJ4우(전환),00104K,주식,60,613,,,,,,,38,323,,,,,,
2026-09-28,강원에너지,114190,주식,60,2777,,,,,,,25,597,,,,,,
2026-09-28,LG생활건강우,051905,주식,60,2009,,,,,,,18,346,,,,,,
2026-09-28,S-Oil우,010955,주식,59,752,,,,,,,39,167,,,,,,
2026-09-28,대웅,003090,주식,59,2026,,,,,,,19,379,,,,,,
2026-09-28,티엠씨,217590,주식,59,2452,,,,,,,18,570,,,,,,
2026-09-28,인바디,041830,주식,59,675,,,,,,,65,185,,,,,,
2026-09-28,TIGER 200타겟위클리커버드콜,0104N0,주식,59,1222,,,,,,,27,212,,,,,,
2026-09-28,일진하이솔루스,271940,주식,59,4652,,,,,,,24,898,,,,,,
2026-09-28,흥구석유,024060,주식,59,3131,,,,,,,12,504,,,,,,
2026-09-28,PLUS 자사주매입고배당주,0098N0,주식,59,1581,,,,,,,22,263,,,,,,
2026-09-28,아이엘,307180,주식,59,1057,,,,,,,44,228,,,,,,
2026-09-28,퓨쳐켐,220100,주식,58,1720,,,,,,,42,561,,,,,,
2026-09-28,모트렉스,118990,주식,58,2454,,,,,,,21,457,,,,,,
2026-09-28,풍산홀딩스,005810,주식,58,1315,,,,,,,53,483,,,,,,
2026-09-28,TIGER 미국S&P500배당귀족,429000,주식,58,3360,,,,,,,17,443,,,,,,
2026-09-28,쓰리빌리언,394800,주식,58,2113,,,,,,,591,413,,,,,,
2026-09-28,다우데이타,032190,주식,58,845,,,,,,,61,261,,,,,,
2026-09-28,TIGER 미국달러단기채권액티브,329750,주식,58,2161,,,,,,,22,303,,,,,,
2026-09-28,HB테크놀러지,078150,주식,58,3356,,,,,,,26,810,,,,,,
2026-09-28,디아이씨,092200,주식,57,2478,,,,,,,26,652,,,,,,
2026-09-28,자화전자,033240,주식,57,1323,,,,,,,858,357,,,,,,
2026-09-28,TIGER 미국AI전력SMR,0123G0,주식,57,3436,,,,,,,24,794,,,,,,
2026-09-28,TIGER TDF2045 적격,0025N0,주식,57,2255,,,,,,,19,332,,,,,,
2026-09-28,KODEX 차이나휴머노이드로봇,0048K0,주식,57,3012,,,,,,,24,659,,,,,,
2026-09-28,한진칼,180640,주식,57,1147,,,,,,,82,670,,,,,,
2026-09-28,TIGER 미국AI데이터센터TOP4Plus,0142D0,주식,56,3593,,,,,,,18,597,,,,,,
2026-09-28,SOL SK하이닉스선물단일종목인버스2X,0197X0,주식,56,553,,,,,,,14,87,,,,,,
2026-09-28,삼성 블룸버그 인버스2X WTI원유선물 ETN B,530134,주식,56,510,,,,,,,18,90,,,,,,
2026-09-28,RISE 코리아전략산업액티브,0151P0,주식,56,2078,,,,,,,20,398,,,,,,
2026-09-28,더블유씨피,393890,주식,56,2172,,,,,,,34,541,,,,,,
2026-09-28,유니드,014830,주식,56,1152,,,,,,,23,250,,,,,,
2026-09-28,퀄리타스반도체,432720,주식,56,8001,,,,,,,547,1360,,,,,,
2026-09-28,YG PLUS,037270,주식,56,3115,,,,,,,14,485,,,,,,
2026-09-28,AP시스템,265520,주식,56,1465,,,,,,,27,428,,,,,,
2026-09-28,센서뷰,321370,주식,56,2908,,,,,,,15,476,,,,,,
2026-09-28,이엔에프테크놀로지,102710,주식,55,1312,,,,,,,521,392,,,,,,
2026-09-28,ESR켄달스퀘어리츠,365550,주식,55,1924,,,,,,,47,451,,,,,,
2026-09-28,TIGER 글로벌AI액티브,466950,주식,55,1813,,,,,,,47,481,,,,,,
2026-09-28,네오위즈,095660,주식,55,1099,,,,,,,23,261,,,,,,
2026-09-28,미래나노텍,095500,주식,55,2944,,,,,,,315,799,,,,,,
2026-09-28,신한알파리츠,293940,주식,55,1492,,,,,,,53,532,,,,,,
2026-09-28,1Q K반도체TOP2+,0182R0,주식,55,2460,,,,,,,38,554,,,,,,
2026-09-28,필에너지,378340,주식,55,2708,,,,,,,18,629,,,,,,
2026-09-28,대동,000490,주식,55,2339,,,,,,,29,485,,,,,,
2026-09-28,파트론,091700,주식,55,1995,,,,,,,28,515,,,,,,
2026-09-28,한미글로벌,053690,주식,55,2038,,,,,,,26,634,,,,,,
2026-09-28,KODEX 2차전지핵심소재10,461950,주식,54,4236,,,,,,,43,839,,,,,,
2026-09-28,KIWOOM 코스닥150커버드콜액티브,0198A0,주식,54,824,,,,,,,10,136,,,,,,
2026-09-28,코람코라이프인프라리츠,357120,주식,54,941,,,,,,,34,394,,,,,,
2026-09-28,PLUS 200커버드콜액티브,0210E0,주식,54,803,,,,,,,8,145,,,,,,
2026-09-28,펨트론,168360,주식,54,1248,,,,,,,29,304,,,,,,
2026-09-28,스맥,099440,주식,54,1551,,,,,,,71,351,,,,,,
2026-09-28,지투파워,388050,주식,54,3819,,,,,,,489,899,,,,,,
2026-09-28,바이오플러스,099430,주식,54,1033,,,,,,,49,225,,,,,,
2026-09-28,큐라클,365270,주식,54,1287,,,,,,,32,249,,,,,,
2026-09-28,케이아이엔엑스,093320,주식,54,374,,,,,,,14,166,,,,,,
2026-09-28,나무AX,242040,주식,54,6496,,,,,,,11,772,,,,,,
2026-09-28,마녀공장,439090,주식,54,4719,,,,,,,17,735,,,,,,
2026-09-28,한화머시너리앤서비스홀딩스,0220W0,주식,53,6349,,,,,,,23,1550,,,,,,
2026-09-28,ACE 미국AI테크핵심산업액티브,0118Z0,주식,53,3861,,,,,,,20,570,,,,,,
2026-09-28,프레스티지바이오파마,950210,주식,53,2004,,,,,,,16,414,,,,,,
2026-09-28,KG이니시스,035600,주식,53,1953,,,,,,,36,377,,,,,,
2026-09-28,NHN,181710,주식,53,1550,,,,,,,91,391,,,,,,
2026-09-28,바이오다인,314930,주식,53,601,,,,,,,11,144,,,,,,
2026-09-28,골프존,215000,주식,53,1593,,,,,,,46,372,,,,,,
2026-09-28,네패스아크,330860,주식,53,1285,,,,,,,50,563,,,,,,
2026-09-28,LX하우시스,108670,주식,53,1702,,,,,,,52,484,,,,,,
2026-09-28,콜마홀딩스,024720,주식,53,1128,,,,,,,143,312,,,,,,
2026-09-28,SBS,034120,주식,53,1296,,,,,,,27,451,,,,,,
2026-09-28,씨메스로보틱스,475400,주식,53,2478,,,,,,,26,553,,,,,,
2026-09-28,아이에스동서,010780,주식,53,1804,,,,,,,26,387,,,,,,
2026-09-28,SOL 조선TOP3플러스레버리지,0080Y0,주식,52,842,,,,,,,8,126,,,,,,
2026-09-28,켄코아에어로스페이스,274090,주식,52,3596,,,,,,,15,572,,,,,,
2026-09-28,갤럭시아머니트리,094480,주식,52,2093,,,,,,,80,409,,,,,,
2026-09-28,SOL 팔란티어미국채커버드콜혼합,0040X0,주식,52,1262,,,,,,,15,247,,,,,,
2026-09-28,SOL 국제금,0066W0,주식,52,2190,,,,,,,12,344,,,,,,
2026-09-28,한솔테크닉스,004710,주식,52,1550,,,,,,,93,750,,,,,,
2026-09-28,유진투자증권,001200,주식,52,1262,,,,,,,78,1040,,,,,,
2026-09-28,메카로,241770,주식,52,302,,,,,,,882,256,,,,,,
2026-09-28,국도화학,007690,주식,52,776,,,,,,,23,322,,,,,,
2026-09-28,ACE 머니마켓액티브,487340,주식,51,373,,,,,,,18,87,,,,,,
2026-09-28,KODEX 국고채30년액티브,439870,주식,51,2067,,,,,,,12,209,,,,,,
2026-09-28,롯데손해보험,000400,주식,51,1141,,,,,,,18,317,,,,,,
2026-09-28,PLUS 코스피50,122090,주식,51,951,,,,,,,27,230,,,,,,
2026-09-28,나우로보틱스,459510,주식,51,2867,,,,,,,16,596,,,,,,
2026-09-28,금호전기,001210,주식,51,2744,,,,,,,118,588,,,,,,
2026-09-28,GKL,114090,주식,51,3248,,,,,,,33,383,,,,,,
2026-09-28,제이오,418550,주식,51,2511,,,,,,,630,639,,,,,,
2026-09-28,태광산업,003240,주식,51,370,,,,,,,16,128,,,,,,
2026-09-28,HLB글로벌,003580,주식,51,2991,,,,,,,29,716,,,,,,
2026-09-28,폴라리스오피스,041020,주식,51,2086,,,,,,,264,404,,,,,,
2026-09-28,KODEX 종합채권(AA-이상)액티브,273130,주식,50,1871,,,,,,,16,1006,,,,,,
2026-09-28,ACE 미국WideMoat동일가중,309230,주식,50,2081,,,,,,,11,266,,,,,,
2026-09-28,ACE K휴머노이드로봇산업TOP2+,0177X0,주식,50,2438,,,,,,,18,518,,,,,,
2026-09-28,스틱인베스트먼트,026890,주식,50,1806,,,,,,,16,337,,,,,,
2026-09-28,KODEX 미국S&P500선물(H),219480,주식,50,1041,,,,,,,16,255,,,,,,
2026-09-28,한양디지텍,078350,주식,50,725,,,,,,,18,398,,,,,,
2026-09-28,메디포스트,078160,주식,50,1442,,,,,,,48,640,,,,,,
2026-09-28,바이젠셀,308080,주식,50,1397,,,,,,,12,283,,,,,,
2026-09-28,흥아해운,003280,주식,50,4394,,,,,,,38,697,,,,,,
2026-09-28,한솔아이원스,114810,주식,50,962,,,,,,,78,831,,,,,,
2026-09-28,코세스,089890,주식,50,929,,,,,,,22,203,,,,,,
2026-09-28,더블유게임즈,192080,주식,50,661,,,,,,,5295,510,,,,,,
2026-09-28,삼지전자,037460,주식,50,831,,,,,,,32,223,,,,,,
2026-09-28,GS글로벌,001250,주식,50,2087,,,,,,,13,410,,,,,,
2026-09-28,나라스페이스테크놀로지,478340,주식,49,3244,,,,,,,11,550,,,,,,
2026-09-28,매일유업,267980,주식,49,2971,,,,,,,10,282,,,,,,
2026-09-28,TIGER 토탈월드스탁액티브,0060H0,주식,49,1321,,,,,,,18,240,,,,,,
2026-09-28,KG에코솔루션,151860,주식,49,1719,,,,,,,10,277,,,,,,
2026-09-28,KODEX 국고채10년액티브,471230,주식,49,1739,,,,,,,11,218,,,,,,
2026-09-28,에이팩트,200470,주식,49,1123,,,,,,,22,344,,,,,,
2026-09-28,데브시스터즈,194480,주식,49,3173,,,,,,,25,345,,,,,,
2026-09-28,롯데칠성,005300,주식,49,1232,,,,,,,37,263,,,,,,
2026-09-28,동아에스티,170900,주식,49,877,,,,,,,52,331,,,,,,
2026-09-28,포스코스틸리온,058430,주식,49,2555,,,,,,,33,509,,,,,,
2026-09-28,엠로,058970,주식,49,4452,,,,,,,55,1036,,,,,,
2026-09-28,SK가스,018670,주식,49,834,,,,,,,60,236,,,,,,
2026-09-28,뷰웍스,100120,주식,49,559,,,,,,,94,164,,,,,,
2026-09-28,이랜텍,054210,주식,49,984,,,,,,,17,196,,,,,,
2026-09-28,대신증권2우B,003547,주식,49,898,,,,,,,27,212,,,,,,
2026-09-28,HANARO 전력설비투자,491820,주식,49,1523,,,,,,,27,396,,,,,,
2026-09-28,SOL 미국원자력SMR,0051G0,주식,48,2724,,,,,,,24,614,,,,,,
2026-09-28,화신,010690,주식,48,3180,,,,,,,20,672,,,,,,
2026-09-28,효성화학,298000,주식,48,2207,,,,,,,45,511,,,,,,
2026-09-28,비츠로테크,042370,주식,48,2214,,,,,,,18,459,,,,,,
2026-09-28,모베이스전자,012860,주식,48,2071,,,,,,,15,391,,,,,,
2026-09-28,한양증권,001750,주식,48,402,,,,,,,48,193,,,,,,
2026-09-28,현대차증권,001500,주식,48,1624,,,,,,,115,1250,,,,,,
2026-09-28,ACE KPOP포커스,475050,주식,48,1395,,,,,,,24,394,,,,,,
2026-09-28,대성하이텍,129920,주식,48,635,,,,,,,7,139,,,,,,
2026-09-28,바이오솔루션,086820,주식,48,598,,,,,,,40,201,,,,,,
2026-09-28,코웨이,021240,주식,48,980,,,,,,,39,201,,,,,,
2026-09-28,JW생명과학,234080,주식,48,1345,,,,,,,29,255,,,,,,
2026-09-28,KODEX 자동차,091180,주식,48,2526,,,,,,,51,787,,,,,,
2026-09-28,TIGER 미국다우존스30,245340,주식,47,2060,,,,,,,16,600,,,,,,
2026-09-28,아세아시멘트,183190,주식,47,1069,,,,,,,28,419,,,,,,
2026-09-28,KoAct 글로벌AI&로봇액티브,471040,주식,47,1555,,,,,,,30,532,,,,,,
2026-09-28,KODEX 미국나스닥AI테크액티브,411420,주식,47,1436,,,,,,,21,339,,,,,,
2026-09-28,신세계인터내셔날,031430,주식,47,2287,,,,,,,32,435,,,,,,
2026-09-28,SG,255220,주식,47,1859,,,,,,,14,423,,,,,,
2026-09-28,하이비젼시스템,126700,주식,47,1223,,,,,,,17,478,,,,,,
2026-09-28,풀무원,017810,주식,47,4244,,,,,,,13,574,,,,,,
2026-09-28,엠앤씨솔루션,484870,주식,47,1030,,,,,,,22,230,,,,,,
2026-09-28,티케이케미칼,104480,주식,47,1707,,,,,,,16,325,,,,,,
2026-09-28,나노,187790,주식,47,555,,,,,,,10,111,,,,,,
2026-09-28,하림,136480,주식,47,3716,,,,,,,23,579,,,,,,
2026-09-28,한화손해보험,000370,주식,47,1211,,,,,,,29,419,,,,,,
2026-09-28,오리엔탈정공,014940,주식,47,2061,,,,,,,16,460,,,,,,
2026-09-28,에코프로비엠 18R,75401G,주식,47,22843,,,,,,,24,7535,,,,,,
2026-09-28,서연이화,200880,주식,47,1759,,,,,,,17,416,,,,,,
2026-09-28,PLUS 태양광&ESS,457990,주식,47,2093,,,,,,,23,490,,,,,,
2026-09-28,농심홀딩스,072710,주식,47,838,,,,,,,42,167,,,,,,
2026-09-28,1Q 200액티브,451060,주식,47,1011,,,,,,,13,192,,,,,,
2026-09-28,SOL 미국나스닥100,476030,주식,47,1561,,,,,,,7,194,,,,,,
2026-09-28,SOL 자동차TOP3플러스,466930,주식,46,2161,,,,,,,25,544,,,,,,
2026-09-28,씨앤지하이테크,264660,주식,46,567,,,,,,,16,173,,,,,,
2026-09-28,인제니아테라퓨틱스(Reg.S),950260,주식,46,369,,,,,,,56,81,,,,,,
2026-09-28,KG케미칼,001390,주식,46,1632,,,,,,,10,314,,,,,,
2026-09-28,인터플렉스,051370,주식,46,1142,,,,,,,19,400,,,,,,
2026-09-28,제이엘케이,322510,주식,46,1465,,,,,,,277,377,,,,,,
2026-09-28,KODEX 바이오,244580,주식,46,3101,,,,,,,39,921,,,,,,
2026-09-28,PLUS 미국S&P500(H),269540,주식,46,1566,,,,,,,9,337,,,,,,
2026-09-28,NICE평가정보,030190,주식,46,1077,,,,,,,47,240,,,,,,
2026-09-28,디아이티,110990,주식,46,786,,,,,,,22,246,,,,,,
2026-09-28,다원시스,068240,주식,46,3157,,,,,,,20,706,,,,,,
2026-09-28,TIGER 화장품,228790,주식,46,3757,,,,,,,30,768,,,,,,
2026-09-28,케이엔제이,272110,주식,46,664,,,,,,,17,318,,,,,,
2026-09-28,E1,017940,주식,46,575,,,,,,,37,163,,,,,,
2026-09-28,나인테크,267320,주식,46,2885,,,,,,,25,615,,,,,,
2026-09-28,ACE 국고채10년,365780,주식,46,1375,,,,,,,13,258,,,,,,
2026-09-28,SOL 전고체배터리&실리콘음극재,0005D0,주식,46,2291,,,,,,,36,653,,,,,,
2026-09-28,에이치엔에스하이텍,044990,주식,45,309,,,,,,,21,84,,,,,,
2026-09-28,영원무역홀딩스,009970,주식,45,357,,,,,,,20,103,,,,,,
2026-09-28,알에스오토메이션,140670,주식,45,1533,,,,,,,110,412,,,,,,
2026-09-28,PLUS 고배당주위클리고정커버드콜,0018C0,주식,45,1251,,,,,,,10,200,,,,,,
2026-09-28,ACE 200TR,332500,주식,45,615,,,,,,,11,146,,,,,,
2026-09-28,TIGER 지주회사,307520,주식,45,1465,,,,,,,36,497,,,,,,
2026-09-28,유안타증권,003470,주식,45,1317,,,,,,,82,1053,,,,,,
2026-09-28,유니퀘스트,077500,주식,45,824,,,,,,,24,194,,,,,,
2026-09-28,빙그레,005180,주식,45,1723,,,,,,,78,1050,,,,,,
2026-09-28,대덕,008060,주식,45,1365,,,,,,,47,329,,,,,,
2026-09-28,하이록코리아,013030,주식,45,856,,,,,,,14,181,,,,,,
2026-09-28,SK이노베이션우,096775,주식,45,1768,,,,,,,23,362,,,,,,
2026-09-28,일양약품,007570,주식,45,2451,,,,,,,28,736,,,,,,
2026-09-28,광동제약,009290,주식,45,2914,,,,,,,161,860,,,,,,
2026-09-28,한세실업,105630,주식,45,2928,,,,,,,13,239,,,,,,
2026-09-28,메가터치,446540,주식,45,322,,,,,,,8,76,,,,,,
2026-09-28,KODEX 건설,117700,주식,45,3492,,,,,,,42,765,,,,,,
2026-09-28,TIGER AI반도체핵심공정,471760,주식,45,2477,,,,,,,36,575,,,,,,
2026-09-28,ACE 미국10년국채액티브,0085P0,주식,44,1808,,,,,,,7,291,,,,,,
2026-09-28,코난테크놀로지,402030,주식,44,4015,,,,,,,536,953,,,,,,
2026-09-28,콜마비앤에이치,200130,주식,44,2716,,,,,,,23,562,,,,,,
2026-09-28,삼성제약,001360,주식,44,5856,,,,,,,27,1041,,,,,,
2026-09-28,TIGER 단기채권액티브,272580,주식,44,828,,,,,,,13,200,,,,,,
2026-09-28,삼진제약,005500,주식,44,887,,,,,,,270,272,,,,,,
2026-09-28,이지홀딩스,035810,주식,44,1094,,,,,,,40,309,,,,,,
2026-09-28,압타바이오,293780,주식,44,1490,,,,,,,18,284,,,,,,
2026-09-28,에스투더블유,488280,주식,44,1651,,,,,,,18,375,,,,,,
2026-09-28,피델릭스,032580,주식,44,579,,,,,,,9,169,,,,,,
2026-09-28,삼일제약,000520,주식,44,767,,,,,,,22,203,,,,,,
2026-09-28,TIGER 차이나반도체FACTSET,396520,주식,43,1580,,,,,,,33,504,,,,,,
2026-09-28,아진엑스텍,059120,주식,43,1402,,,,,,,30,470,,,,,,
2026-09-28,제넥신,095700,주식,43,5571,,,,,,,23,1564,,,,,,
2026-09-28,금호석유화학우,011785,주식,43,1355,,,,,,,12,256,,,,,,
2026-09-28,알멕,354320,주식,43,1225,,,,,,,14,455,,,,,,
2026-09-28,남선알미늄,008350,주식,43,43294,,,,,,,14,790,,,,,,
2026-09-28,RISE 고배당,266160,주식,43,1178,,,,,,,11,182,,,,,,
2026-09-28,PLUS 200,152100,주식,43,622,,,,,,,11,104,,,,,,
2026-09-28,웹젠,069080,주식,43,1520,,,,,,,22,405,,,,,,
2026-09-28,쿠콘,294570,주식,43,1553,,,,,,,15,308,,,,,,
2026-09-28,동원시스템즈,014820,주식,43,1142,,,,,,,57,520,,,,,,
2026-09-28,씨씨에스,066790,주식,43,1959,,,,,,,7,441,,,,,,
2026-09-28,GC메디아이,032620,주식,43,1826,,,,,,,31,527,,,,,,
2026-09-28,삼양바이오팜,0120G0,주식,43,1089,,,,,,,24,345,,,,,,
2026-09-28,대원제약,003220,주식,43,1589,,,,,,,24,305,,,,,,
2026-09-28,지앤비에스 에코,382800,주식,43,771,,,,,,,23,237,,,,,,
2026-09-28,DMS,068790,주식,43,586,,,,,,,23,182,,,,,,
2026-09-28,성신양회,004980,주식,43,1439,,,,,,,23,609,,,,,,
2026-09-28,HC홈센타,060560,주식,43,566,,,,,,,4,112,,,,,,
2026-09-28,SOL 국제금커버드콜액티브,0022T0,주식,43,1533,,,,,,,18,479,,,,,,
2026-09-28,ACE SK하이닉스단일종목레버리지,0194T0,주식,42,657,,,,,,,12,128,,,,,,
2026-09-28,세아제강,306200,주식,42,1035,,,,,,,13,403,,,,,,
2026-09-28,KODEX 미국30년국채울트라선물(H),304660,주식,42,1731,,,,,,,23,788,,,,,,
2026-09-28,ACE 고배당주,0139P0,주식,42,1950,,,,,,,12,318,,,,,,
2026-09-28,HB솔루션,297890,주식,42,1177,,,,,,,13,330,,,,,,
2026-09-28,에브리봇,270660,주식,42,2034,,,,,,,20,506,,,,,,
2026-09-28,KODEX 단기채권,153130,주식,42,759,,,,,,,7,105,,,,,,
2026-09-28,비츠로넥스텍,488900,주식,42,1623,,,,,,,13,352,,,,,,
2026-09-28,KODEX 200액티브,494890,주식,42,1007,,,,,,,22,284,,,,,,
2026-09-28,프로텍,053610,주식,42,875,,,,,,,57,189,,,,,,
2026-09-28,쿠쿠홈시스,284740,주식,42,1192,,,,,,,237,228,,,,,,
2026-09-28,유진기업,023410,주식,42,1299,,,,,,,26,347,,,,,,
2026-09-28,하나기술,299030,주식,42,2846,,,,,,,43,656,,,,,,
2026-09-28,JW신약,067290,주식,42,2446,,,,,,,23,689,,,,,,
2026-09-28,PLUS 글로벌휴머노이드로봇액티브,0035T0,주식,42,2439,,,,,,,21,575,,,,,,
2026-09-28,제이에스코퍼레이션,194370,주식,41,489,,,,,,,69,827,,,,,,
2026-09-28,삼양홀딩스,000070,주식,41,583,,,,,,,29,237,,,,,,
2026-09-28,SNT홀딩스,036530,주식,41,513,,,,,,,31,115,,,,,,
2026-09-28,핑거,163730,주식,41,777,,,,,,,13,159,,,,,,
2026-09-28,우리넷,115440,주식,41,1457,,,,,,,46,380,,,,,,
2026-09-28,텔레칩스,054450,주식,41,2263,,,,,,,20,536,,,,,,
2026-09-28,현대사료,016790,주식,41,4348,,,,,,,16,889,,,,,,
2026-09-28,한국기업평가,034950,주식,41,998,,,,,,,12,183,,,,,,
2026-09-28,자이에스앤디,317400,주식,41,1159,,,,,,,36,751,,,,,,
2026-09-28,코아스템켐온,166480,주식,41,2153,,,,,,,21,632,,,,,,
2026-09-28,SJG세종,033530,주식,41,1462,,,,,,,18,355,,,,,,
2026-09-28,계룡건설,013580,주식,41,890,,,,,,,8,176,,,,,,
2026-09-28,노루페인트,090350,주식,41,1254,,,,,,,17,234,,,,,,
2026-09-28,퍼스텍,010820,주식,41,2823,,,,,,,591,786,,,,,,
2026-09-28,타이거일렉,219130,주식,41,221,,,,,,,81,587,,,,,,
2026-09-28,한농화성,011500,주식,41,2502,,,,,,,21,567,,,,,,
2026-09-28,PLUS 테슬라위클리커버드콜채권혼합,0132K0,주식,41,855,,,,,,,15,163,,,,,,
2026-09-28,KoAct 글로벌AI메모리반도체액티브,0174B0,주식,40,1417,,,,,,,27,372,,,,,,
2026-09-28,KB스타리츠,432320,주식,40,1181,,,,,,,14,246,,,,,,
2026-09-28,인화정공,101930,주식,40,509,,,,,,,5,71,,,,,,
2026-09-28,심텍홀딩스,036710,주식,40,726,,,,,,,937,231,,,,,,
2026-09-28,제이브이엠,054950,주식,40,856,,,,,,,12,189,,,,,,
2026-09-28,글로벌텍스프리,204620,주식,40,866,,,,,,,13,192,,,,,,
2026-09-28,현대비앤지스틸,004560,주식,40,1158,,,,,,,255,338,,,,,,
2026-09-28,와이씨켐,112290,주식,40,1713,,,,,,,20,391,,,,,,
2026-09-28,한국석유,004090,주식,40,2211,,,,,,,77,404,,,,,,
2026-09-28,티앤알바이오팹,246710,주식,40,1129,,,,,,,12,213,,,,,,
2026-09-28,헬릭스미스,084990,주식,40,2152,,,,,,,23,848,,,,,,
2026-09-28,TYM,002900,주식,40,1327,,,,,,,15,392,,,,,,
2026-09-28,미투온,201490,주식,40,1473,,,,,,,14,295,,,,,,
2026-09-28,어보브반도체,102120,주식,40,2365,,,,,,,300,679,,,,,,
2026-09-28,한신공영,004960,주식,40,688,,,,,,,13,135,,,,,,
2026-09-28,삼립,005610,주식,40,1400,,,,,,,8,238,,,,,,
2026-09-28,네오팜,092730,주식,40,568,,,,,,,35,181,,,,,,
2026-09-28,액트로,290740,주식,40,381,,,,,,,6,80,,,,,,
2026-09-28,플리토,300080,주식,40,1627,,,,,,,99,362,,,,,,
2026-09-28,1Q 머니마켓액티브,479080,주식,40,254,,,,,,,3,34,,,,,,
2026-09-28,메가스터디교육,215200,주식,40,914,,,,,,,26,153,,,,,,
2026-09-28,범한퓨얼셀,382900,주식,40,5973,,,,,,,19,1137,,,,,,
2026-09-28,네오티스,085910,주식,40,979,,,,,,,53,579,,,,,,
2026-09-28,삼영무역,002810,주식,40,345,,,,,,,64,100,,,,,,
2026-09-28,야스,255440,주식,39,579,,,,,,,235,158,,,,,,
2026-09-28,엘오티베큠,083310,주식,39,1446,,,,,,,319,304,,,,,,
2026-09-28,켐트로스,220260,주식,39,1974,,,,,,,19,424,,,,,,
2026-09-28,HT로보틱스,396300,주식,39,1302,,,,,,,8,274,,,,,,
2026-09-28,HEM파마,376270,주식,39,1412,,,,,,,30,248,,,,,,
2026-09-28,피아이이,452450,주식,39,1483,,,,,,,22,333,,,,,,
2026-09-28,KEC,092220,주식,39,3948,,,,,,,16,890,,,,,,
2026-09-28,나무가,190510,주식,39,1458,,,,,,,15,338,,,,,,
2026-09-28,한라IMS,092460,주식,39,552,,,,,,,8,110,,,,,,
2026-09-28,코윈로보틱스,282880,주식,39,1815,,,,,,,16,375,,,,,,
2026-09-28,바디텍메드,206640,주식,39,1019,,,,,,,35,254,,,,,,
2026-09-28,펌텍코리아,251970,주식,39,750,,,,,,,4478,441,,,,,,
2026-09-28,트리니티항공,091810,주식,39,5158,,,,,,,12,471,,,,,,
2026-09-28,뷰노,338220,주식,39,2714,,,,,,,16,630,,,,,,
2026-09-28,유아이엘,049520,주식,39,381,,,,,,,9,99,,,,,,
2026-09-28,UNICORN SK하이닉스밸류체인액티브,494220,주식,38,1000,,,,,,,44,262,,,,,,
2026-09-28,GS피앤엘,499790,주식,38,2215,,,,,,,15,501,,,,,,
2026-09-28,KODEX TDF2040액티브 적격,433980,주식,38,1313,,,,,,,9,187,,,,,,
2026-09-28,PLUS 신흥국MSCI(합성 H),195980,주식,38,1776,,,,,,,10,684,,,,,,
2026-09-28,SOL 미국AI반도체칩메이커,479620,주식,38,1102,,,,,,,22,283,,,,,,
2026-09-28,미래에셋생명,085620,주식,38,975,,,,,,,21,266,,,,,,
2026-09-28,에치에프알,230240,주식,38,1466,,,,,,,20,563,,,,,,
2026-09-28,동국홀딩스,001230,주식,38,3905,,,,,,,18,897,,,,,,
2026-09-28,아크릴,0007C0,주식,38,1121,,,,,,,27,222,,,,,,
2026-09-28,에이치엠넥스,036170,주식,38,1505,,,,,,,29,459,,,,,,
2026-09-28,금화피에스시,036190,주식,38,259,,,,,,,330,63,,,,,,
2026-09-28,휴온스,243070,주식,38,982,,,,,,,19,278,,,,,,
2026-09-28,SP삼화,000390,주식,38,1641,,,,,,,28,331,,,,,,
2026-09-28,유니트론텍,142210,주식,38,794,,,,,,,11,207,,,,,,
2026-09-28,TIGER Fn신재생에너지,377990,주식,38,1698,,,,,,,18,357,,,,,,
2026-09-28,ACE 포스코그룹포커스,469170,주식,37,1942,,,,,,,33,551,,,,,,
2026-09-28,아모레퍼시픽우,090435,주식,37,1797,,,,,,,18,306,,,,,,
2026-09-28,삼미금속,012210,주식,37,1662,,,,,,,12,319,,,,,,
2026-09-28,HL홀딩스,060980,주식,37,949,,,,,,,37,300,,,,,,
2026-09-28,노바렉스,194700,주식,37,916,,,,,,,28,365,,,,,,
2026-09-28,우진엔텍,457550,주식,37,1984,,,,,,,15,493,,,,,,
2026-09-28,파워로직스,047310,주식,37,2712,,,,,,,32,727,,,,,,
2026-09-28,버킷스튜디오,066410,주식,37,5169,,,,,,,9,804,,,,,,
2026-09-28,나노엔텍,039860,주식,37,2678,,,,,,,36,481,,,,,,
2026-09-28,코오롱생명과학,102940,주식,37,1294,,,,,,,28,431,,,,,,
2026-09-28,더즌,462860,주식,37,2793,,,,,,,793,561,,,,,,
2026-09-28,모두투어,080160,주식,37,3608,,,,,,,16,667,,,,,,
2026-09-28,한국첨단소재,062970,주식,37,2863,,,,,,,12,634,,,,,,
2026-09-28,에어부산,298690,주식,37,4037,,,,,,,8,433,,,,,,
2026-09-28,한국앤컴퍼니,000240,주식,37,3642,,,,,,,39,277,,,,,,
2026-09-28,아세아제지,002310,주식,37,626,,,,,,,14,305,,,,,,
2026-09-28,셀레믹스,331920,주식,37,647,,,,,,,9,116,,,,,,
2026-09-28,한국단자,025540,주식,37,998,,,,,,,21,261,,,,,,
2026-09-28,미원에스씨,268280,주식,37,140,,,,,,,11,45,,,,,,
2026-09-28,이지스밸류플러스리츠,334890,주식,37,630,,,,,,,20,144,,,,,,
2026-09-28,RISE 버크셔포트폴리오TOP10,475350,주식,36,1821,,,,,,,6,241,,,,,,
2026-09-28,엘앤케이바이오,156100,주식,36,1082,,,,,,,11,206,,,,,,
2026-09-28,TIME K바이오액티브,463050,주식,36,1794,,,,,,,58,925,,,,,,
2026-09-28,RISE 미국S&P500(H),453330,주식,36,790,,,,,,,5,80,,,,,,
2026-09-28,KBI동양철관,008970,주식,36,2536,,,,,,,42,667,,,,,,
2026-09-28,한국정보인증,053300,주식,36,1819,,,,,,,17,351,,,,,,
2026-09-28,서연,007860,주식,36,811,,,,,,,5,199,,,,,,
2026-09-28,네오오토,212560,주식,36,498,,,,,,,9,84,,,,,,
2026-09-28,테라뷰,950250,주식,36,1951,,,,,,,9,369,,,,,,
2026-09-28,이노테크,469610,주식,36,1504,,,,,,,9,298,,,,,,
2026-09-28,고려신용정보,049720,주식,36,1206,,,,,,,27,174,,,,,,
2026-09-28,컨텍,451760,주식,36,1523,,,,,,,14,247,,,,,,
2026-09-28,셀비온,308430,주식,36,662,,,,,,,24,168,,,,,,
2026-09-28,톱텍,108230,주식,36,1274,,,,,,,8,295,,,,,,
2026-09-28,도이치모터스,067990,주식,36,594,,,,,,,10,134,,,,,,
2026-09-28,한섬,020000,주식,36,1460,,,,,,,14,209,,,,,,
2026-09-28,삼화전기,009470,주식,36,1512,,,,,,,371,428,,,,,,
2026-09-28,도우인시스,484120,주식,36,610,,,,,,,9,136,,,,,,
2026-09-28,서울바이오시스,092190,주식,36,1189,,,,,,,27,477,,,,,,
2026-09-28,그린광학,0015G0,주식,36,1682,,,,,,,18,382,,,,,,
2026-09-28,아톤,158430,주식,36,1551,,,,,,,18,377,,,,,,
2026-09-28,세원정공,021820,주식,36,87,,,,,,,2,36,,,,,,
2026-09-28,AJ네트웍스,095570,주식,36,877,,,,,,,88,190,,,,,,
2026-09-28,셀리드,299660,주식,36,2081,,,,,,,11,442,,,,,,
2026-09-28,조일알미늄,018470,주식,36,2460,,,,,,,11,453,,,,,,
2026-09-28,TIME 글로벌탑픽액티브,0113D0,주식,36,844,,,,,,,10,209,,,,,,
2026-09-28,TIGER 200 중공업,139230,주식,35,2218,,,,,,,22,362,,,,,,
2026-09-28,송원산업,004430,주식,35,786,,,,,,,27,271,,,,,,
2026-09-28,링크솔루션,474650,주식,35,1030,,,,,,,12,236,,,,,,
2026-09-28,윤성에프앤씨,372170,주식,35,2393,,,,,,,13,614,,,,,,
2026-09-28,에스앤디,260970,주식,35,498,,,,,,,11,196,,,,,,
2026-09-28,일진다이아,081000,주식,35,1924,,,,,,,20,503,,,,,,
2026-09-28,동화약품,000020,주식,35,2108,,,,,,,57,402,,,,,,
2026-09-28,동화기업,025900,주식,35,2060,,,,,,,13,474,,,,,,
2026-09-28,티씨머티리얼즈,125020,주식,35,1178,,,,,,,11,347,,,,,,
2026-09-28,경인양행,012610,주식,35,3657,,,,,,,17,495,,,,,,
2026-09-28,제주은행,006220,주식,35,1414,,,,,,,21,324,,,,,,
2026-09-28,광주신세계,037710,주식,35,949,,,,,,,27,246,,,,,,
2026-09-28,더본코리아,475560,주식,35,17281,,,,,,,1412,1558,,,,,,
2026-09-28,대명에너지,389260,주식,35,3078,,,,,,,753,602,,,,,,
2026-09-28,원익피앤이,217820,주식,35,3092,,,,,,,18,695,,,,,,
2026-09-28,아미노로직스,074430,주식,35,767,,,,,,,19,267,,,,,,
2026-09-28,삼영,003720,주식,35,1196,,,,,,,26,287,,,,,,
2026-09-28,RISE TDF2050액티브 적격,442570,주식,35,1050,,,,,,,9,127,,,,,,
2026-09-28,TIGER 구글밸류체인,0190Y0,주식,34,2251,,,,,,,13,415,,,,,,
2026-09-28,애경산업,018250,주식,34,1679,,,,,,,17,357,,,,,,
2026-09-28,TIGER 미국S&P500선물(H),143850,주식,34,674,,,,,,,15,166,,,,,,
2026-09-28,이연제약,102460,주식,34,1189,,,,,,,72,317,,,,,,
2026-09-28,쿠쿠홀딩스,192400,주식,34,673,,,,,,,1092,367,,,,,,
2026-09-28,이구산업,025820,주식,34,1984,,,,,,,13,383,,,,,,
2026-09-28,포바이포,389140,주식,34,1842,,,,,,,14,355,,,,,,
2026-09-28,덕양에너젠,0001A0,주식,34,2247,,,,,,,12,442,,,,,,
2026-09-28,넥써쓰,205500,주식,34,807,,,,,,,4,138,,,,,,
2026-09-28,중앙첨단소재,051980,주식,34,3281,,,,,,,23,687,,,,,,
2026-09-28,KODEX 미국달러선물,261240,주식,34,2296,,,,,,,7,269,,,,,,
2026-09-28,케이프,064820,주식,34,1033,,,,,,,8,235,,,,,,
2026-09-28,세아제강지주,003030,주식,34,561,,,,,,,23,353,,,,,,
2026-09-28,PLUS 우주항공,421320,주식,34,2809,,,,,,,13,495,,,,,,
2026-09-28,TIGER 차이나테크TOP10,0047A0,주식,34,2024,,,,,,,20,424,,,,,,
2026-09-28,선진,136490,주식,34,635,,,,,,,11,121,,,,,,
2026-09-28,KG파이낸셜,046440,주식,34,1564,,,,,,,8,278,,,,,,
2026-09-28,에스엔시스,0008Z0,주식,34,1101,,,,,,,10,456,,,,,,
2026-09-28,코스메카코리아,241710,주식,34,683,,,,,,,11,164,,,,,,
2026-09-28,현대코퍼레이션,011760,주식,34,675,,,,,,,69,943,,,,,,
2026-09-28,STX,011810,주식,34,3257,,,,,,,19,675,,,,,,
2026-09-28,서흥,008490,주식,34,1238,,,,,,,193,178,,,,,,
2026-09-28,지씨지놈,340450,주식,34,550,,,,,,,6,143,,,,,,
2026-09-28,MDS테크,086960,주식,34,2249,,,,,,,14,453,,,,,,
2026-09-28,ACE 미국배당퀄리티,0046Y0,주식,34,1902,,,,,,,5,216,,,,,,
2026-09-28,TIGER 차이나과창판STAR50(합성),414780,주식,33,1107,,,,,,,16,291,,,,,,
2026-09-28,한국캐피탈,023760,주식,33,670,,,,,,,10,184,,,,,,
2026-09-28,RISE AI반도체TOP10,0093A0,주식,33,1194,,,,,,,13,227,,,,,,
2026-09-28,대동기어,008830,주식,33,1575,,,,,,,17,448,,,,,,
2026-09-28,감성코퍼레이션,036620,주식,33,825,,,,,,,206,290,,,,,,
2026-09-28,BGF,027410,주식,33,8802,,,,,,,10,247,,,,,,
2026-09-28,화승알앤에이,378850,주식,33,482,,,,,,,3,92,,,,,,
2026-09-28,국전,307750,주식,33,1747,,,,,,,17,317,,,,,,
2026-09-28,미스토홀딩스,081660,주식,33,1744,,,,,,,23,1167,,,,,,
2026-09-28,한진,002320,주식,33,1125,,,,,,,13,231,,,,,,
2026-09-28,와이제이링크,209640,주식,33,1402,,,,,,,5,212,,,,,,
2026-09-28,이스트소프트,047560,주식,33,1893,,,,,,,11,388,,,,,,
2026-09-28,동부건설,005960,주식,33,943,,,,,,,10,194,,,,,,
2026-09-28,미래산업,025560,주식,33,1061,,,,,,,18,749,,,,,,
2026-09-28,슈프리마,236200,주식,33,488,,,,,,,46,215,,,,,,
2026-09-28,알루코,001780,주식,33,2485,,,,,,,12,536,,,,,,
2026-09-28,와이솔,122990,주식,33,1159,,,,,,,32,419,,,,,,
2026-09-28,우리손에프앤지,073560,주식,33,669,,,,,,,12,102,,,,,,
2026-09-28,TIGER 미국AI소프트웨어TOP4Plus,0102A0,주식,33,1747,,,,,,,14,359,,,,,,
2026-09-28,TIGER 미국배당다우존스타겟커버드콜1호,458750,주식,32,1113,,,,,,,8,168,,,,,,
2026-09-28,티엑스알로보틱스,484810,주식,32,1466,,,,,,,9,340,,,,,,
2026-09-28,엔솔바이오사이언스,140610,주식,32,339,,,,,,,19,93,,,,,,
2026-09-28,SOL 2차전지소부장Fn,455860,주식,32,2095,,,,,,,30,691,,,,,,
2026-09-28,동방메디컬,240550,주식,32,561,,,,,,,11,131,,,,,,
2026-09-28,동방,004140,주식,32,3583,,,,,,,10,559,,,,,,
2026-09-28,동아쏘시오홀딩스,000640,주식,32,589,,,,,,,17,215,,,,,,
2026-09-28,아스트,067390,주식,32,1317,,,,,,,13,337,,,,,,
2026-09-28,엠플러스,259630,주식,32,1186,,,,,,,10,295,,,,,,
2026-09-28,태경산업,015890,주식,32,638,,,,,,,23,149,,,,,,
2026-09-28,코오롱글로벌,003070,주식,32,967,,,,,,,7,281,,,,,,
2026-09-28,수젠텍,253840,주식,32,2422,,,,,,,89,466,,,,,,
2026-09-28,삼익THK,004380,주식,32,840,,,,,,,8,220,,,,,,
2026-09-28,경동도시가스,267290,주식,32,341,,,,,,,22,142,,,,,,
2026-09-28,RISE 글로벌원자력,442320,주식,32,1435,,,,,,,21,435,,,,,,
2026-09-28,제룡산업,147830,주식,32,979,,,,,,,11,234,,,,,,
2026-09-28,이수앱지스,086890,주식,32,1560,,,,,,,9,305,,,,,,
2026-09-28,팜스토리,027710,주식,32,2658,,,,,,,8,454,,,,,,
2026-09-28,인선이엔티,060150,주식,32,3647,,,,,,,17,657,,,,,,
2026-09-28,모비스,250060,주식,32,2782,,,,,,,13,592,,,,,,
2026-09-28,마음AI,377480,주식,32,2179,,,,,,,12,516,,,,,,
2026-09-28,서울가스,017390,주식,32,945,,,,,,,14,273,,,,,,
2026-09-28,원익,032940,주식,32,1031,,,,,,,32,213,,,,,,
2026-09-28,한컴위드,054920,주식,32,2149,,,,,,,8,357,,,,,,
2026-09-28,바이오노트,377740,주식,32,836,,,,,,,14,218,,,,,,
2026-09-28,나노팀,417010,주식,32,8147,,,,,,,475,1285,,,,,,
2026-09-28,라온시큐어,042510,주식,32,2002,,,,,,,18,354,,,,,,
2026-09-28,서남,294630,주식,32,2240,,,,,,,78,497,,,,,,
2026-09-28,한텍,098070,주식,32,1134,,,,,,,18,301,,,,,,
2026-09-28,SOL 미국우주항공TOP10,0181L0,주식,32,2929,,,,,,,7,338,,,,,,
2026-09-28,TIGER 미국30년국채스트립액티브(합성 H),458250,주식,31,604,,,,,,,22,201,,,,,,
2026-09-28,케이엔솔,053080,주식,31,2762,,,,,,,6,363,,,,,,
2026-09-28,ACE 삼성전자단일종목레버리지,0194M0,주식,31,445,,,,,,,12,88,,,,,,
2026-09-28,라온텍,418420,주식,31,1619,,,,,,,12,239,,,,,,
2026-09-28,대성산업,128820,주식,31,1187,,,,,,,10,291,,,,,,
2026-09-28,크라우드웍스,355390,주식,31,1935,,,,,,,9,384,,,,,,
2026-09-28,엑세스바이오,950130,주식,31,2386,,,,,,,12,457,,,,,,
2026-09-28,디바이스,187870,주식,31,798,,,,,,,12,153,,,,,,
2026-09-28,대한제당,001790,주식,31,1500,,,,,,,10,248,,,,,,
2026-09-28,케이피에프,024880,주식,31,491,,,,,,,3,96,,,,,,
2026-09-28,휴온스글로벌,084110,주식,31,713,,,,,,,19,219,,,,,,
2026-09-28,더네이쳐홀딩스,298540,주식,31,1054,,,,,,,235,143,,,,,,
2026-09-28,디엔에프,092070,주식,31,513,,,,,,,12,135,,,,,,
2026-09-28,AP위성,211270,주식,31,2639,,,,,,,10,460,,,,,,
2026-09-28,제일일렉트릭,199820,주식,31,1878,,,,,,,12,430,,,,,,
2026-09-28,KG모빌리티플랫폼,381970,주식,31,1700,,,,,,,10,248,,,,,,
2026-09-28,SKAI,357880,주식,31,1912,,,,,,,9,402,,,,,,
2026-09-28,THE E&M,089230,주식,31,737,,,,,,,24,193,,,,,,
2026-09-28,신세계 I&C,035510,주식,31,1083,,,,,,,27,221,,,,,,
2026-09-28,원익머트리얼즈,104830,주식,31,836,,,,,,,24,427,,,,,,
2026-09-28,에코플라스틱,038110,주식,31,2063,,,,,,,12,347,,,,,,
2026-09-28,뉴로핏,380550,주식,31,1795,,,,,,,13,421,,,,,,
2026-09-28,블루엠텍,439580,주식,31,1720,,,,,,,7,319,,,,,,
2026-09-28,아미코젠,092040,주식,31,1695,,,,,,,9,421,,,,,,
2026-09-28,TIGER 일본엔선물,292560,주식,31,1677,,,,,,,11,270,,,,,,
2026-09-28,KODEX WTI원유선물(H),261220,주식,30,1545,,,,,,,10,271,,,,,,
2026-09-28,라온로보틱스,232680,주식,30,1658,,,,,,,12,357,,,,,,
2026-09-28,ACE 글로벌인컴TOP10,460960,주식,30,1059,,,,,,,15,213,,,,,,
2026-09-28,TIGER 차이나CSI300,192090,주식,30,1614,,,,,,,33,617,,,,,,
2026-09-28,해성산업,034810,주식,30,806,,,,,,,29,206,,,,,,
2026-09-28,슈피겐코리아,192440,주식,30,799,,,,,,,4,140,,,,,,
2026-09-28,APS이노베이션,079810,주식,30,2585,,,,,,,10,565,,,,,,
2026-09-28,다산네트웍스,039560,주식,30,2373,,,,,,,19,647,,,,,,
2026-09-28,더핑크퐁컴퍼니,403850,주식,30,1619,,,,,,,14,213,,,,,,
2026-09-28,화신정공,126640,주식,30,1191,,,,,,,7,249,,,,,,
2026-09-28,위메이드맥스,101730,주식,30,1736,,,,,,,10,283,,,,,,
2026-09-28,코리아에프티,123410,주식,30,980,,,,,,,5,195,,,,,,
2026-09-28,메타바이오메드,059210,주식,30,503,,,,,,,22,228,,,,,,
2026-09-28,베뉴지,019010,주식,30,264,,,,,,,16,122,,,,,,
2026-09-28,삼양패키징,272550,주식,30,797,,,,,,,12,199,,,,,,
2026-09-28,현대그린푸드,453340,주식,30,1175,,,,,,,12,240,,,,,,
2026-09-28,에이스테크,088800,주식,30,4028,,,,,,,10,912,,,,,,
2026-09-28,엘케이켐,489500,주식,30,592,,,,,,,6,142,,,,,,
2026-09-28,노머스,473980,주식,30,546,,,,,,,19,344,,,,,,
2026-09-28,기가레인,049080,주식,30,1952,,,,,,,21,454,,,,,,
2026-09-28,대상홀딩스,084690,주식,30,986,,,,,,,9,426,,,,,,
2026-09-28,삼천리자전거,024950,주식,30,1184,,,,,,,3,222,,,,,,
2026-09-28,세방,004360,주식,30,588,,,,,,,39,167,,,,,,
2026-09-28,비투엔,307870,주식,30,463,,,,,,,15,73,,,,,,
2026-09-28,가온그룹,078890,주식,30,1230,,,,,,,10,299,,,,,,
2026-09-28,삼양엔씨켐,482630,주식,30,822,,,,,,,24,486,,,,,,
2026-09-28,영풍,000670,주식,30,582,,,,,,,27,156,,,,,,
2026-09-28,크레버스,096240,주식,30,1142,,,,,,,68,205,,,,,,
2026-09-28,하나제약,293480,주식,30,634,,,,,,,16,153,,,,,,
2026-09-28,SOL 미국AI소프트웨어,481180,주식,30,1695,,,,,,,15,365,,,,,,
2026-09-28,KODEX 일본부동산리츠(H),352540,주식,29,962,,,,,,,5,150,,,,,,
2026-09-28,이엠텍,091120,주식,29,1319,,,,,,,4,284,,,,,,
2026-09-28,TIGER 리츠부동산인프라TOP10액티브,0086B0,주식,29,918,,,,,,,7,130,,,,,,
2026-09-28,엔케이젠바이오텍코리아,182400,주식,29,2777,,,,,,,22,635,,,,,,
2026-09-28,현대바이오랜드,052260,주식,29,1565,,,,,,,37,381,,,,,,
2026-09-28,TIGER 코스피고배당,210780,주식,29,1405,,,,,,,5,195,,,,,,
2026-09-28,SOL 화장품TOP3플러스,0008T0,주식,29,1341,,,,,,,34,347,,,,,,
2026-09-28,TIGER LG그룹플러스,138530,주식,29,1928,,,,,,,11,404,,,,,,
2026-09-28,센코,347000,주식,29,878,,,,,,,112,225,,,,,,
2026-09-28,오스테오닉,226400,주식,29,498,,,,,,,23,209,,,,,,
2026-09-28,지어소프트,051160,주식,29,1129,,,,,,,8,192,,,,,,
2026-09-28,이리츠코크렙,088260,주식,29,536,,,,,,,17,208,,,,,,
2026-09-28,동아엘텍,088130,주식,29,763,,,,,,,16,206,,,,,,
2026-09-28,딥노이드,315640,주식,29,1814,,,,,,,11,494,,,,,,
2026-09-28,티에스아이,277880,주식,29,1539,,,,,,,29,588,,,,,,
2026-09-28,엔알비,475230,주식,29,386,,,,,,,19,294,,,,,,
2026-09-28,시지메드텍,056090,주식,29,986,,,,,,,44,436,,,,,,
2026-09-28,엑스페릭스,317770,주식,29,947,,,,,,,25,225,,,,,,
2026-09-28,이오플로우,294090,주식,29,2993,,,,,,,12,533,,,,,,
2026-09-28,KSS해운,044450,주식,29,773,,,,,,,33,137,,,,,,
2026-09-28,키다리스튜디오,020120,주식,29,1108,,,,,,,10,230,,,,,,
2026-09-28,제노코,361390,주식,29,1316,,,,,,,20,221,,,,,,
2026-09-28,싸이맥스,160980,주식,29,591,,,,,,,126,254,,,,,,
2026-09-28,킵스파마,256940,주식,29,578,,,,,,,14,137,,,,,,
2026-09-28,그래디언트,035080,주식,29,3120,,,,,,,16,554,,,,,,
2026-09-28,TPC로보틱스,048770,주식,29,1071,,,,,,,28,233,,,,,,
2026-09-28,영진약품,003520,주식,29,30286,,,,,,,33,1027,,,,,,
2026-09-28,교촌에프앤비,339770,주식,29,1869,,,,,,,9,231,,,,,,
2026-09-28,네오이뮨텍,950220,주식,29,2363,,,,,,,15,544,,,,,,
2026-09-28,한빛레이저,452190,주식,29,1700,,,,,,,11,378,,,,,,
2026-09-28,큐브엔터,182360,주식,29,914,,,,,,,5,145,,,,,,
2026-09-28,한신기계,011700,주식,29,2187,,,,,,,10,484,,,,,,
2026-09-28,유니크,011320,주식,29,1177,,,,,,,5,237,,,,,,
2026-09-28,NH프라임리츠,338100,주식,29,1049,,,,,,,22,589,,,,,,
2026-09-28,메디아나,041920,주식,29,797,,,,,,,9,164,,,,,,
2026-09-28,한국철강,104700,주식,29,645,,,,,,,18,131,,,,,,
2026-09-28,TIGER 글로벌AI&로보틱스 INDXX,464310,주식,29,2067,,,,,,,11,415,,,,,,
2026-09-28,빛샘전자,072950,주식,28,1362,,,,,,,11,287,,,,,,
2026-09-28,태영건설,009410,주식,28,1897,,,,,,,12,343,,,,,,
2026-09-28,애니플러스,310200,주식,28,1123,,,,,,,5,135,,,,,,
2026-09-28,지아이에스,306620,주식,28,1814,,,,,,,7,314,,,,,,
2026-09-28,오성첨단소재,052420,주식,28,2311,,,,,,,14,467,,,,,,
2026-09-28,안트로젠,065660,주식,28,850,,,,,,,249,293,,,,,,
2026-09-28,그린리소스,402490,주식,28,1257,,,,,,,10,381,,,,,,
2026-09-28,동국산업,005160,주식,28,910,,,,,,,16,357,,,,,,
2026-09-28,세명전기,017510,주식,28,1381,,,,,,,13,339,,,,,,
2026-09-28,정다운,208140,주식,28,829,,,,,,,7,124,,,,,,
2026-09-28,클리오,237880,주식,28,1352,,,,,,,11,282,,,,,,
2026-09-28,성도이엔지,037350,주식,28,522,,,,,,,27,364,,,,,,
2026-09-28,녹십자웰빙,234690,주식,28,735,,,,,,,26,147,,,,,,
2026-09-28,한울소재과학,091440,주식,28,416,,,,,,,29,102,,,,,,
2026-09-28,미래컴퍼니,049950,주식,28,1046,,,,,,,11,286,,,,,,
2026-09-28,아이지넷,462980,주식,28,16043,,,,,,,72,1733,,,,,,
2026-09-28,로보로보,215100,주식,28,3514,,,,,,,9,614,,,,,,
2026-09-28,에이엘티,172670,주식,28,463,,,,,,,3,95,,,,,,
2026-09-28,SOL K방산,490480,주식,28,1401,,,,,,,14,307,,,,,,
2026-09-28,한국전자인증,041460,주식,28,1408,,,,,,,96,258,,,,,,
2026-09-28,헥토이노베이션,214180,주식,28,708,,,,,,,15,201,,,,,,
2026-09-28,SOL 반도체후공정,475310,주식,28,887,,,,,,,12,233,,,,,,
2026-09-28,TIGER 기술이전바이오액티브,0168K0,주식,28,1576,,,,,,,23,493,,,,,,
2026-09-28,ACE 미국나스닥100미국채혼합50액티브,438100,주식,28,1620,,,,,,,9,237,,,,,,
2026-09-28,RISE CD금리액티브(합성),477080,주식,28,241,,,,,,,2,26,,,,,,
2026-09-28,와이바이오로직스,338840,주식,28,942,,,,,,,67,263,,,,,,
2026-09-28,KODEX 전고체배터리ESS TOP2플러스,0209D0,주식,28,1849,,,,,,,15,462,,,,,,
2026-09-28,TIME 글로벌우주테크&방산액티브,478150,주식,27,1842,,,,,,,19,543,,,,,,
2026-09-28,비아트론,141000,주식,27,427,,,,,,,12,219,,,,,,
2026-09-28,PLUS 고배당주채권혼합,251600,주식,27,1404,,,,,,,9,198,,,,,,
2026-09-28,SOL 글로벌AI반도체탑픽액티브,423170,주식,27,801,,,,,,,9,163,,,,,,
2026-09-28,삼기에너지솔루션즈,419050,주식,27,1390,,,,,,,8,314,,,,,,
2026-09-28,HANARO 증권고배당TOP3플러스,0111J0,주식,27,1136,,,,,,,6,242,,,,,,
2026-09-28,KODEX 차이나항셍테크,372330,주식,27,1253,,,,,,,17,380,,,,,,
2026-09-28,엘앤에프 7WR,69721F,주식,27,1265,,,,,,,12,472,,,,,,
2026-09-28,환인제약,016580,주식,27,933,,,,,,,20,220,,,,,,
2026-09-28,DH오토넥스,000300,주식,27,1695,,,,,,,12,451,,,,,,
2026-09-28,화승엔터프라이즈,241590,주식,27,1597,,,,,,,12,363,,,,,,
2026-09-28,휴비츠,065510,주식,27,543,,,,,,,7,145,,,,,,
2026-09-28,아이티켐,309710,주식,27,894,,,,,,,6,234,,,,,,
2026-09-28,TIGER 배당성장,211560,주식,27,1031,,,,,,,7,139,,,,,,
2026-09-28,화승인더,006060,주식,27,942,,,,,,,9,373,,,,,,
2026-09-28,SCL사이언스,246960,주식,27,232,,,,,,,4,55,,,,,,
2026-09-28,KODEX 국고채3년,114260,주식,27,1250,,,,,,,6,142,,,,,,
2026-09-28,넵튠,217270,주식,27,1411,,,,,,,7,258,,,,,,
2026-09-28,디케이락,105740,주식,27,766,,,,,,,297,136,,,,,,
2026-09-28,특수건설,026150,주식,27,1360,,,,,,,36,359,,,,,,
2026-09-28,삼보모터스,053700,주식,27,1495,,,,,,,7,355,,,,,,
2026-09-28,교보증권,030610,주식,27,1373,,,,,,,40,449,,,,,,
2026-09-28,한솔제지,213500,주식,27,1316,,,,,,,31,411,,,,,,
2026-09-28,이크레더블,092130,주식,27,1137,,,,,,,8,183,,,,,,
2026-09-28,성우,458650,주식,27,38071,,,,,,,857,4019,,,,,,
2026-09-28,맵스리얼티,094800,주식,27,196,,,,,,,103,156,,,,,,
2026-09-28,SNT다이내믹스,003570,주식,27,884,,,,,,,28,253,,,,,,
2026-09-28,KODEX 배당가치,325020,주식,27,1012,,,,,,,6,151,,,,,,
2026-09-28,아남전자,008700,주식,27,1737,,,,,,,22,404,,,,,,
2026-09-28,신화프리텍,095190,주식,27,2400,,,,,,,10,470,,,,,,
2026-09-28,레이,228670,주식,27,1152,,,,,,,11,334,,,,,,
2026-09-28,이엠티,232530,주식,27,48,,,,,,,1,8,,,,,,
2026-09-28,메드팩토,235980,주식,27,2397,,,,,,,23,679,,,,,,
2026-09-28,SOL 코리아메가테크액티브,444200,주식,27,804,,,,,,,28,221,,,,,,
2026-09-28,RISE 미국휴머노이드로봇,0036R0,주식,26,1230,,,,,,,8,364,,,,,,
2026-09-28,한일사료,005860,주식,26,2309,,,,,,,6,419,,,,,,
2026-09-28,KODEX 삼성전자채권혼합,448330,주식,26,2255,,,,,,,15,352,,,,,,
2026-09-28,SOL 미국배당미국채혼합50,490490,주식,26,1668,,,,,,,6,188,,,,,,
2026-09-28,SOL 한국원자력SMR,0092B0,주식,26,1311,,,,,,,13,316,,,,,,
2026-09-28,TIGER 미국S&P500동일가중,488500,주식,26,1264,,,,,,,10,234,,,,,,
2026-09-28,RISE 미국30년국채액티브,481340,주식,26,256,,,,,,,1,45,,,,,,
2026-09-28,TIGER 미국테크TOP10 INDXX(H),472160,주식,26,834,,,,,,,10,189,,,,,,
2026-09-28,이지바이오,353810,주식,26,751,,,,,,,15,437,,,,,,
2026-09-28,수산인더스트리,126720,주식,26,678,,,,,,,9,263,,,,,,
2026-09-28,KCTC,009070,주식,26,1504,,,,,,,36,253,,,,,,
2026-09-28,한국화장품제조,003350,주식,26,649,,,,,,,36,342,,,,,,
2026-09-28,코아시아,045970,주식,26,1224,,,,,,,16,356,,,,,,
2026-09-28,씨에스베어링,297090,주식,26,1598,,,,,,,9,357,,,,,,
2026-09-28,정상제이엘에스,040420,주식,26,709,,,,,,,7,194,,,,,,
2026-09-28,미래에셋증권우,006805,주식,26,1076,,,,,,,28,467,,,,,,
2026-09-28,HS효성,487570,주식,26,1419,,,,,,,111,428,,,,,,
2026-09-28,파세코,037070,주식,26,1753,,,,,,,10,215,,,,,,
2026-09-28,TS인베스트먼트,246690,주식,26,1324,,,,,,,2,219,,,,,,
2026-09-28,세나테크놀로지,061090,주식,26,750,,,,,,,12,170,,,,,,
2026-09-28,한국알콜,017890,주식,26,663,,,,,,,131,128,,,,,,
2026-09-28,쎌바이오텍,049960,주식,26,411,,,,,,,20,167,,,,,,
2026-09-28,신원,009270,주식,26,1263,,,,,,,18,287,,,,,,
2026-09-28,씨이랩,189330,주식,26,827,,,,,,,19,243,,,,,,
2026-09-28,한화리츠,451800,주식,26,876,,,,,,,19,251,,,,,,
2026-09-28,서울옥션,063170,주식,26,1841,,,,,,,34,522,,,,,,
2026-09-28,TIGER 200 건설,139220,주식,26,1982,,,,,,,13,437,,,,,,
2026-09-28,한선엔지니어링,452280,주식,26,892,,,,,,,36,669,,,,,,
2026-09-28,롯데이노베이트,286940,주식,26,887,,,,,,,11,207,,,,,,
2026-09-28,디앤디플랫폼리츠,377190,주식,26,529,,,,,,,11,135,,,,,,
2026-09-28,미원화학,134380,주식,26,119,,,,,,,14,55,,,,,,
2026-09-28,유비쿼스,264450,주식,26,731,,,,,,,14,160,,,,,,
2026-09-28,알체라,347860,주식,26,3721,,,,,,,7,673,,,,,,
2026-09-28,ACE 미국30년국채엔화노출액티브(H),476750,주식,26,726,,,,,,,14,250,,,,,,
2026-09-28,KIWOOM 인도Nifty50(합성),200250,주식,25,1295,,,,,,,10,320,,,,,,
2026-09-28,동성케미컬,102260,주식,25,536,,,,,,,24,253,,,,,,
2026-09-28,씨앤씨인터내셔널,352480,주식,25,822,,,,,,,6,144,,,,,,
2026-09-28,테이팩스,055490,주식,25,636,,,,,,,7,254,,,,,,
2026-09-28,알피바이오,314140,주식,25,7280,,,,,,,59,1093,,,,,,
2026-09-28,아이티엠반도체,084850,주식,25,2053,,,,,,,141,415,,,,,,
2026-09-28,DB,012030,주식,25,1227,,,,,,,44,238,,,,,,
2026-09-28,컴투스엔,291230,주식,25,4431,,,,,,,5,684,,,,,,
2026-09-28,마크로젠,038290,주식,25,790,,,,,,,17,280,,,,,,
2026-09-28,아이앤씨,052860,주식,25,264,,,,,,,9,63,,,,,,
2026-09-28,아리바이오랩,261780,주식,25,1059,,,,,,,14,212,,,,,,
2026-09-28,사조산업,007160,주식,25,291,,,,,,,9,95,,,,,,
2026-09-28,신일전자,002700,주식,25,3168,,,,,,,21,399,,,,,,
2026-09-28,대창솔루션,096350,주식,25,1589,,,,,,,13,305,,,,,,
2026-09-28,레메디,387690,주식,25,427,,,,,,,11,115,,,,,,
2026-09-28,JW홀딩스,096760,주식,25,2662,,,,,,,780,914,,,,,,
2026-09-28,세경하이테크,148150,주식,25,1114,,,,,,,14,231,,,,,,
2026-09-28,삼양사,145990,주식,25,698,,,,,,,19,242,,,,,,
2026-09-28,경동제약,011040,주식,25,819,,,,,,,13,164,,,,,,
2026-09-28,코칩,126730,주식,25,5909,,,,,,,1271,833,,,,,,
2026-09-28,TIGER 미국MSCI리츠(합성 H),182480,주식,25,1963,,,,,,,9,790,,,,,,
2026-09-28,KODEX 메타버스액티브,401470,주식,24,2265,,,,,,,12,446,,,,,,
2026-09-28,루미르,474170,주식,24,1568,,,,,,,6,301,,,,,,
2026-09-28,스마트레이더시스템,424960,주식,24,1046,,,,,,,11,204,,,,,,
2026-09-28,KODEX 미국S&P500액티브,0041E0,주식,24,749,,,,,,,9,175,,,,,,
2026-09-28,TIGER MSCI Korea TR,310970,주식,24,623,,,,,,,15,128,,,,,,
2026-09-28,PLUS 한화그룹주,0000J0,주식,24,1451,,,,,,,13,332,,,,,,
2026-09-28,코스텍시스,355150,주식,24,614,,,,,,,5,126,,,,,,
2026-09-28,아이텍,119830,주식,24,475,,,,,,,69,158,,,,,,
2026-09-28,서희건설,035890,주식,24,1288,,,,,,,14,321,,,,,,
2026-09-28,진흥기업,002780,주식,24,1683,,,,,,,8,507,,,,,,
2026-09-28,디지털대성,068930,주식,24,313,,,,,,,204,137,,,,,,
2026-09-28,메가스터디,072870,주식,24,805,,,,,,,23,199,,,,,,
2026-09-28,스모트로닉,066590,주식,24,1505,,,,,,,12,237,,,,,,
2026-09-28,위더스제약,330350,주식,24,797,,,,,,,11,167,,,,,,
2026-09-28,광무,029480,주식,24,876,,,,,,,30,252,,,,,,
2026-09-28,디오,039840,주식,24,969,,,,,,,9,256,,,,,,
2026-09-28,아진산업,013310,주식,24,1356,,,,,,,10,271,,,,,,
2026-09-28,안국약품,001540,주식,24,448,,,,,,,213,149,,,,,,
2026-09-28,지니너스,389030,주식,24,687,,,,,,,21,154,,,,,,
2026-09-28,토니모리,214420,주식,24,1224,,,,,,,18,372,,,,,,
2026-09-28,SK케미칼우,28513K,주식,24,979,,,,,,,18,202,,,,,,
2026-09-28,엠디바이스,226590,주식,24,755,,,,,,,47,206,,,,,,
2026-09-28,대원강업,000430,주식,24,606,,,,,,,99,167,,,,,,
2026-09-28,파워넷,037030,주식,24,1256,,,,,,,10,280,,,,,,
2026-09-28,와이투솔루션,011690,주식,24,938,,,,,,,13,328,,,,,,
2026-09-28,LS증권,078020,주식,24,1061,,,,,,,41,283,,,,,,
2026-09-28,아이큐어,175250,주식,24,2011,,,,,,,8,429,,,,,,
2026-09-28,KODEX 코리아배당성장,211900,주식,24,1079,,,,,,,5,140,,,,,,
2026-09-28,코데즈컴바인,047770,주식,24,715,,,,,,,9,169,,,,,,
2026-09-28,뉴프렉스,085670,주식,24,1038,,,,,,,12,275,,,,,,
2026-09-28,홈캐스트,064240,주식,24,370,,,,,,,11,200,,,,,,
2026-09-28,롯데웰푸드,280360,주식,24,670,,,,,,,14,189,,,,,,
2026-09-28,신대양제지,016590,주식,24,328,,,,,,,6,71,,,,,,
2026-09-28,엠에스오토텍,123040,주식,24,1983,,,,,,,83,309,,,,,,
2026-09-28,영원무역,111770,주식,24,874,,,,,,,12,196,,,,,,
2026-09-28,아가방컴퍼니,013990,주식,24,1112,,,,,,,9,257,,,,,,
2026-09-28,웨이비스,289930,주식,24,751,,,,,,,6,158,,,,,,
2026-09-28,계양전기,012200,주식,24,3579,,,,,,,13,575,,,,,,
2026-09-28,CMG제약,058820,주식,24,1867,,,,,,,18,658,,,,,,
2026-09-28,세보엠이씨,011560,주식,24,323,,,,,,,72,289,,,,,,
2026-09-28,종근당바이오,063160,주식,24,1594,,,,,,,7,319,,,,,,
2026-09-28,해성에어로보틱스,059270,주식,24,2083,,,,,,,9,616,,,,,,
2026-09-28,지니언스,263860,주식,24,677,,,,,,,7,135,,,,,,
2026-09-28,진성티이씨,036890,주식,24,956,,,,,,,23,478,,,,,,
2026-09-28,CJ프레시웨이,051500,주식,24,951,,,,,,,10,177,,,,,,
2026-09-28,APS,054620,주식,24,601,,,,,,,7,180,,,,,,
2026-09-28,RISE 미국반도체NYSE,469060,주식,24,558,,,,,,,6,90,,,,,,
2026-09-28,KODEX 미국AI소프트웨어TOP10,0041D0,주식,23,1508,,,,,,,7,244,,,,,,
2026-09-28,유화증권,003460,주식,23,206,,,,,,,13,144,,,,,,
2026-09-28,아모레퍼시픽홀딩스3우C,00279K,주식,23,361,,,,,,,35,274,,,,,,
2026-09-28,프레스티지바이오로직스,334970,주식,23,1172,,,,,,,8,242,,,,,,
2026-09-28,KODEX 차이나AI반도체TOP10,0162L0,주식,23,1045,,,,,,,16,267,,,,,,
2026-09-28,KODEX TDF2030액티브 적격,433970,주식,23,660,,,,,,,10,135,,,,,,
2026-09-28,신한서부티엔디리츠,404990,주식,23,2919,,,,,,,23,956,,,,,,
2026-09-28,KODEX 코스닥150선물인버스,251340,주식,23,1104,,,,,,,6,143,,,,,,
2026-09-28,ACE 라이프자산주주가치액티브,494330,주식,23,289,,,,,,,27,151,,,,,,
2026-09-28,아스테라시스,450950,주식,23,741,,,,,,,12,180,,,,,,
2026-09-28,아이로보틱스,066430,주식,23,1581,,,,,,,13,346,,,,,,
2026-09-28,아이진,185490,주식,23,1632,,,,,,,17,390,,,,,,
2026-09-28,태경비케이,014580,주식,23,949,,,,,,,20,186,,,,,,
2026-09-28,코어라인소프트,384470,주식,23,849,,,,,,,5,180,,,,,,
2026-09-28,CJ우,001045,주식,23,520,,,,,,,286,133,,,,,,
2026-09-28,쇼박스,086980,주식,23,2268,,,,,,,4,306,,,,,,
2026-09-28,케이씨,029460,주식,23,469,,,,,,,31,171,,,,,,
2026-09-28,제닉,123330,주식,23,598,,,,,,,42,720,,,,,,
2026-09-28,포시에스,189690,주식,23,335,,,,,,,2,62,,,,,,
2026-09-28,해성옵틱스,076610,주식,23,1452,,,,,,,10,295,,,,,,
2026-09-28,제닉스로보틱스,381620,주식,23,1492,,,,,,,11,373,,,,,,
2026-09-28,이엘씨,041520,주식,23,202,,,,,,,20,55,,,,,,
2026-09-28,남양유업,003920,주식,23,391,,,,,,,10,91,,,,,,
2026-09-28,아이씨디,040910,주식,23,1197,,,,,,,11,354,,,,,,
2026-09-28,중앙백신,072020,주식,23,632,,,,,,,8,159,,,,,,
2026-09-28,대원미디어,048910,주식,23,2521,,,,,,,10,251,,,,,,
2026-09-28,미래반도체,254490,주식,23,1514,,,,,,,13,420,,,,,,
2026-09-28,KT나스미디어,089600,주식,23,636,,,,,,,6,137,,,,,,
2026-09-28,동국씨엠,460850,주식,23,2908,,,,,,,16,718,,,,,,
2026-09-28,KPX홀딩스,092230,주식,23,309,,,,,,,23,98,,,,,,
2026-09-28,엑셈,205100,주식,23,1064,,,,,,,11,213,,,,,,
2026-09-28,HS애드,035000,주식,23,442,,,,,,,18,92,,,,,,
2026-09-28,큐리오시스,494120,주식,23,985,,,,,,,7,234,,,,,,
2026-09-28,테라사이언스,073640,주식,23,2290,,,,,,,10,571,,,,,,
2026-09-28,인성정보,033230,주식,23,1572,,,,,,,6,375,,,,,,
2026-09-28,제이아이테크,417500,주식,23,556,,,,,,,9,128,,,,,,
2026-09-28,링네트,042500,주식,23,614,,,,,,,7,137,,,,,,
2026-09-28,일진홀딩스,015860,주식,23,593,,,,,,,32,261,,,,,,
2026-09-28,대봉엘에스,078140,주식,23,472,,,,,,,358,142,,,,,,
2026-09-28,아이티센엔텍,010280,주식,23,371,,,,,,,6,191,,,,,,
2026-09-28,진원생명과학,011000,주식,23,7124,,,,,,,7,1650,,,,,,
2026-09-28,다이나믹솔루션,290660,주식,23,1032,,,,,,,17,623,,,,,,
2026-09-28,솔본,035610,주식,23,393,,,,,,,8,415,,,,,,
2026-09-28,나우IB,293580,주식,23,552,,,,,,,7,90,,,,,,
2026-09-28,미원상사,002840,주식,23,263,,,,,,,19,60,,,,,,
2026-09-28,삼영엠텍,054540,주식,23,1672,,,,,,,13,367,,,,,,
2026-09-28,RISE 수소경제테마,367770,주식,23,1043,,,,,,,17,277,,,,,,
2026-09-28,TIGER 글로벌자율주행&전기차SOLACTIVE,394660,주식,22,1535,,,,,,,23,534,,,,,,
2026-09-28,파로스아이바이오,388870,주식,22,6716,,,,,,,281,870,,,,,,
2026-09-28,KODEX 코리아소버린AI,0115E0,주식,22,940,,,,,,,10,219,,,,,,
2026-09-28,TIGER 금은선물(H),139320,주식,22,1552,,,,,,,8,289,,,,,,
2026-09-28,KODEX 코스피대형주,337140,주식,22,871,,,,,,,6,127,,,,,,
2026-09-28,KODEX TDF2060액티브 적격,0082V0,주식,22,1296,,,,,,,7,203,,,,,,
2026-09-28,유비쿼스홀딩스,078070,주식,22,858,,,,,,,7,178,,,,,,
2026-09-28,아이티센씨티에스,031820,주식,22,773,,,,,,,6,228,,,,,,
2026-09-28,에스트래픽,234300,주식,22,899,,,,,,,11,181,,,,,,
2026-09-28,서원,021050,주식,22,1101,,,,,,,19,234,,,,,,
2026-09-28,MSDI,123010,주식,22,561,,,,,,,7,128,,,,,,
2026-09-28,잇츠한불,226320,주식,22,1022,,,,,,,161,217,,,,,,
2026-09-28,현대에이치티,039010,주식,22,259,,,,,,,7,117,,,,,,
2026-09-28,에이텍,045660,주식,22,1236,,,,,,,5,215,,,,,,
2026-09-28,금강공업,014280,주식,22,912,,,,,,,18,154,,,,,,
2026-09-28,신신제약,002800,주식,22,836,,,,,,,5,159,,,,,,
2026-09-28,KNN,058400,주식,22,781,,,,,,,8,146,,,,,,
2026-09-28,코오롱,002020,주식,22,1261,,,,,,,30,450,,,,,,
2026-09-28,삼영전자,005680,주식,22,348,,,,,,,11,110,,,,,,
2026-09-28,한켐,457370,주식,22,689,,,,,,,2,114,,,,,,
2026-09-28,인터로조,119610,주식,22,459,,,,,,,46,122,,,,,,
2026-09-28,수산세보틱스,017550,주식,22,1447,,,,,,,14,331,,,,,,
2026-09-28,코스맥스엔비티,222040,주식,22,594,,,,,,,16,185,,,,,,
2026-09-28,비씨엔씨,146320,주식,22,428,,,,,,,7,89,,,,,,
2026-09-28,1Q 은액티브,0172V0,주식,22,866,,,,,,,8,146,,,,,,
2026-09-28,에이블씨엔씨,078520,주식,22,555,,,,,,,26,239,,,,,,
2026-09-28,예림당,036000,주식,22,264,,,,,,,4,91,,,,,,
2026-09-28,스톰테크,352090,주식,22,380,,,,,,,2,56,,,,,,
2026-09-28,컴투스홀딩스,063080,주식,22,1520,,,,,,,11,347,,,,,,
2026-09-28,오로스테크놀로지,322310,주식,22,1109,,,,,,,6,231,,,,,,
2026-09-28,제이엔케이글로벌,126880,주식,22,1520,,,,,,,7,297,,,,,,
2026-09-28,대원산업,005710,주식,22,206,,,,,,,762,79,,,,,,
2026-09-28,넥스트칩,396270,주식,22,1708,,,,,,,8,409,,,,,,
2026-09-28,SBI인베스트먼트,019550,주식,22,1626,,,,,,,14,419,,,,,,
2026-09-28,선광,003100,주식,22,311,,,,,,,3,67,,,,,,
2026-09-28,그린케미칼,083420,주식,22,1583,,,,,,,4,238,,,,,,
2026-09-28,석경에이티,357550,주식,22,570,,,,,,,114,366,,,,,,
2026-09-28,채비,0011T0,주식,22,1943,,,,,,,7,288,,,,,,
2026-09-28,서한,011370,주식,22,751,,,,,,,14,135,,,,,,
2026-09-28,CJ씨푸드,011150,주식,22,2271,,,,,,,9,384,,,,,,
2026-09-28,삼보판지,023600,주식,22,388,,,,,,,27,282,,,,,,
2026-09-28,싸이토젠,217330,주식,22,2443,,,,,,,11,312,,,,,,
2026-09-28,KODEX 미국원자력SMR,0132H0,주식,22,2145,,,,,,,7,386,,,,,,
2026-09-28,파마리서치바이오,217950,주식,21,60,,,,,,,6,17,,,,,,
2026-09-28,BGF리테일,282330,주식,21,703,,,,,,,5,109,,,,,,
2026-09-28,1Q 미국S&P500미국채혼합50액티브,0052S0,주식,21,1400,,,,,,,6,201,,,,,,
2026-09-28,KODEX 미국나스닥100선물(H),304940,주식,21,456,,,,,,,16,132,,,,,,
2026-09-28,RISE 종합채권(A-이상)액티브,385540,주식,21,458,,,,,,,3,31,,,,,,
2026-09-28,신한글로벌액티브리츠,481850,주식,21,4978,,,,,,,6,750,,,,,,
2026-09-28,HANARO 글로벌금채굴기업,473640,주식,21,738,,,,,,,8,180,,,,,,
2026-09-28,삼성 레버리지 천연가스 선물 ETN D,530145,주식,21,151,,,,,,,11,41,,,,,,
2026-09-28,KIWOOM 삼성전자&SK하이닉스채권혼합50,0183V0,주식,21,1052,,,,,,,12,201,,,,,,
2026-09-28,RISE 미국AI밸류체인TOP3Plus,485690,주식,21,626,,,,,,,10,189,,,,,,
2026-09-28,RISE 글로벌리얼티인컴,475380,주식,21,1193,,,,,,,5,121,,,,,,
2026-09-28,TIGER 은액티브,0189B0,주식,21,678,,,,,,,6,132,,,,,,
2026-09-28,자람테크놀로지,389020,주식,21,1178,,,,,,,4,278,,,,,,
2026-09-28,코오롱인더우,120115,주식,21,497,,,,,,,12,110,,,,,,
2026-09-28,레이저쎌,412350,주식,21,1081,,,,,,,52,476,,,,,,
2026-09-28,디와이덕양,024900,주식,21,1099,,,,,,,6,224,,,,,,
2026-09-28,아스타,246720,주식,21,218,,,,,,,9,109,,,,,,
2026-09-28,코렌텍,104540,주식,21,503,,,,,,,60,170,,,,,,
2026-09-28,선도전기,007610,주식,21,1406,,,,,,,28,390,,,,,,
2026-09-28,동양이엔피,079960,주식,21,363,,,,,,,16,98,,,,,,
2026-09-28,WON 초대형IB&금융지주,0154F0,주식,21,883,,,,,,,4,139,,,,,,
2026-09-28,서전기전,189860,주식,21,1136,,,,,,,6,243,,,,,,
2026-09-28,와이엠티,251370,주식,21,587,,,,,,,17,175,,,,,,
2026-09-28,일성아이에스,003120,주식,21,203,,,,,,,7,63,,,,,,
2026-09-28,한국주강,025890,주식,21,219,,,,,,,2,88,,,,,,
2026-09-28,원준,382840,주식,21,1638,,,,,,,8,386,,,,,,
2026-09-28,한국주철관,000970,주식,21,607,,,,,,,34,142,,,,,,
2026-09-28,매커스,093520,주식,21,458,,,,,,,40,186,,,,,,
2026-09-28,케이에스피,073010,주식,21,1009,,,,,,,9,256,,,,,,
2026-09-28,피앤에스로보틱스,460940,주식,21,893,,,,,,,7,219,,,,,,
2026-09-28,웹케시,053580,주식,21,977,,,,,,,4,174,,,,,,
2026-09-28,이브이첨단소재,131400,주식,21,3669,,,,,,,7,675,,,,,,
2026-09-28,효성ITX,094280,주식,21,929,,,,,,,8,167,,,,,,
2026-09-28,하이텍팜,106190,주식,21,207,,,,,,,19,70,,,,,,
2026-09-28,빅텍,065450,주식,21,2255,,,,,,,8,317,,,,,,
2026-09-28,라이콤,388790,주식,21,1172,,,,,,,14,405,,,,,,
2026-09-28,엔지켐생명과학,183490,주식,21,1680,,,,,,,60,590,,,,,,
2026-09-28,성원에너텍,340930,주식,21,2348,,,,,,,7,414,,,,,,
2026-09-28,제이씨케미칼,137950,주식,21,1021,,,,,,,7,156,,,,,,
2026-09-28,종근당홀딩스,001630,주식,21,735,,,,,,,10,201,,,,,,
2026-09-28,두올,016740,주식,21,492,,,,,,,7,67,,,,,,
2026-09-28,오텍,067170,주식,21,1559,,,,,,,9,295,,,,,,
2026-09-28,NI스틸,008260,주식,21,511,,,,,,,7,112,,,,,,
2026-09-28,제너셈,217190,주식,21,365,,,,,,,13,83,,,,,,
2026-09-28,대정화금,120240,주식,21,639,,,,,,,6,126,,,,,,
2026-09-28,원익큐브,014190,주식,21,880,,,,,,,6,194,,,,,,
2026-09-28,태양금속,004100,주식,21,484,,,,,,,44,117,,,,,,
2026-09-28,한울반도체,320000,주식,21,1274,,,,,,,21,252,,,,,,
2026-09-28,삼익제약,014950,주식,21,916,,,,,,,6,151,,,,,,
2026-09-28,서산,079650,주식,21,773,,,,,,,7,143,,,,,,
2026-09-28,티움바이오,321550,주식,21,843,,,,,,,17,216,,,,,,
2026-09-28,인트론바이오,048530,주식,21,1050,,,,,,,23,290,,,,,,
2026-09-28,넥사다이내믹스,351320,주식,21,231,,,,,,,27,53,,,,,,
2026-09-28,TIGER 단기통안채,157450,주식,21,289,,,,,,,6,38,,,,,,
2026-09-28,BGF에코머티리얼즈,126600,주식,21,971,,,,,,,7,155,,,,,,
2026-09-28,동아지질,028100,주식,21,449,,,,,,,10,117,,,,,,
2026-09-28,액스비스,0011A0,주식,21,852,,,,,,,11,188,,,,,,
2026-09-28,KODEX MSCI Korea TR,278540,주식,21,515,,,,,,,11,118,,,,,,
2026-09-28,KODEX 미국10년국채액티브(H),0091C0,주식,20,1087,,,,,,,6,118,,,,,,
2026-09-28,DKME,015590,주식,20,876,,,,,,,7,163,,,,,,
2026-09-28,TIGER 200선물레버리지,267770,주식,20,115,,,,,,,1,14,,,,,,
2026-09-28,TIGER 테슬라채권혼합Fn,447770,주식,20,1020,,,,,,,10,210,,,,,,
2026-09-28,TIGER 국고채30년스트립액티브,451530,주식,20,329,,,,,,,6,98,,,,,,
2026-09-28,KODEX 한국대만IT프리미어,298770,주식,20,454,,,,,,,13,127,,,,,,
2026-09-28,RISE 글로벌자산배분액티브,461490,주식,20,749,,,,,,,8,110,,,,,,
2026-09-28,KODEX 26-12 회사채(AA-이상)액티브,473290,주식,20,254,,,,,,,13,148,,,,,,
2026-09-28,RISE 미국S&P500데일리고정커버드콜,0138T0,주식,20,1217,,,,,,,6,118,,,,,,
2026-09-28,TIGER TSMC파운드리밸류체인,453950,주식,20,865,,,,,,,5,132,,,,,,
2026-09-28,지에프아이,493330,주식,20,191,,,,,,,2,32,,,,,,
2026-09-28,아이스크림미디어,461300,주식,20,348,,,,,,,37,78,,,,,,
2026-09-28,DSR제강,069730,주식,20,387,,,,,,,3,107,,,,,,
2026-09-28,범양건영,002410,주식,20,1689,,,,,,,7,415,,,,,,
2026-09-28,와이엔텍,067900,주식,20,854,,,,,,,21,153,,,,,,
2026-09-28,아로마티카,0015N0,주식,20,777,,,,,,,4,156,,,,,,
2026-09-28,윈스테크넷,136540,주식,20,850,,,,,,,8,148,,,,,,
2026-09-28,삼익악기,002450,주식,20,347,,,,,,,7,172,,,,,,
2026-09-28,누리플렉스,040160,주식,20,347,,,,,,,3,52,,,,,,
2026-09-28,유한양행우,000105,주식,20,748,,,,,,,9,124,,,,,,
2026-09-28,황금에스티,032560,주식,20,522,,,,,,,4,132,,,,,,
2026-09-28,RISE 2차전지TOP10,465330,주식,20,822,,,,,,,10,198,,,,,,
2026-09-28,삼기,122350,주식,20,1425,,,,,,,8,320,,,,,,
2026-09-28,DXVX,180400,주식,20,412,,,,,,,7,168,,,,,,
2026-09-28,국제약품,002720,주식,20,1122,,,,,,,7,288,,,,,,
2026-09-28,폴라리스AI,039980,주식,20,1820,,,,,,,8,365,,,,,,
2026-09-28,롯데하이마트,071840,주식,20,1574,,,,,,,7,247,,,,,,
2026-09-28,엠아이텍,179290,주식,20,451,,,,,,,8,110,,,,,,
2026-09-28,SJM,123700,주식,20,300,,,,,,,8,103,,,,,,
2026-09-28,SOL 코리아밸류업TR,495550,주식,20,624,,,,,,,9,103,,,,,,
2026-09-28,대한약품,023910,주식,20,517,,,,,,,13,109,,,,,,
2026-09-28,KT밀리의서재,418470,주식,20,816,,,,,,,5,93,,,,,,
2026-09-28,NICE인프라,063570,주식,20,905,,,,,,,14,192,,,,,,
2026-09-28,랩지노믹스,084650,주식,20,2054,,,,,,,4,412,,,,,,
2026-09-28,에스텍,069510,주식,20,270,,,,,,,2,66,,,,,,
2026-09-28,대륙제관,004780,주식,20,377,,,,,,,1,81,,,,,,
2026-09-28,RF시스템즈,474610,주식,20,627,,,,,,,9,144,,,,,,
2026-09-28,동구바이오제약,006620,주식,20,961,,,,,,,69,248,,,,,,
2026-09-28,백산,035150,주식,20,292,,,,,,,5,60,,,,,,
2026-09-28,알서포트,131370,주식,20,2413,,,,,,,6,406,,,,,,
2026-09-28,에스와이,109610,주식,20,1297,,,,,,,8,300,,,,,,
2026-09-28,한화솔루션우,009835,주식,20,1309,,,,,,,6,381,,,,,,
2026-09-28,도화엔지니어링,002150,주식,20,873,,,,,,,6,165,,,,,,
2026-09-28,NICE,034310,주식,20,360,,,,,,,286,95,,,,,,
2026-09-28,우림피티에스,101170,주식,20,1163,,,,,,,9,255,,,,,,
2026-09-28,현대에버다임,041440,주식,20,996,,,,,,,7,230,,,,,,
2026-09-28,디와이,013570,주식,20,903,,,,,,,11,239,,,,,,
2026-09-28,RISE 코스닥150,270810,주식,20,796,,,,,,,9,142,,,,,,
2026-09-28,시공테크,020710,주식,20,508,,,,,,,8,161,,,,,,
2026-09-28,일신방직,003200,주식,20,217,,,,,,,30,62,,,,,,
2026-09-28,세운메디칼,100700,주식,20,1587,,,,,,,10,284,,,,,,
2026-09-28,고스트스튜디오,950190,주식,20,596,,,,,,,5,147,,,,,,
2026-09-28,엔브이에이치코리아,067570,주식,20,782,,,,,,,4,115,,,,,,
2026-09-28,DL이앤씨2우(전환),37550L,주식,19,456,,,,,,,10,302,,,,,,
2026-09-28,넥센타이어,002350,주식,19,24980,,,,,,,7,234,,,,,,
2026-09-28,TIGER 글로벌AI사이버보안,418670,주식,19,1163,,,,,,,7,238,,,,,,
2026-09-28,KODEX 27-12 회사채(AA-이상)액티브,0007F0,주식,19,247,,,,,,,21,55,,,,,,
2026-09-28,RISE 코리아금융고배당,498860,주식,19,684,,,,,,,4,141,,,,,,
2026-09-28,TIGER 미국나스닥바이오,203780,주식,19,972,,,,,,,7,372,,,,,,
2026-09-28,대창,012800,주식,19,2141,,,,,,,15,376,,,,,,
2026-09-28,레드캡투어,038390,주식,19,761,,,,,,,5,144,,,,,,
2026-09-28,싸이닉솔루션,234030,주식,19,1146,,,,,,,6,223,,,,,,
2026-09-28,팜젠사이언스,004720,주식,19,1204,,,,,,,4,301,,,,,,
2026-09-28,한국무브넥스,010100,주식,19,728,,,,,,,441,176,,,,,,
2026-09-28,퓨릿,445180,주식,19,460,,,,,,,3,103,,,,,,
2026-09-28,SM C&C,048550,주식,19,2794,,,,,,,11,303,,,,,,
2026-09-28,이글벳,044960,주식,19,922,,,,,,,5,140,,,,,,
2026-09-28,구영테크,053270,주식,19,936,,,,,,,2,151,,,,,,
2026-09-28,대한뉴팜,054670,주식,19,600,,,,,,,46,187,,,,,,
2026-09-28,에이스침대,003800,주식,19,315,,,,,,,15,54,,,,,,
2026-09-28,아바텍,149950,주식,19,614,,,,,,,12,195,,,,,,
2026-09-28,동국S&C,100130,주식,19,1875,,,,,,,8,422,,,,,,
2026-09-28,엔케이,085310,주식,19,798,,,,,,,10,260,,,,,,
2026-09-28,강동씨앤엘,198440,주식,19,1559,,,,,,,6,293,,,,,,
2026-09-28,제이스로보틱스,090470,주식,19,374,,,,,,,49,122,,,,,,
2026-09-28,대성에너지,117580,주식,19,1545,,,,,,,7,311,,,,,,
2026-09-28,일동홀딩스,000230,주식,19,813,,,,,,,7,198,,,,,,
2026-09-28,테라젠이텍스,066700,주식,19,1124,,,,,,,21,413,,,,,,
2026-09-28,무학,033920,주식,19,636,,,,,,,1076,156,,,,,,
2026-09-28,샌즈랩,411080,주식,19,1135,,,,,,,7,197,,,,,,
2026-09-28,샘표식품,248170,주식,19,822,,,,,,,5,133,,,,,,
2026-09-28,지엘팜텍,204840,주식,19,448,,,,,,,7,144,,,,,,
2026-09-28,티와이홀딩스,363280,주식,19,933,,,,,,,295,406,,,,,,
2026-09-28,쎄크,081180,주식,19,533,,,,,,,13,138,,,,,,
2026-09-28,그리드위즈,453450,주식,19,1028,,,,,,,4,153,,,,,,
2026-09-28,현대건설우,000725,주식,19,1139,,,,,,,19,782,,,,,,
2026-09-28,대양전기공업,108380,주식,19,580,,,,,,,11,151,,,,,,
2026-09-28,디앤씨미디어,263720,주식,19,1464,,,,,,,4,173,,,,,,
2026-09-28,EDGC,245620,주식,19,2979,,,,,,,8,615,,,,,,
2026-09-28,코츠테크놀로지,448710,주식,19,2592,,,,,,,126,540,,,,,,
2026-09-28,경농,002100,주식,19,805,,,,,,,6,142,,,,,,
2026-09-28,사조대림,003960,주식,19,781,,,,,,,7,183,,,,,,
2026-09-28,일지테크,019540,주식,19,399,,,,,,,3,70,,,,,,
2026-09-28,라파스,214260,주식,19,1041,,,,,,,8,183,,,,,,
2026-09-28,에이프로,262260,주식,19,1169,,,,,,,11,480,,,,,,
2026-09-28,KODEX 코스피TR,359210,주식,19,486,,,,,,,7,63,,,,,,
2026-09-28,바텍,043150,주식,19,822,,,,,,,18,228,,,,,,
2026-09-28,휴마시스,205470,주식,19,2745,,,,,,,10,477,,,,,,
2026-09-28,앤로보틱스,138360,주식,19,1264,,,,,,,11,347,,,,,,
2026-09-28,에이프로젠,007460,주식,19,2739,,,,,,,25,674,,,,,,
2026-09-28,에스원,012750,주식,19,513,,,,,,,13,157,,,,,,
2026-09-28,서호전기,065710,주식,19,494,,,,,,,11,123,,,,,,
2026-09-28,에스와이스틸텍,365330,주식,19,1183,,,,,,,6,266,,,,,,
2026-09-28,KPX케미칼,025000,주식,19,356,,,,,,,15,169,,,,,,
2026-09-28,LG헬로비전,037560,주식,19,2809,,,,,,,13,437,,,,,,
2026-09-28,KODEX 미국S&P500헬스케어,453640,주식,19,1248,,,,,,,5,170,,,,,,
2026-09-28,SOL 미국넥스트테크TOP10액티브,0118S0,주식,18,861,,,,,,,13,237,,,,,,
2026-09-28,ACE 코스피,305050,주식,18,407,,,,,,,4,97,,,,,,
2026-09-28,KIWOOM 미국고배당&AI테크,0107F0,주식,18,1106,,,,,,,4,160,,,,,,
2026-09-28,KoAct 고배당액티브,0222D0,주식,18,409,,,,,,,4,86,,,,,,
2026-09-28,KODEX 미국S&P500배당귀족커버드콜(합성 H),276970,주식,18,927,,,,,,,3,125,,,,,,
2026-09-28,오가노이드사이언스,476040,주식,18,1754,,,,,,,122,389,,,,,,
2026-09-28,KIWOOM 미국S&P500&GOLD,0137W0,주식,18,1106,,,,,,,3,144,,,,,,
2026-09-28,KIWOOM 코리아고배당,104530,주식,18,820,,,,,,,6,120,,,,,,
2026-09-28,HLB바이오스텝,278650,주식,18,1983,,,,,,,24,437,,,,,,
2026-09-28,케이씨피드,025880,주식,18,464,,,,,,,2,79,,,,,,
2026-09-28,DSR,155660,주식,18,292,,,,,,,1,58,,,,,,
2026-09-28,퀀텀레일,070300,주식,18,313,,,,,,,3,79,,,,,,
2026-09-28,네오사피엔스,0161M0,주식,18,719,,,,,,,2,117,,,,,,
2026-09-28,TP,007980,주식,18,523,,,,,,,15,147,,,,,,
2026-09-28,케이사인,192250,주식,18,1174,,,,,,,7,237,,,,,,
2026-09-28,모나리자,012690,주식,18,1287,,,,,,,3,213,,,,,,
2026-09-28,부국증권우,001275,주식,18,184,,,,,,,7,82,,,,,,
2026-09-28,벽산,007210,주식,18,1163,,,,,,,105,291,,,,,,
2026-09-28,제일약품,271980,주식,18,1380,,,,,,,15,347,,,,,,
2026-09-28,오픈베이스,049480,주식,18,1115,,,,,,,7,259,,,,,,
2026-09-28,국일제지,078130,주식,18,2816,,,,,,,14,523,,,,,,
2026-09-28,덕우전자,263600,주식,18,824,,,,,,,18,191,,,,,,
2026-09-28,세코닉스,053450,주식,18,867,,,,,,,5,196,,,,,,
2026-09-28,셀루메드,049180,주식,18,2865,,,,,,,9,593,,,,,,
2026-09-28,대한항공우,003495,주식,18,2100,,,,,,,4,236,,,,,,
2026-09-28,화천기공,000850,주식,18,181,,,,,,,389,88,,,,,,
2026-09-28,모토닉,009680,주식,18,652,,,,,,,11,153,,,,,,
2026-09-28,선바이오,067370,주식,18,174,,,,,,,7,51,,,,,,
2026-09-28,한솔로지스틱스,009180,주식,18,965,,,,,,,7,473,,,,,,
2026-09-28,탑머티리얼,360070,주식,18,1143,,,,,,,164,258,,,,,,
2026-09-28,리드코프,012700,주식,18,1159,,,,,,,5,186,,,,,,
2026-09-28,PLUS 미국S&P500,429760,주식,18,666,,,,,,,2,71,,,,,,
2026-09-28,에이티넘인베스트,021080,주식,18,888,,,,,,,10,244,,,,,,
2026-09-28,비엘팜텍,065170,주식,18,946,,,,,,,5,230,,,,,,
2026-09-28,HLB제넥스,187420,주식,18,654,,,,,,,73,307,,,,,,
2026-09-28,대한제분,001130,주식,18,384,,,,,,,10,111,,,,,,
2026-09-28,한솔홀딩스,004150,주식,18,485,,,,,,,31,556,,,,,,
2026-09-28,SOL 조선기자재,0141S0,주식,18,759,,,,,,,7,174,,,,,,
2026-09-28,제이스코홀딩스,023440,주식,18,961,,,,,,,9,188,,,,,,
2026-09-28,한투 일본종합상사TOP5 ETN,570100,주식,18,461,,,,,,,1,37,,,,,,
2026-09-28,젠큐릭스,229000,주식,17,1058,,,,,,,11,262,,,,,,
2026-09-28,평화산업,090080,주식,17,894,,,,,,,3,133,,,,,,
2026-09-28,비트컴퓨터,032850,주식,17,1343,,,,,,,14,405,,,,,,
2026-09-28,태웅로직스,124560,주식,17,877,,,,,,,4,146,,,,,,
2026-09-28,지오엘리먼트,311320,주식,17,414,,,,,,,4,289,,,,,,
2026-09-28,새빗켐,107600,주식,17,2994,,,,,,,68,761,,,,,,
2026-09-28,케이티알파,036030,주식,17,1255,,,,,,,10,536,,,,,,
2026-09-28,SOL SK하이닉스단일종목레버리지,0197W0,주식,17,352,,,,,,,3,48,,,,,,
2026-09-28,RISE SK하이닉스단일종목레버리지,0192L0,주식,17,349,,,,,,,4,44,,,,,,
2026-09-28,KoAct AI인프라액티브,487130,주식,17,426,,,,,,,8,118,,,,,,
2026-09-28,KIWOOM 미국원유에너지기업,474800,주식,17,510,,,,,,,3,101,,,,,,
2026-09-28,PLUS 미국채30년액티브,464470,주식,17,396,,,,,,,3,75,,,,,,
2026-09-28,이지스레지던스리츠,350520,주식,17,280,,,,,,,32,105,,,,,,
2026-09-28,KODEX 3대농산물선물(H),271060,주식,17,761,,,,,,,7,166,,,,,,
2026-09-28,HANARO 글로벌피지컬AI액티브,0040S0,주식,17,750,,,,,,,10,212,,,,,,
2026-09-28,포인트엔지니어링,256630,주식,17,328,,,,,,,2,64,,,,,,
2026-09-28,TIME 글로벌휴머노이드로봇산업액티브,0185L0,주식,17,946,,,,,,,9,204,,,,,,
2026-09-28,한투 인버스2XWTI원유선물 ETN B,570117,주식,17,128,,,,,,,2,22,,,,,,
2026-09-28,엠엑스로보틱스,007820,주식,17,891,,,,,,,8,238,,,,,,
2026-09-28,PLUS 미국나스닥테크,287180,주식,17,452,,,,,,,6,214,,,,,,
2026-09-28,오상자이엘,053980,주식,17,632,,,,,,,21,193,,,,,,
2026-09-28,나이스정보통신,036800,주식,17,449,,,,,,,8,111,,,,,,
2026-09-28,앱코,129890,주식,17,950,,,,,,,4,112,,,,,,
2026-09-28,상상인,038540,주식,17,360,,,,,,,18,128,,,,,,
2026-09-28,예스24,053280,주식,17,2039,,,,,,,12,208,,,,,,
2026-09-28,경남스틸,039240,주식,17,840,,,,,,,11,151,,,,,,
2026-09-28,초록뱀미디어,047820,주식,17,4916,,,,,,,5,620,,,,,,
2026-09-28,SY동아,041930,주식,17,1132,,,,,,,7,214,,,,,,
2026-09-28,쎄노텍,222420,주식,17,755,,,,,,,6,141,,,,,,
2026-09-28,알에프텍,061040,주식,17,949,,,,,,,6,221,,,,,,
2026-09-28,HDC현대EP,089470,주식,17,567,,,,,,,9,149,,,,,,
2026-09-28,웅진씽크빅,095720,주식,17,1404,,,,,,,4,302,,,,,,
2026-09-28,이엔플러스,074610,주식,17,3011,,,,,,,9,735,,,,,,
2026-09-28,SK디스커버리우,006125,주식,17,422,,,,,,,13,85,,,,,,
2026-09-28,오파스넷,173130,주식,17,379,,,,,,,6,85,,,,,,
2026-09-28,현대공업,170030,주식,17,1316,,,,,,,5,228,,,,,,
2026-09-28,아모그린텍,125210,주식,17,987,,,,,,,21,239,,,,,,
2026-09-28,한국화장품,123690,주식,17,1403,,,,,,,20,467,,,,,,
2026-09-28,현대리바트,079430,주식,17,4210,,,,,,,19,244,,,,,,
2026-09-28,NH농우바이오,054050,주식,17,1012,,,,,,,11,260,,,,,,
2026-09-28,한국수출포장,002200,주식,17,154,,,,,,,6,48,,,,,,
2026-09-28,SM Life Design,063440,주식,17,1356,,,,,,,2,163,,,,,,
2026-09-28,TIGER 여행레저,228800,주식,17,1279,,,,,,,12,353,,,,,,
2026-09-28,큐알티,405100,주식,17,718,,,,,,,10,196,,,,,,
2026-09-28,성문전자,014910,주식,17,1122,,,,,,,102,262,,,,,,
2026-09-28,에어레인,163280,주식,17,588,,,,,,,5,140,,,,,,
2026-09-28,피에스텍,002230,주식,17,1900,,,,,,,4,198,,,,,,
2026-09-28,서린바이오,038070,주식,17,1416,,,,,,,5,273,,,,,,
2026-09-28,창해에탄올,004650,주식,17,653,,,,,,,10,139,,,,,,
2026-09-28,케이씨에스,115500,주식,17,1171,,,,,,,18,274,,,,,,
2026-09-28,녹십자엠에스,142280,주식,17,1454,,,,,,,82,344,,,,,,
2026-09-28,에스피소프트,443670,주식,17,1052,,,,,,,4,209,,,,,,
2026-09-28,KODEX 구리선물(H),138910,주식,17,1444,,,,,,,8,285,,,,,,
2026-09-28,한독,002390,주식,17,954,,,,,,,16,230,,,,,,
2026-09-28,동양파일,228340,주식,17,592,,,,,,,3,93,,,,,,
2026-09-28,무림페이퍼,009200,주식,17,625,,,,,,,8,225,,,,,,
2026-09-28,이지케어텍,099750,주식,17,401,,,,,,,10,93,,,,,,
2026-09-28,조광페인트,004910,주식,17,431,,,,,,,10,90,,,,,,
2026-09-28,서원인텍,093920,주식,17,558,,,,,,,9,109,,,,,,
2026-09-28,옵투스제약,131030,주식,17,571,,,,,,,10,139,,,,,,
2026-09-28,엠투엔,033310,주식,17,775,,,,,,,5,209,,,,,,
2026-09-28,새로닉스,042600,주식,17,848,,,,,,,6,180,,,,,,
2026-09-28,다스코,058730,주식,17,763,,,,,,,112,210,,,,,,
2026-09-28,하이트진로홀딩스,000140,주식,17,572,,,,,,,8,170,,,,,,
2026-09-28,한진중공업홀딩스,003480,주식,17,433,,,,,,,15,307,,,,,,
2026-09-28,아나패스,123860,주식,17,297,,,,,,,35,150,,,,,,
2026-09-28,까뮤이앤씨,013700,주식,17,780,,,,,,,8,182,,,,,,
2026-09-28,인지컨트롤스,023800,주식,17,901,,,,,,,6,201,,,,,,
2026-09-28,대창단조,015230,주식,17,342,,,,,,,5,85,,,,,,
2026-09-28,에이비온,203400,주식,17,1236,,,,,,,8,294,,,,,,
2026-09-28,삼성공조,006660,주식,17,1087,,,,,,,6,230,,,,,,
2026-09-28,1Q 미국나스닥100미국채혼합50액티브,0111P0,주식,16,1206,,,,,,,6,195,,,,,,
2026-09-28,DL이앤씨우,37550K,주식,16,813,,,,,,,24,607,,,,,,
2026-09-28,ACE 엔비디아채권혼합,448540,주식,16,845,,,,,,,10,229,,,,,,
2026-09-28,ACE 미국SMR원자력TOP10,0155M0,주식,16,1336,,,,,,,7,315,,,,,,
2026-09-28,KODEX 방산TOP10레버리지,0100K0,주식,16,537,,,,,,,4,93,,,,,,
2026-09-28,참좋은여행,094850,주식,16,1951,,,,,,,10,324,,,,,,
2026-09-28,서플러스글로벌,140070,주식,16,690,,,,,,,24,184,,,,,,
2026-09-28,모베이스,101330,주식,16,630,,,,,,,4,154,,,,,,
2026-09-28,디와이파워,210540,주식,16,532,,,,,,,10,177,,,,,,
2026-09-28,레이저옵텍,199550,주식,16,406,,,,,,,8,98,,,,,,
2026-09-28,CG인바이츠,083790,주식,16,1375,,,,,,,25,430,,,,,,
2026-09-28,휴비스,079980,주식,16,1033,,,,,,,5,222,,,,,,
2026-09-28,코위버,056360,주식,16,870,,,,,,,18,266,,,,,,
2026-09-28,노랑풍선,104620,주식,16,2602,,,,,,,4,423,,,,,,
2026-09-28,동방선기,099410,주식,16,462,,,,,,,4,132,,,,,,
2026-09-28,써니전자,004770,주식,16,1144,,,,,,,9,243,,,,,,
2026-09-28,아비코전자,036010,주식,16,834,,,,,,,39,207,,,,,,
2026-09-28,에이치시티,072990,주식,16,386,,,,,,,2,70,,,,,,
2026-09-28,한성크린텍,066980,주식,16,1043,,,,,,,8,263,,,,,,
2026-09-28,TIGER 미국방산TOP10,494840,주식,16,1517,,,,,,,5,216,,,,,,
2026-09-28,시너지이노베이션,048870,주식,16,779,,,,,,,30,273,,,,,,
2026-09-28,아이엠티,451220,주식,16,651,,,,,,,4,145,,,,,,
2026-09-28,F&F홀딩스,007700,주식,16,702,,,,,,,5,136,,,,,,
2026-09-28,대성홀딩스,016710,주식,16,590,,,,,,,9,148,,,,,,
2026-09-28,디알텍,214680,주식,16,958,,,,,,,22,265,,,,,,
2026-09-28,제이티,089790,주식,16,450,,,,,,,8,102,,,,,,
2026-09-28,부국증권,001270,주식,16,530,,,,,,,9,222,,,,,,
2026-09-28,상지건설,042940,주식,16,1434,,,,,,,7,346,,,,,,
2026-09-28,이엔셀,456070,주식,16,979,,,,,,,7,226,,,,,,
2026-09-28,하이스틸,071090,주식,16,812,,,,,,,4,181,,,,,,
2026-09-28,크리스탈신소재,900250,주식,16,1800,,,,,,,4,380,,,,,,
2026-09-28,무림P&P,009580,주식,16,836,,,,,,,6,228,,,,,,
2026-09-28,KX하이텍,052900,주식,16,887,,,,,,,15,148,,,,,,
2026-09-28,그린플러스,186230,주식,16,1912,,,,,,,12,251,,,,,,
2026-09-28,오브젠,417860,주식,16,738,,,,,,,137,165,,,,,,
2026-09-28,디에스케이,109740,주식,16,258,,,,,,,143,106,,,,,,
2026-09-28,현대퓨처넷,126560,주식,16,507,,,,,,,7,86,,,,,,
2026-09-28,강남제비스코,000860,주식,16,167,,,,,,,167,68,,,,,,
2026-09-28,티비씨,033830,주식,16,503,,,,,,,1,68,,,,,,
2026-09-28,아이크래프트,052460,주식,16,528,,,,,,,16,186,,,,,,
2026-09-28,마이크로투나노,424980,주식,16,6378,,,,,,,178,1006,,,,,,
2026-09-28,바이오비쥬,489460,주식,16,504,,,,,,,13,151,,,,,,
2026-09-28,TIGER 인버스,123310,주식,16,491,,,,,,,2,47,,,,,,
2026-09-28,에피바이오텍,446440,주식,16,12,,,,,,,0,2,,,,,,
2026-09-28,케이엔더블유,105330,주식,16,207,,,,,,,5,135,,,,,,
2026-09-28,LS네트웍스,000680,주식,16,1169,,,,,,,4,304,,,,,,
2026-09-28,아이에스티이,212710,주식,16,417,,,,,,,1,91,,,,,,
2026-09-28,TIGER 삼성그룹,138520,주식,16,562,,,,,,,18,181,,,,,,
2026-09-28,아이패밀리에스씨,114840,주식,16,680,,,,,,,7,147,,,,,,
2026-09-28,매드업,0039P0,주식,16,768,,,,,,,4,122,,,,,,
2026-09-28,SK디앤디,210980,주식,16,1103,,,,,,,2,200,,,,,,
2026-09-28,엔에프씨,265740,주식,16,428,,,,,,,14,146,,,,,,
2026-09-28,유성기업,002920,주식,16,226,,,,,,,8,82,,,,,,
2026-09-28,지아이텍,382480,주식,16,985,,,,,,,9,182,,,,,,
2026-09-28,케이엔에스,432470,주식,16,675,,,,,,,7,143,,,,,,
2026-09-28,셀바스헬스케어,208370,주식,16,969,,,,,,,7,228,,,,,,
2026-09-28,대현,016090,주식,16,520,,,,,,,6,97,,,,,,
2026-09-28,TIGER Fn메타버스,400970,주식,16,2026,,,,,,,9,453,,,,,,
2026-09-28,RISE 바이오TOP10액티브,0000Z0,주식,15,961,,,,,,,9,253,,,,,,
2026-09-28,바이오스마트,038460,주식,15,863,,,,,,,9,223,,,,,,
2026-09-28,SOL 배당성향탑픽액티브,0152E0,주식,15,528,,,,,,,4,105,,,,,,
2026-09-28,PLUS 미국고배당주액티브,0153X0,주식,15,1063,,,,,,,3,131,,,,,,
2026-09-28,TIGER 종합채권(AA-이상)액티브,451540,주식,15,718,,,,,,,2,43,,,,,,
2026-09-28,PLUS 머니마켓액티브,477050,주식,15,142,,,,,,,3,13,,,,,,
2026-09-28,에이치엠씨제7호스팩,477340,주식,15,116,,,,,,,3,19,,,,,,
2026-09-28,RISE TDF2040액티브 적격,442560,주식,15,371,,,,,,,2,42,,,,,,
2026-09-28,케이비아이동국실업,001620,주식,15,404,,,,,,,3,86,,,,,,
2026-09-28,WON 반도체밸류체인액티브,474590,주식,15,358,,,,,,,6,84,,,,,,
2026-09-28,PLUS 코스닥150액티브,0166N0,주식,15,582,,,,,,,8,170,,,,,,
2026-09-28,KODEX 미국S&P500테크놀로지,463680,주식,15,904,,,,,,,11,576,,,,,,
2026-09-28,KoAct 글로벌친환경전력인프라액티브,475070,주식,15,493,,,,,,,11,156,,,,,,
2026-09-28,제노레이,122310,주식,15,461,,,,,,,30,261,,,,,,
2026-09-28,지에스이,053050,주식,15,1280,,,,,,,2,181,,,,,,
2026-09-28,LS티라유텍,322180,주식,15,736,,,,,,,5,193,,,,,,
2026-09-28,아이컴포넌트,059100,주식,15,137,,,,,,,6,53,,,,,,
2026-09-28,오공,045060,주식,15,576,,,,,,,2,168,,,,,,
2026-09-28,YBM넷,057030,주식,15,959,,,,,,,1,129,,,,,,
2026-09-28,노바텍,285490,주식,15,1003,,,,,,,8,193,,,,,,
2026-09-28,오디텍,080520,주식,15,428,,,,,,,3,95,,,,,,
2026-09-28,KODEX TRF7030,329670,주식,15,279,,,,,,,4,45,,,,,,
2026-09-28,로젠,033290,주식,15,648,,,,,,,3,138,,,,,,
2026-09-28,티쓰리,204610,주식,15,232,,,,,,,4,55,,,,,,
2026-09-28,스카이라이프,053210,주식,15,646,,,,,,,9,206,,,,,,
2026-09-28,젝시믹스,337930,주식,15,1057,,,,,,,2,117,,,,,,
2026-09-28,티에이치엔,019180,주식,15,597,,,,,,,4,114,,,,,,
2026-09-28,노브메타파마,229500,주식,15,119,,,,,,,23,87,,,,,,
2026-09-28,KISCO홀딩스,001940,주식,15,218,,,,,,,7,76,,,,,,
2026-09-28,윈팩,097800,주식,15,927,,,,,,,11,246,,,,,,
2026-09-28,아세아,002030,주식,15,111,,,,,,,1,34,,,,,,
2026-09-28,한국공항,005430,주식,15,297,,,,,,,5,136,,,,,,
2026-09-28,TIGER 헬스케어,143860,주식,15,904,,,,,,,11,246,,,,,,
2026-09-28,3S,060310,주식,15,984,,,,,,,10,281,,,,,,
2026-09-28,화인베스틸,133820,주식,15,395,,,,,,,5,80,,,,,,
2026-09-28,나인앤컴퍼니,366030,주식,15,723,,,,,,,3,121,,,,,,
2026-09-28,푸른로보틱스,094940,주식,15,867,,,,,,,110,247,,,,,,
2026-09-28,머큐리,100590,주식,15,1155,,,,,,,9,267,,,,,,
2026-09-28,대영포장,014160,주식,15,2306,,,,,,,13,366,,,,,,
2026-09-28,일성건설,013360,주식,15,1686,,,,,,,5,306,,,,,,
2026-09-28,플래스크,041590,주식,15,406,,,,,,,46,143,,,,,,
2026-09-28,동원개발,013120,주식,15,878,,,,,,,9,155,,,,,,
2026-09-28,아우토크립트,331740,주식,15,730,,,,,,,8,131,,,,,,
2026-09-28,파수AI,150900,주식,15,528,,,,,,,10,324,,,,,,
2026-09-28,보해양조,000890,주식,15,1410,,,,,,,6,314,,,,,,
2026-09-28,포니링크,064800,주식,15,530,,,,,,,5,130,,,,,,
2026-09-28,HLB파나진,046210,주식,15,641,,,,,,,7,177,,,,,,
2026-09-28,씨피시스템,413630,주식,15,913,,,,,,,6,256,,,,,,
2026-09-28,금양그린파워,282720,주식,15,736,,,,,,,5,169,,,,,,
2026-09-28,스톤브릿지벤처스,330730,주식,15,276,,,,,,,3,36,,,,,,
2026-09-28,신일제약,012790,주식,15,1117,,,,,,,20,257,,,,,,
2026-09-28,알파칩스,117670,주식,15,744,,,,,,,24,258,,,,,,
2026-09-28,엔젯,419080,주식,15,403,,,,,,,13,106,,,,,,
2026-09-28,KTcs,058850,주식,15,1106,,,,,,,21,355,,,,,,
2026-09-28,희림,037440,주식,15,1032,,,,,,,5,207,,,,,,
2026-09-28,위드텍,348350,주식,15,543,,,,,,,3,101,,,,,,
2026-09-28,한독크린텍,256150,주식,15,639,,,,,,,187,151,,,,,,
2026-09-28,블랙야크아이앤씨,478560,주식,15,231,,,,,,,1,33,,,,,,
2026-09-28,HRS,036640,주식,14,537,,,,,,,16,128,,,,,,
2026-09-28,블루콤,033560,주식,14,182,,,,,,,3,42,,,,,,
2026-09-28,엠오티,413390,주식,14,2050,,,,,,,399,327,,,,,,
2026-09-28,비상교육,100220,주식,14,448,,,,,,,1,60,,,,,,
2026-09-28,진매트릭스,109820,주식,14,1675,,,,,,,6,289,,,,,,
2026-09-28,대신밸류리츠,0030R0,주식,14,1523,,,,,,,4,193,,,,,,
2026-09-28,오비고,352910,주식,14,975,,,,,,,5,184,,,,,,
2026-09-28,프로티아,303360,주식,14,144,,,,,,,4,28,,,,,,
2026-09-28,덕성,004830,주식,14,1515,,,,,,,10,318,,,,,,
2026-09-28,메쥬,0088M0,주식,14,503,,,,,,,3,289,,,,,,
2026-09-28,에스넷,038680,주식,14,718,,,,,,,19,205,,,,,,
2026-09-28,토탈소프트,045340,주식,14,548,,,,,,,17,302,,,,,,
2026-09-28,1Q 미국메디컬AI,0083S0,주식,14,812,,,,,,,6,172,,,,,,
2026-09-28,엠게임,058630,주식,14,1042,,,,,,,8,202,,,,,,
2026-09-28,KODEX 일본TOPIX100,101280,주식,14,780,,,,,,,5,251,,,,,,
2026-09-28,TIGER 원유선물인버스(H),217770,주식,14,418,,,,,,,5,50,,,,,,
2026-09-28,ACE 주주환원가치주액티브,447430,주식,14,508,,,,,,,10,118,,,,,,
2026-09-28,PLUS 미국양자컴퓨팅TOP10,0023B0,주식,14,980,,,,,,,7,207,,,,,,
2026-09-28,TIGER 글로벌온디바이스AI,480310,주식,14,558,,,,,,,6,139,,,,,,
2026-09-28,KODEX 28-12 회사채(AA-이상)액티브,0119H0,주식,14,174,,,,,,,4,26,,,,,,
2026-09-28,티이엠씨씨엔에스,241790,주식,14,518,,,,,,,10,121,,,,,,
2026-09-28,KODEX 국채선물10년,152380,주식,14,360,,,,,,,4,75,,,,,,
2026-09-28,ACE 미국주식베스트셀러,473590,주식,14,727,,,,,,,6,186,,,,,,
2026-09-28,SOL 미국배당다우존스2호,493420,주식,14,488,,,,,,,3,70,,,,,,
2026-09-28,RISE KOFR금리액티브(합성),479520,주식,14,129,,,,,,,1,14,,,,,,
2026-09-28,HANARO 글로벌생성형AI액티브,461340,주식,14,289,,,,,,,6,81,,,,,,
2026-09-28,에피소드컴퍼니,317530,주식,14,644,,,,,,,13,110,,,,,,
2026-09-28,LB인베스트먼트,309960,주식,14,302,,,,,,,2,66,,,,,,
2026-09-28,인터지스,129260,주식,14,466,,,,,,,7,86,,,,,,
2026-09-28,다원넥스뷰,323350,주식,14,225,,,,,,,3,52,,,,,,
2026-09-28,KT지니뮤직,043610,주식,14,1653,,,,,,,6,243,,,,,,
2026-09-28,디지틀조선,033130,주식,14,397,,,,,,,9,167,,,,,,
2026-09-28,리파인,377450,주식,14,160,,,,,,,14,100,,,,,,
2026-09-28,고려제약,014570,주식,14,595,,,,,,,20,118,,,,,,
2026-09-28,케이엘넷,039420,주식,14,518,,,,,,,3,107,,,,,,
2026-09-28,페스카로,0015S0,주식,14,913,,,,,,,3,184,,,,,,
2026-09-28,이노메트리,302430,주식,14,732,,,,,,,8,206,,,,,,
2026-09-28,해태제과식품,101530,주식,14,866,,,,,,,11,246,,,,,,
2026-09-28,디와이피엔에프,104460,주식,14,438,,,,,,,3,98,,,,,,
2026-09-28,BYC우,001465,주식,14,82,,,,,,,17,14,,,,,,
2026-09-28,누리플랜,069140,주식,14,359,,,,,,,71,67,,,,,,
2026-09-28,서울식품,004410,주식,14,4732,,,,,,,6,550,,,,,,
2026-09-28,경동인베스트,012320,주식,14,320,,,,,,,8,118,,,,,,
2026-09-28,TIGER 200커버드콜,289480,주식,14,734,,,,,,,5,93,,,,,,
2026-09-28,동양,001520,주식,14,1288,,,,,,,8,389,,,,,,
2026-09-28,오리콤,010470,주식,14,287,,,,,,,1,39,,,,,,
2026-09-28,태림포장,011280,주식,14,1287,,,,,,,6,279,,,,,,
2026-09-28,HDC랩스,039570,주식,14,348,,,,,,,7,65,,,,,,
2026-09-28,위지트,036090,주식,14,1475,,,,,,,8,325,,,,,,
2026-09-28,져스텍,153890,주식,14,636,,,,,,,31,152,,,,,,
2026-09-28,한일단조,024740,주식,14,839,,,,,,,2,165,,,,,,
2026-09-28,현대이지웰,090850,주식,14,546,,,,,,,10,142,,,,,,
2026-09-28,오상헬스케어,036220,주식,14,495,,,,,,,2,103,,,,,,
2026-09-28,주성코퍼레이션,109070,주식,14,550,,,,,,,9,195,,,,,,
2026-09-28,KIWOOM 단기자금,130730,주식,14,103,,,,,,,0,8,,,,,,
2026-09-28,가비아,079940,주식,14,285,,,,,,,45,116,,,,,,
2026-09-28,에이텀,355690,주식,14,369,,,,,,,21,97,,,,,,
2026-09-28,극동유화,014530,주식,14,866,,,,,,,5,139,,,,,,
2026-09-28,대주산업,003310,주식,14,2040,,,,,,,216,340,,,,,,
2026-09-28,램테크놀러지,171010,주식,14,768,,,,,,,124,180,,,,,,
2026-09-28,TIGER 소프트웨어,157490,주식,14,1298,,,,,,,11,284,,,,,,
2026-09-28,방림,003610,주식,14,145,,,,,,,5,72,,,,,,
2026-09-28,동원모빌리티,018500,주식,14,647,,,,,,,10,122,,,,,,
2026-09-28,웅진,016880,주식,14,868,,,,,,,15,515,,,,,,
2026-09-28,워트,396470,주식,14,954,,,,,,,4,181,,,,,,
2026-09-28,유엑스엔,337840,주식,14,42,,,,,,,1,17,,,,,,
2026-09-28,탑코미디어,134580,주식,14,202,,,,,,,3,45,,,,,,
2026-09-28,우주일렉트로,065680,주식,14,252,,,,,,,845,90,,,,,,
2026-09-28,두산퓨얼셀1우,33626K,주식,14,880,,,,,,,10,184,,,,,,
2026-09-28,덴티스,261200,주식,14,725,,,,,,,18,168,,,,,,
2026-09-28,소마젠,950200,주식,14,1001,,,,,,,2,174,,,,,,
2026-09-28,PLUS 200TR,491220,주식,14,67,,,,,,,2,19,,,,,,
2026-09-28,한국컴퓨터,054040,주식,14,428,,,,,,,2,75,,,,,,
2026-09-28,엔투텍,227950,주식,14,2303,,,,,,,3,447,,,,,,
2026-09-28,우리산업,215360,주식,14,745,,,,,,,8,270,,,,,,
2026-09-28,천일고속,000650,주식,14,678,,,,,,,4,140,,,,,,
2026-09-28,세미티에스,0017J0,주식,14,612,,,,,,,1,88,,,,,,
2026-09-28,토마토시스템,393210,주식,14,715,,,,,,,4,123,,,,,,
2026-09-28,기산텔레콤,035460,주식,13,590,,,,,,,3,190,,,,,,
2026-09-28,평화홀딩스,010770,주식,13,367,,,,,,,8,89,,,,,,
2026-09-28,부산주공,005030,주식,13,1344,,,,,,,4,207,,,,,,
2026-09-28,한국파마,032300,주식,13,1399,,,,,,,5,233,,,,,,
2026-09-28,파이오링크,170790,주식,13,331,,,,,,,5,58,,,,,,
2026-09-28,동국생명과학,303810,주식,13,475,,,,,,,8,103,,,,,,
2026-09-28,KODEX 헬스케어,266420,주식,13,784,,,,,,,7,198,,,,,,
2026-09-28,SDN,099220,주식,13,1637,,,,,,,7,249,,,,,,
2026-09-28,흥국,010240,주식,13,336,,,,,,,233,112,,,,,,
2026-09-28,케어랩스,263700,주식,13,1027,,,,,,,6,282,,,,,,
2026-09-28,신테카바이오,226330,주식,13,1549,,,,,,,54,403,,,,,,
2026-09-28,에이텍모빌리티,224110,주식,13,624,,,,,,,2,106,,,,,,
2026-09-28,위메이드플레이,123420,주식,13,623,,,,,,,7,178,,,,,,
2026-09-28,SOL 코스닥TOP10,0192T0,주식,13,447,,,,,,,4,106,,,,,,
2026-09-28,대호에이엘,069460,주식,13,863,,,,,,,96,253,,,,,,
2026-09-28,삼성 인버스 2X 코스닥150 선물 ETN,530107,주식,13,203,,,,,,,2,25,,,,,,
2026-09-28,ACE MSCI인도네시아(합성),256440,주식,13,876,,,,,,,5,254,,,,,,
2026-09-28,KIWOOM 미국AI테크하이베타,0190M0,주식,13,827,,,,,,,3,119,,,,,,
2026-09-28,파라택시스이더리움,290560,주식,13,242,,,,,,,1,38,,,,,,
2026-09-28,ACE 미국30년국채선물레버리지(합성 H),452250,주식,13,120,,,,,,,5,28,,,,,,
2026-09-28,TIGER 28-04 회사채(A+이상)액티브,0094K0,주식,13,189,,,,,,,8,114,,,,,,
2026-09-28,PLUS 삼성전자선물단일종목인버스2X,0193L0,주식,13,160,,,,,,,2,39,,,,,,
2026-09-28,WON 미국우주항공방산,440910,주식,13,1135,,,,,,,5,199,,,,,,
2026-09-28,TIGER 코스닥150바이오테크,261070,주식,13,765,,,,,,,9,221,,,,,,
2026-09-28,미래에셋글로벌리츠,396690,주식,13,857,,,,,,,3,207,,,,,,
2026-09-28,팬스타엔터프라이즈,054300,주식,13,616,,,,,,,6,109,,,,,,
2026-09-28,KODEX 차이나H레버리지(H),204450,주식,13,232,,,,,,,5,100,,,,,,
2026-09-28,RISE 비메모리반도체액티브,388420,주식,13,455,,,,,,,10,130,,,,,,
2026-09-28,KODEX 친환경조선해운액티브,445150,주식,13,531,,,,,,,10,146,,,,,,
2026-09-28,KODEX 차이나AI테크액티브,428510,주식,13,460,,,,,,,5,111,,,,,,
2026-09-28,TIGER 미국AI반도체팹리스,491830,주식,13,542,,,,,,,8,112,,,,,,
2026-09-28,동양고속,084670,주식,13,1248,,,,,,,6,305,,,,,,
2026-09-28,위즈코프,038620,주식,13,1009,,,,,,,4,391,,,,,,
2026-09-28,현우산업,092300,주식,13,793,,,,,,,3,171,,,,,,
2026-09-28,고바이오랩,348150,주식,13,1684,,,,,,,4,373,,,,,,
2026-09-28,LK삼양,225190,주식,13,1663,,,,,,,3,301,,,,,,
2026-09-28,대상우,001685,주식,13,373,,,,,,,2,90,,,,,,
2026-09-28,아모센스,357580,주식,13,750,,,,,,,3,157,,,,,,
2026-09-28,큐에스아이,066310,주식,13,858,,,,,,,5,237,,,,,,
2026-09-28,뉴엔AI,463020,주식,13,1084,,,,,,,3,185,,,,,,
2026-09-28,지누스,013890,주식,13,852,,,,,,,16,413,,,,,,
2026-09-28,KODEX IT,266370,주식,13,377,,,,,,,12,102,,,,,,
2026-09-28,일신바이오,068330,주식,13,2172,,,,,,,6,431,,,,,,
2026-09-28,지엠비코리아,013870,주식,13,711,,,,,,,5,160,,,,,,
2026-09-28,혜인,003010,주식,13,460,,,,,,,28,233,,,,,,
2026-09-28,피에이치에이,043370,주식,13,328,,,,,,,8,103,,,,,,
2026-09-28,NPC,004250,주식,13,1039,,,,,,,8,203,,,,,,
2026-09-28,옵티팜,153710,주식,13,525,,,,,,,8,91,,,,,,
2026-09-28,아주스틸,139990,주식,13,2256,,,,,,,2,338,,,,,,
2026-09-28,퓨런티어,370090,주식,13,1368,,,,,,,30,276,,,,,,
2026-09-28,진양홀딩스,100250,주식,13,459,,,,,,,8,128,,,,,,
2026-09-28,삼일기업공사,002290,주식,13,365,,,,,,,5,55,,,,,,
2026-09-28,스트라드비젼,475040,주식,13,674,,,,,,,11,154,,,,,,
2026-09-28,남광토건,001260,주식,13,496,,,,,,,12,143,,,,,,
2026-09-28,경보제약,214390,주식,13,715,,,,,,,13,249,,,,,,
2026-09-28,남화토건,091590,주식,13,619,,,,,,,6,166,,,,,,
2026-09-28,삼호개발,010960,주식,13,571,,,,,,,5,163,,,,,,
2026-09-28,화성밸브,039610,주식,13,689,,,,,,,9,204,,,,,,
2026-09-28,포톤,208710,주식,13,1261,,,,,,,6,245,,,,,,
2026-09-28,대한제강,084010,주식,13,914,,,,,,,17,176,,,,,,
2026-09-28,유유제약,000220,주식,13,1270,,,,,,,6,246,,,,,,
2026-09-28,영우디에스피,143540,주식,13,734,,,,,,,8,132,,,,,,
2026-09-28,BYC,001460,주식,13,161,,,,,,,355,36,,,,,,
2026-09-28,디에스엠,104040,주식,13,1029,,,,,,,7,176,,,,,,
2026-09-28,라온피플,300120,주식,13,942,,,,,,,4,187,,,,,,
2026-09-28,대원전선우,006345,주식,13,795,,,,,,,4,146,,,,,,
2026-09-28,한화투자증권우,003535,주식,13,913,,,,,,,10,183,,,,,,
2026-09-28,키이스트,054780,주식,13,1387,,,,,,,3,444,,,,,,
2026-09-28,SJM홀딩스,025530,주식,13,229,,,,,,,1,90,,,,,,
2026-09-28,IBK투자증권,104770,주식,13,65,,,,,,,10,29,,,,,,
2026-09-28,덱스터,206560,주식,13,4526,,,,,,,2,587,,,,,,
2026-09-28,오로라,039830,주식,13,319,,,,,,,4,65,,,,,,
2026-09-28,CR홀딩스,000480,주식,13,360,,,,,,,7,88,,,,,,
2026-09-28,리센스메디컬,394420,주식,13,5676,,,,,,,12,878,,,,,,
2026-09-28,와이엠씨,155650,주식,13,491,,,,,,,13,113,,,,,,
2026-09-28,우리바이오,082850,주식,13,1613,,,,,,,3,338,,,,,,
2026-09-28,그린생명과학,114450,주식,13,1398,,,,,,,5,266,,,,,,
2026-09-28,퀀타매트릭스,317690,주식,13,852,,,,,,,5,159,,,,,,
2026-09-28,고려제강,002240,주식,13,933,,,,,,,1391,255,,,,,,
2026-09-28,선진뷰티사이언스,086710,주식,12,657,,,,,,,15,130,,,,,,
2026-09-28,일승,333430,주식,12,849,,,,,,,4,187,,,,,,
2026-09-28,위닉스,044340,주식,12,2285,,,,,,,3,265,,,,,,
2026-09-28,유니온,000910,주식,12,1359,,,,,,,5,261,,,,,,
2026-09-28,광명전기,017040,주식,12,1671,,,,,,,9,411,,,,,,
2026-09-28,에스엠벡셀,010580,주식,12,772,,,,,,,14,145,,,,,,
2026-09-28,RISE 코스피,302450,주식,12,301,,,,,,,4,29,,,,,,
2026-09-28,유성티엔에스,024800,주식,12,191,,,,,,,5,55,,,,,,
2026-09-28,인천도시가스,034590,주식,12,219,,,,,,,41,55,,,,,,
2026-09-28,하이드로리튬,101670,주식,12,3395,,,,,,,7,745,,,,,,
2026-09-28,네오위즈홀딩스,042420,주식,12,432,,,,,,,6,126,,,,,,
2026-09-28,에스피시스템스,317830,주식,12,1167,,,,,,,6,308,,,,,,
2026-09-28,폴라리스AI파마,041910,주식,12,680,,,,,,,6,231,,,,,,
2026-09-28,코텍,052330,주식,12,237,,,,,,,11,69,,,,,,
2026-09-28,대성창투,027830,주식,12,905,,,,,,,2,182,,,,,,
2026-09-28,대한화섬,003830,주식,12,80,,,,,,,4,19,,,,,,
2026-09-28,삼아제약,009300,주식,12,221,,,,,,,2,54,,,,,,
2026-09-28,나라엠앤디,051490,주식,12,1019,,,,,,,66,317,,,,,,
2026-09-28,아이엠증권,030010,주식,12,139,,,,,,,6,207,,,,,,
2026-09-28,다올투자증권,030210,주식,12,564,,,,,,,19,289,,,,,,
2026-09-28,코메론,049430,주식,12,219,,,,,,,1,40,,,,,,
2026-09-28,에스프리즘,288620,주식,12,1733,,,,,,,3,351,,,,,,
2026-09-28,대덕전자1우,35320K,주식,12,397,,,,,,,4,79,,,,,,
2026-09-28,경방,000050,주식,12,330,,,,,,,15,90,,,,,,
2026-09-28,와이어블,065530,주식,12,1135,,,,,,,10,216,,,,,,
2026-09-28,이씨에스,067010,주식,12,778,,,,,,,1,97,,,,,,
2026-09-28,한국유니온제약,080720,주식,12,720,,,,,,,10,150,,,,,,
2026-09-28,KODEX 미국테크TOP3플러스,491090,주식,12,434,,,,,,,4,98,,,,,,
2026-09-28,TIGER 원유선물Enhanced(H),130680,주식,12,945,,,,,,,7,549,,,,,,
2026-09-28,TIGER 27-04회사채(A+이상)액티브,480260,주식,12,232,,,,,,,7,129,,,,,,
2026-09-28,신한 블룸버그 인버스2X WTI원유선물 ETN B,500094,주식,12,90,,,,,,,2,20,,,,,,
2026-09-28,우리엔터프라이즈,037400,주식,12,453,,,,,,,1,75,,,,,,
2026-09-28,TIGER 미디어컨텐츠,228810,주식,12,1077,,,,,,,7,222,,,,,,
2026-09-28,아모레퍼시픽홀딩스우,002795,주식,12,488,,,,,,,2,100,,,,,,
2026-09-28,RISE 2차전지액티브,422420,주식,12,642,,,,,,,6,170,,,,,,
2026-09-28,WON 두산그룹포커스,0177A0,주식,12,821,,,,,,,3,124,,,,,,
2026-09-28,KoAct 미국로봇피지컬AI액티브,0186L0,주식,12,745,,,,,,,4,119,,,,,,
2026-09-28,KoAct 수소전력ESS인프라액티브,0150K0,주식,12,648,,,,,,,10,163,,,,,,
2026-09-28,TIME 미국나스닥100채권혼합50액티브,0019K0,주식,12,494,,,,,,,9,150,,,,,,
2026-09-28,유니온머티리얼,047400,주식,12,2172,,,,,,,4,336,,,,,,
2026-09-28,삼성 레버리지 은 선물 ETN(H),530061,주식,12,172,,,,,,,6,31,,,,,,
2026-09-28,엔비알모션,0004V0,주식,12,889,,,,,,,6,214,,,,,,
2026-09-28,인지소프트,100030,주식,12,108,,,,,,,1,25,,,,,,
2026-09-28,로체시스템즈,071280,주식,12,383,,,,,,,12,114,,,,,,
2026-09-28,원일티엔아이,136150,주식,12,758,,,,,,,2,152,,,,,,
2026-09-28,마니커에프앤지,195500,주식,12,845,,,,,,,3,136,,,,,,
2026-09-28,오리엔트바이오,002630,주식,12,1500,,,,,,,6,402,,,,,,
2026-09-28,팬젠,222110,주식,12,256,,,,,,,65,308,,,,,,
2026-09-28,GMI벤처,019570,주식,12,617,,,,,,,6,115,,,,,,
2026-09-28,유티아이,179900,주식,12,583,,,,,,,79,231,,,,,,
2026-09-28,조선내화,462520,주식,12,415,,,,,,,4,88,,,,,,
2026-09-28,조이시티,067000,주식,12,1305,,,,,,,9,267,,,,,,
2026-09-28,팅크웨어,084730,주식,12,764,,,,,,,6,257,,,,,,
2026-09-28,아이비김영,339950,주식,12,458,,,,,,,24,85,,,,,,
2026-09-28,한솔홈데코,025750,주식,12,1644,,,,,,,4,355,,,,,,
2026-09-28,대진첨단소재,393970,주식,12,887,,,,,,,5,173,,,,,,
2026-09-28,FSN,214270,주식,12,949,,,,,,,11,157,,,,,,
2026-09-28,고려산업,002140,주식,12,990,,,,,,,3,173,,,,,,
2026-09-28,온타이드,005320,주식,12,608,,,,,,,5,114,,,,,,
2026-09-28,삼성출판사,068290,주식,12,1898,,,,,,,10,258,,,,,,
2026-09-28,아진전자부품,009320,주식,12,986,,,,,,,7,317,,,,,,
2026-09-28,에프엔에스테크,083500,주식,12,513,,,,,,,291,188,,,,,,
2026-09-28,디씨엠,024090,주식,12,225,,,,,,,17,62,,,,,,
2026-09-28,디알젬,263690,주식,12,668,,,,,,,12,142,,,,,,
2026-09-28,디와이디,219550,주식,12,535,,,,,,,7,124,,,,,,
2026-09-28,진시스템,363250,주식,12,225,,,,,,,8,40,,,,,,
2026-09-28,마니커,027740,주식,12,2406,,,,,,,4,320,,,,,,
2026-09-28,씨티씨바이오,060590,주식,12,436,,,,,,,10,193,,,,,,
2026-09-28,시그네틱스,033170,주식,12,1095,,,,,,,5,243,,,,,,
2026-09-28,엠젠솔루션,032790,주식,12,375,,,,,,,18,183,,,,,,
2026-09-28,이월드,084680,주식,12,1772,,,,,,,4,264,,,,,,
2026-09-28,티플랙스,081150,주식,12,954,,,,,,,6,186,,,,,,
2026-09-28,한국가구,004590,주식,12,407,,,,,,,18,73,,,,,,
2026-09-28,한국큐빅,021650,주식,12,291,,,,,,,1,56,,,,,,
2026-09-28,멀티캠퍼스,067280,주식,12,404,,,,,,,8,150,,,,,,
2026-09-28,비엠티,086670,주식,12,289,,,,,,,8,76,,,,,,
2026-09-28,아스플로,159010,주식,12,265,,,,,,,47,457,,,,,,
2026-09-28,에스씨디,042110,주식,12,637,,,,,,,7,126,,,,,,
2026-09-28,진양제약,007370,주식,12,340,,,,,,,7,92,,,,,,
2026-09-28,케이엠,083550,주식,12,608,,,,,,,3,166,,,,,,
2026-09-28,삼진식품,0013V0,주식,12,738,,,,,,,3,147,,,,,,
2026-09-28,옵티시스,109080,주식,12,772,,,,,,,5,172,,,,,,
2026-09-28,씨케이솔루션,480370,주식,12,475,,,,,,,3,91,,,,,,
2026-09-28,미래에셋맵스리츠,357250,주식,12,423,,,,,,,5,103,,,,,,
2026-09-28,크라운해태홀딩스,005740,주식,12,444,,,,,,,5,167,,,,,,
2026-09-28,시선AI,340810,주식,12,566,,,,,,,4,130,,,,,,
2026-09-28,웰크론,065950,주식,12,1511,,,,,,,3,273,,,,,,
2026-09-28,키스트론,475430,주식,12,529,,,,,,,12,97,,,,,,
2026-09-28,금호에이치티,214330,주식,12,1273,,,,,,,5,312,,,,,,
2026-09-28,서울평가정보,036120,주식,12,582,,,,,,,5,115,,,,,,
2026-09-28,아이디스홀딩스,054800,주식,11,120,,,,,,,5,23,,,,,,
2026-09-28,넥스턴앤롤코리아,089140,주식,11,1036,,,,,,,3,205,,,,,,
2026-09-28,레몬,294140,주식,11,1362,,,,,,,4,294,,,,,,
2026-09-28,AK홀딩스,006840,주식,11,695,,,,,,,11,199,,,,,,
2026-09-28,명문제약,017180,주식,11,1382,,,,,,,10,394,,,,,,
2026-09-28,삼현철강,017480,주식,11,504,,,,,,,8,122,,,,,,
2026-09-28,동양에스텍,060380,주식,11,431,,,,,,,4,120,,,,,,
2026-09-28,대보마그네틱,290670,주식,11,1369,,,,,,,199,351,,,,,,
2026-09-28,샘표,007540,주식,11,429,,,,,,,8,88,,,,,,
2026-09-28,KZ정밀,036560,주식,11,405,,,,,,,4,85,,,,,,
2026-09-28,오리엔트정공,065500,주식,11,1814,,,,,,,3,328,,,,,,
2026-09-28,HB인베스트먼트,440290,주식,11,418,,,,,,,2,86,,,,,,
2026-09-28,부방,014470,주식,11,575,,,,,,,5,165,,,,,,
2026-09-28,코셈,360350,주식,11,352,,,,,,,14,74,,,,,,
2026-09-28,ES큐브,050120,주식,11,328,,,,,,,2,78,,,,,,
2026-09-28,이루온,065440,주식,11,1330,,,,,,,5,276,,,,,,
2026-09-28,엠엑스온,347890,주식,11,460,,,,,,,3,110,,,,,,
2026-09-28,옵트론텍,082210,주식,11,1352,,,,,,,14,352,,,,,,
2026-09-28,인크로스,216050,주식,11,551,,,,,,,2,87,,,,,,
2026-09-28,미원홀딩스,107590,주식,11,121,,,,,,,5,36,,,,,,
2026-09-28,사이냅소프트,466410,주식,11,236,,,,,,,1,51,,,,,,
2026-09-28,테고사이언스,191420,주식,11,281,,,,,,,6,111,,,,,,
2026-09-28,와이즈넛,096250,주식,11,461,,,,,,,22,92,,,,,,
2026-09-28,DS 코스닥액티브,0220B0,주식,11,203,,,,,,,2,59,,,,,,
2026-09-28,아이티센피엔에스,232830,주식,11,571,,,,,,,10,109,,,,,,
2026-09-28,흥국화재,000540,주식,11,511,,,,,,,6,189,,,,,,
2026-09-28,KODEX TRF5050,329660,주식,11,430,,,,,,,2,34,,,,,,
2026-09-28,KX,122450,주식,11,787,,,,,,,17,143,,,,,,
2026-09-28,세아홀딩스,058650,주식,11,337,,,,,,,11,106,,,,,,
2026-09-28,상상인증권,001290,주식,11,453,,,,,,,6,272,,,,,,
2026-09-28,DGI,099520,주식,11,439,,,,,,,18,75,,,,,,
2026-09-28,만호제강,001080,주식,11,103,,,,,,,16,39,,,,,,
2026-09-28,진로발효,018120,주식,11,399,,,,,,,6,94,,,,,,
2026-09-28,아이디스,143160,주식,11,346,,,,,,,13,126,,,,,,
2026-09-28,유틸렉스,263050,주식,11,1269,,,,,,,5,321,,,,,,
2026-09-28,TIGER 코리아테크액티브,471780,주식,11,339,,,,,,,9,107,,,,,,
2026-09-28,KODEX 미국부동산리츠(H),352560,주식,11,804,,,,,,,3,131,,,,,,
2026-09-28,KoAct 글로벌양자컴퓨팅액티브,0020H0,주식,11,714,,,,,,,6,179,,,,,,
2026-09-28,유안타제16호스팩,474490,주식,11,83,,,,,,,0,8,,,,,,
2026-09-28,HANARO Fn조선해운,441540,주식,11,478,,,,,,,9,125,,,,,,
2026-09-28,KODEX 글로벌로봇(합성),276990,주식,11,573,,,,,,,7,181,,,,,,
2026-09-28,메리츠 3X 레버리지 국채30년 ETN,610061,주식,11,39,,,,,,,0,6,,,,,,
2026-09-28,ACE 글로벌AI맞춤형반도체,494340,주식,11,581,,,,,,,10,149,,,,,,
2026-09-28,TIGER 미국나스닥100채권혼합50,435420,주식,11,725,,,,,,,3,96,,,,,,
2026-09-28,TIGER 코스피대형주,277640,주식,11,490,,,,,,,7,92,,,,,,
2026-09-28,신한 레버리지 은 선물 ETN(H),500029,주식,11,212,,,,,,,6,44,,,,,,
2026-09-28,한화머시너리앤서비스홀딩스3우B,0220WL,주식,11,1289,,,,,,,13,427,,,,,,
2026-09-28,TIGER 코스닥액티브,0204S0,주식,11,401,,,,,,,5,101,,,,,,
2026-09-28,RISE ESG사회책임투자,290130,주식,11,293,,,,,,,5,68,,,,,,
2026-09-28,HANARO 반도체핵심공정주도주,476260,주식,11,489,,,,,,,6,118,,,,,,
2026-09-28,KIWOOM 한국고배당&미국AI테크,0097L0,주식,11,783,,,,,,,4,135,,,,,,
2026-09-28,TIGER 우량회사채액티브,438330,주식,11,219,,,,,,,4,45,,,,,,
2026-09-28,TIGER 차이나항셍테크레버리지(합성 H),438320,주식,11,127,,,,,,,1,29,,,,,,
2026-09-28,PLUS 미국배당증가성장주데일리커버드콜,494420,주식,11,471,,,,,,,2,75,,,,,,
2026-09-28,KODEX 미국러셀2000(H),280930,주식,11,883,,,,,,,5,153,,,,,,
2026-09-28,TIGER 유로스탁스배당30,245350,주식,11,579,,,,,,,4,279,,,,,,
2026-09-28,HANARO K휴머노이드테마TOP10,0155N0,주식,11,678,,,,,,,6,147,,,,,,
2026-09-28,호텔신라우,008775,주식,11,829,,,,,,,9,172,,,,,,
2026-09-28,뱅크웨어글로벌,199480,주식,11,455,,,,,,,2,66,,,,,,
2026-09-28,포커스에이아이,331380,주식,11,196,,,,,,,11,49,,,,,,
2026-09-28,SG&G,040610,주식,11,271,,,,,,,1,78,,,,,,
2026-09-28,샤페론,378800,주식,11,1191,,,,,,,3,232,,,,,,
2026-09-28,원티드랩,376980,주식,11,3227,,,,,,,42,779,,,,,,
2026-09-28,풍국주정,023900,주식,11,1174,,,,,,,4,163,,,,,,
2026-09-28,TIGER 우선주,261140,주식,11,325,,,,,,,7,76,,,,,,
2026-09-28,바이오톡스텍,086040,주식,11,887,,,,,,,6,190,,,,,,
2026-09-28,더블유에스아이,299170,주식,11,648,,,,,,,4,167,,,,,,
2026-09-28,휴니드,005870,주식,11,732,,,,,,,4,224,,,,,,
2026-09-28,삼화전자,011230,주식,11,1194,,,,,,,54,260,,,,,,
2026-09-28,컴퍼니케이,307930,주식,11,459,,,,,,,5,91,,,,,,
2026-09-28,삼양케이씨아이,036670,주식,11,406,,,,,,,21,96,,,,,,
2026-09-28,비비씨,318410,주식,11,367,,,,,,,1,64,,,,,,
2026-09-28,제이엠티,094970,주식,11,322,,,,,,,3,56,,,,,,
2026-09-28,이건홀딩스,039020,주식,11,406,,,,,,,3,162,,,,,,
2026-09-28,ACE 레버리지,152500,주식,11,206,,,,,,,3,36,,,,,,
2026-09-28,수산아이앤티,050960,주식,11,409,,,,,,,6,77,,,,,,
2026-09-28,리메드,302550,주식,11,382,,,,,,,9,110,,,,,,
2026-09-28,모나미,005360,주식,11,3449,,,,,,,2,243,,,,,,
2026-09-28,니어스랩,417030,주식,11,265,,,,,,,7,145,,,,,,
2026-09-28,삼성FN리츠,448730,주식,11,933,,,,,,,6,207,,,,,,
2026-09-28,케이탑리츠,145270,주식,11,564,,,,,,,27,111,,,,,,
2026-09-28,와이랩,432430,주식,11,11703,,,,,,,84,1282,,,,,,
2026-09-28,에너토크,019990,주식,11,907,,,,,,,4,198,,,,,,
2026-09-28,앤디포스,238090,주식,11,1282,,,,,,,9,218,,,,,,
2026-09-28,영화테크,265560,주식,11,876,,,,,,,2,158,,,,,,
2026-09-28,포스뱅크,105760,주식,11,666,,,,,,,2,129,,,,,,
2026-09-28,롯데지주우,00499K,주식,11,186,,,,,,,1,31,,,,,,
2026-09-28,소프트캠프,258790,주식,11,647,,,,,,,3,99,,,,,,
2026-09-28,쏘카,403550,주식,11,654,,,,,,,2,131,,,,,,
2026-09-28,이니텍,053350,주식,11,195,,,,,,,10,72,,,,,,
2026-09-28,아즈텍WB,032080,주식,11,547,,,,,,,2,74,,,,,,
2026-09-28,에스엠씨지,460870,주식,11,350,,,,,,,4,73,,,,,,
2026-09-28,신원종합개발,017000,주식,11,797,,,,,,,2,167,,,,,,
2026-09-28,YTN,040300,주식,11,722,,,,,,,3,132,,,,,,
2026-09-28,푸드웰,005670,주식,11,277,,,,,,,41,51,,,,,,
2026-09-28,브이원텍,251630,주식,11,578,,,,,,,22,148,,,,,,
2026-09-28,이노에이엑스,296640,주식,11,214,,,,,,,3,39,,,,,,
2026-09-28,쿼드메디슨,464490,주식,11,577,,,,,,,2,128,,,,,,
2026-09-28,액토즈소프트,052790,주식,11,457,,,,,,,10,118,,,,,,
2026-09-28,호전실업,111110,주식,10,375,,,,,,,6,304,,,,,,
2026-09-28,남양유업우,003925,주식,10,120,,,,,,,6,21,,,,,,
2026-09-28,파인메딕스,387570,주식,10,1834,,,,,,,100,285,,,,,,
2026-09-28,형지엘리트,093240,주식,10,1270,,,,,,,2,374,,,,,,
2026-09-28,KODEX TRF3070,329650,주식,10,400,,,,,,,3,63,,,,,,
2026-09-28,이노인스트루먼트,215790,주식,10,1125,,,,,,,3,206,,,,,,
2026-09-28,사조동아원,008040,주식,10,748,,,,,,,16,166,,,,,,
2026-09-28,청담글로벌,362320,주식,10,652,,,,,,,11,123,,,,,,
2026-09-28,루켄테크놀러지스,162120,주식,10,91,,,,,,,6,26,,,,,,
2026-09-28,LF,093050,주식,10,766,,,,,,,48,217,,,,,,
2026-09-28,탑엔지니어링,065130,주식,10,645,,,,,,,20,297,,,,,,
2026-09-28,SIMPAC,009160,주식,10,332,,,,,,,3,104,,,,,,
2026-09-28,모티브링크,463480,주식,10,668,,,,,,,2,125,,,,,,
2026-09-28,에이테크솔루션,071670,주식,10,909,,,,,,,13,239,,,,,,
2026-09-28,국순당,043650,주식,10,1146,,,,,,,4,172,,,,,,
2026-09-28,이녹스,088390,주식,10,698,,,,,,,4,202,,,,,,
2026-09-28,와이엠텍,273640,주식,10,788,,,,,,,2,159,,,,,,
2026-09-28,조선선재,120030,주식,10,179,,,,,,,11,57,,,,,,
2026-09-28,일진디스플,020760,주식,10,1061,,,,,,,7,325,,,,,,
2026-09-28,한국특강,007280,주식,10,431,,,,,,,6,85,,,,,,
2026-09-28,한국정보통신,025770,주식,10,691,,,,,,,4,171,,,,,,
2026-09-28,HL D&I,014790,주식,10,682,,,,,,,51,175,,,,,,
2026-09-28,자연과환경,043910,주식,10,1654,,,,,,,5,342,,,,,,
2026-09-28,아티스트컴퍼니,321820,주식,10,962,,,,,,,43,349,,,,,,
2026-09-28,바이오에프디엔씨,251120,주식,10,243,,,,,,,4,70,,,,,,
2026-09-28,라닉스,317120,주식,10,1349,,,,,,,44,227,,,,,,
2026-09-28,엔비티,236810,주식,10,855,,,,,,,19,160,,,,,,
2026-09-28,TIGER BBIG,364960,주식,10,1316,,,,,,,7,330,,,,,,
2026-09-28,RISE 200고배당커버드콜ATM,290080,주식,10,495,,,,,,,2,82,,,,,,
2026-09-28,PLUS TDF2060액티브 적격,433880,주식,10,368,,,,,,,4,58,,,,,,
2026-09-28,ACE 반도체Plus전략산업,0228G0,주식,10,734,,,,,,,9,167,,,,,,
2026-09-28,대신밸런스제20호스팩,0134X0,주식,10,237,,,,,,,5,27,,,,,,
2026-09-28,PLUS K제조업핵심기업액티브,0166S0,주식,10,859,,,,,,,4,113,,,,,,
2026-09-28,ACE 미국10년국채액티브(H),0085N0,주식,10,399,,,,,,,3,105,,,,,,
2026-09-28,RISE 미국30년국채커버드콜(합성),472830,주식,10,324,,,,,,,2,58,,,,,,
2026-09-28,ACE 글로벌자율주행액티브,414270,주식,10,709,,,,,,,5,202,,,,,,
2026-09-28,TIGER 미국테크TOP10채권혼합,472170,주식,10,729,,,,,,,4,112,,,,,,
2026-09-28,미래에셋 레버리지 SK하이닉스 단일종목ETN,520101,주식,10,204,,,,,,,8,37,,,,,,
2026-09-28,KODEX 미국드론UAM TOP10,0144M0,주식,10,744,,,,,,,4,172,,,,,,
2026-09-28,TIGER 글로벌비만치료제TOP2Plus,476690,주식,10,722,,,,,,,3,115,,,,,,
2026-09-28,KIWOOM 글로벌AI반도체,473490,주식,10,326,,,,,,,9,93,,,,,,
2026-09-28,KODEX iShares미국투자등급회사채액티브,468630,주식,10,250,,,,,,,1,54,,,,,,
2026-09-28,KB S&P 인버스 2X WTI원유 선물 ETN B,580069,주식,10,95,,,,,,,4,17,,,,,,
2026-09-28,KODEX 미국S&P500에너지(합성),218420,주식,10,669,,,,,,,5,101,,,,,,
2026-09-28,TIGER 글로벌AI플랫폼액티브,412770,주식,10,845,,,,,,,9,246,,,,,,
2026-09-28,PLUS 글로벌희토류&전략자원생산기업,415920,주식,10,1140,,,,,,,5,268,,,,,,
2026-09-28,현대코퍼레이션홀딩스,227840,주식,10,314,,,,,,,17,120,,,,,,
2026-09-28,KODEX 글로벌비만치료제TOP2 Plus,476070,주식,10,878,,,,,,,6,188,,,,,,
2026-09-28,TIGER 미국투자등급회사채액티브(H),458260,주식,10,392,,,,,,,2,48,,,,,,
2026-09-28,한세예스24홀딩스,016450,주식,10,419,,,,,,,5,72,,,,,,
2026-09-28,KODEX 자율주행액티브,385520,주식,10,640,,,,,,,4,161,,,,,,
2026-09-28,미래에셋 CD금리 플러스 ETN,520094,주식,10,5,,,,,,,0,0,,,,,,
2026-09-28,유신,054930,주식,10,419,,,,,,,10,99,,,,,,
2026-09-28,노루홀딩스,000320,주식,10,307,,,,,,,6,107,,,,,,
2026-09-28,멤레이비티,072770,주식,10,454,,,,,,,2,92,,,,,,
2026-09-28,신화인터텍,056700,주식,10,442,,,,,,,6,141,,,,,,
2026-09-28,콜마바이오텍,215380,주식,10,755,,,,,,,7,136,,,,,,
2026-09-28,조비,001550,주식,10,594,,,,,,,6,160,,,,,,
2026-09-28,데이타솔루션,263800,주식,10,716,,,,,,,4,137,,,,,,
2026-09-28,엑셀세라퓨틱스,373110,주식,10,652,,,,,,,5,139,,,,,,
2026-09-28,유니켐,011330,주식,10,426,,,,,,,6,108,,,,,,
2026-09-28,덕신이피씨,090410,주식,10,721,,,,,,,7,123,,,,,,
2026-09-28,셀피글로벌,068940,주식,10,732,,,,,,,3,163,,,,,,
2026-09-28,경남제약,053950,주식,10,1795,,,,,,,4,448,,,,,,
2026-09-28,SK에코플랜트,003340,주식,10,759,,,,,,,8,204,,,,,,
2026-09-28,드림씨아이에스,223250,주식,10,487,,,,,,,7,98,,,,,,
2026-09-28,팜스코,036580,주식,10,592,,,,,,,7,236,,,,,,
2026-09-28,일신석재,007110,주식,10,1176,,,,,,,4,276,,,,,,
2026-09-28,멕아이씨에스,058110,주식,10,800,,,,,,,2,139,,,,,,
2026-09-28,보락,002760,주식,10,752,,,,,,,5,169,,,,,,
2026-09-28,SGC E&C,016250,주식,10,346,,,,,,,4,79,,,,,,
2026-09-28,미창석유,003650,주식,10,152,,,,,,,2,37,,,,,,
2026-09-28,에스에이티,060540,주식,10,358,,,,,,,3,58,,,,,,
2026-09-28,교보16호스팩,482520,주식,10,100,,,,,,,4,16,,,,,,
2026-09-28,엔시스,333620,주식,10,799,,,,,,,2,185,,,,,,
2026-09-28,토비스,051360,주식,10,354,,,,,,,11,114,,,,,,
2026-09-28,트루엔,417790,주식,10,338,,,,,,,7,184,,,,,,
2026-09-28,솔디펜스,215090,주식,10,1150,,,,,,,2,186,,,,,,
2026-09-28,조광피혁,004700,주식,10,100,,,,,,,18,61,,,,,,
2026-09-28,에코캡,128540,주식,10,926,,,,,,,3,148,,,,,,
2026-09-28,기신정기,092440,주식,10,291,,,,,,,3,65,,,,,,
2026-09-28,심플랫폼,444530,주식,10,411,,,,,,,3,75,,,,,,
2026-09-28,에스코넥,096630,주식,10,1172,,,,,,,4,358,,,,,,
2026-09-28,태경케미컬,006890,주식,10,1074,,,,,,,3,173,,,,,,
2026-09-28,아시아나IDT,267850,주식,10,605,,,,,,,5,97,,,,,,
2026-09-28,코맥스,036690,주식,10,997,,,,,,,4,279,,,,,,
2026-09-28,모나용평,070960,주식,10,693,,,,,,,10,187,,,,,,
2026-09-28,엠에스씨,009780,주식,10,282,,,,,,,12,68,,,,,,
2026-09-28,KODEX KRX300,292190,주식,10,206,,,,,,,9,53,,,,,,
2026-09-28,아이엠비디엑스,461030,주식,10,760,,,,,,,2,141,,,,,,
2026-09-28,제이씨현시스템,033320,주식,10,1198,,,,,,,6,267,,,,,,
2026-09-28,KC코트렐,119650,주식,10,2097,,,,,,,5,425,,,,,,
2026-09-28,내츄럴엔도텍,168330,주식,9,453,,,,,,,13,249,,,,,,
2026-09-28,엑시큐어하이트론,019490,주식,9,656,,,,,,,5,144,,,,,,
2026-09-28,꿈비,407400,주식,9,994,,,,,,,1,168,,,,,,
2026-09-28,자이글,234920,주식,9,932,,,,,,,5,177,,,,,,
2026-09-28,백금T&A,046310,주식,9,377,,,,,,,5,98,,,,,,
2026-09-28,대한제당우,001795,주식,9,376,,,,,,,3,49,,,,,,
2026-09-28,듀켐바이오,176750,주식,9,370,,,,,,,112,112,,,,,,
2026-09-28,세종메디칼,258830,주식,9,1950,,,,,,,3,417,,,,,,
2026-09-28,미래생명자원,218150,주식,9,1038,,,,,,,2,171,,,,,,
2026-09-28,알트,459550,주식,9,667,,,,,,,4,118,,,,,,
2026-09-28,엘컴텍,037950,주식,9,871,,,,,,,3,171,,,,,,
2026-09-28,네오리진,094860,주식,9,601,,,,,,,2,105,,,,,,
2026-09-28,문배철강,008420,주식,9,877,,,,,,,4,248,,,,,,
2026-09-28,부산산업,011390,주식,9,361,,,,,,,7,122,,,,,,
2026-09-28,상신전자,263810,주식,9,460,,,,,,,5,100,,,,,,
2026-09-28,이화공영,001840,주식,9,915,,,,,,,5,263,,,,,,
2026-09-28,키네마스터,139670,주식,9,1349,,,,,,,3,202,,,,,,
2026-09-28,브레인즈컴퍼니,099390,주식,9,527,,,,,,,4,168,,,,,,
2026-09-28,우성머티리얼스,011300,주식,9,526,,,,,,,4,117,,,,,,
2026-09-28,파라택시스코리아,288330,주식,9,805,,,,,,,7,195,,,,,,
2026-09-28,풍강,093380,주식,9,258,,,,,,,2,52,,,,,,
2026-09-28,쏘닉스,088280,주식,9,477,,,,,,,6,127,,,,,,
2026-09-28,부국철강,026940,주식,9,892,,,,,,,6,166,,,,,,
2026-09-28,HC보광산업,225530,주식,9,446,,,,,,,4,74,,,,,,
2026-09-28,사람인,143240,주식,9,308,,,,,,,6,75,,,,,,
2026-09-28,아이에이,038880,주식,9,2765,,,,,,,4,720,,,,,,
2026-09-28,국보디자인,066620,주식,9,185,,,,,,,7,59,,,,,,
2026-09-28,동우팜투테이블,088910,주식,9,391,,,,,,,3,83,,,,,,
2026-09-28,아티스트스튜디오,200350,주식,9,867,,,,,,,2,135,,,,,,
2026-09-28,비피도,238200,주식,9,312,,,,,,,22,84,,,,,,
2026-09-28,엔텔스,069410,주식,9,683,,,,,,,2,132,,,,,,
2026-09-28,레몬헬스케어,365660,주식,9,701,,,,,,,3,129,,,,,,
2026-09-28,JTC,950170,주식,9,351,,,,,,,4,72,,,,,,
2026-09-28,율촌,146060,주식,9,320,,,,,,,0,44,,,,,,
2026-09-28,캠시스,050110,주식,9,1685,,,,,,,3,314,,,,,,
2026-09-28,코리아나,027050,주식,9,1317,,,,,,,8,447,,,,,,
2026-09-28,한창제지,009460,주식,9,720,,,,,,,2,167,,,,,,
2026-09-28,화천기계,010660,주식,9,591,,,,,,,5,156,,,,,,
2026-09-28,KB발해인프라,415640,주식,9,345,,,,,,,7,101,,,,,,
2026-09-28,EG,037370,주식,9,729,,,,,,,7,240,,,,,,
2026-09-28,한창,005110,주식,9,1349,,,,,,,3,270,,,,,,
2026-09-28,한네트,052600,주식,9,928,,,,,,,4,138,,,,,,
2026-09-28,동원수산,030720,주식,9,411,,,,,,,2,101,,,,,,
2026-09-28,나이스디앤비,130580,주식,9,414,,,,,,,1,85,,,,,,
2026-09-28,크레오에스지,040350,주식,9,491,,,,,,,8,179,,,,,,
2026-09-28,흥국에프엔비,189980,주식,9,1429,,,,,,,8,211,,,,,,
2026-09-28,IBKS제25호스팩,0099X0,주식,9,125,,,,,,,3,24,,,,,,
2026-09-28,한국제17호스팩,0200G0,주식,9,4177,,,,,,,2,488,,,,,,
2026-09-28,M83,476080,주식,9,639,,,,,,,1,110,,,,,,
2026-09-28,삐아,451250,주식,9,640,,,,,,,5,123,,,,,,
2026-09-28,파라텍,033540,주식,9,1010,,,,,,,4,164,,,,,,
2026-09-28,노브랜드,145170,주식,9,1066,,,,,,,2,154,,,,,,
2026-09-28,시큐레터,418250,주식,9,621,,,,,,,4,139,,,,,,
2026-09-28,KIWOOM 코스닥150,316670,주식,9,240,,,,,,,10,63,,,,,,
2026-09-28,RISE 팔란티어고정테크100,0047R0,주식,9,443,,,,,,,4,98,,,,,,
2026-09-28,RISE 삼성전자단일종목레버리지,0192M0,주식,9,198,,,,,,,1,24,,,,,,
2026-09-28,ACE 중국본토CSI300,168580,주식,9,458,,,,,,,11,271,,,,,,
2026-09-28,ACE 중국과창판STAR50,416090,주식,9,465,,,,,,,6,156,,,,,,
2026-09-28,TIGER 글로벌혁신블루칩TOP10,464930,주식,9,417,,,,,,,6,126,,,,,,
2026-09-28,ACE 2차전지&친환경차액티브,385600,주식,9,659,,,,,,,8,216,,,,,,
2026-09-28,TIGER 글로벌이노베이션액티브,387270,주식,9,386,,,,,,,5,135,,,,,,
2026-09-28,에쓰씨엔지니어링,023960,주식,9,571,,,,,,,8,164,,,,,,
2026-09-28,TIGER 코리아배당다우존스위클리커버드콜,0104P0,주식,9,316,,,,,,,4,52,,,,,,
2026-09-28,코닉오토메이션,391710,주식,9,840,,,,,,,1,165,,,,,,
2026-09-28,한컴라이프케어,372910,주식,9,954,,,,,,,3,158,,,,,,
2026-09-28,이베스트스팩6호,478110,주식,9,73,,,,,,,1,15,,,,,,
2026-09-28,RISE 미국반도체NYSE(H),469050,주식,9,175,,,,,,,1,18,,,,,,
2026-09-28,SGA솔루션즈,184230,주식,9,855,,,,,,,2,174,,,,,,
2026-09-28,파루,043200,주식,9,1061,,,,,,,3,245,,,,,,
2026-09-28,자비스,254120,주식,9,918,,,,,,,2,181,,,,,,
2026-09-28,비트플래닛,049470,주식,9,605,,,,,,,5,160,,,,,,
2026-09-28,서연탑메탈,019770,주식,9,583,,,,,,,2,121,,,,,,
2026-09-28,세우글로벌,013000,주식,9,466,,,,,,,1,104,,,,,,
2026-09-28,아이씨에이치,368600,주식,9,376,,,,,,,3,84,,,,,,
2026-09-28,에이플러스에셋,244920,주식,9,206,,,,,,,8,60,,,,,,
2026-09-28,한국제15호스팩,479880,주식,9,5942,,,,,,,6,592,,,,,,
2026-09-28,루트K,195990,주식,9,2978,,,,,,,3,680,,,,,,
2026-09-28,민테크,452200,주식,9,873,,,,,,,2,184,,,,,,
2026-09-28,삼원강재,023000,주식,9,292,,,,,,,5,80,,,,,,
2026-09-28,KODEX 보험,140700,주식,9,543,,,,,,,4,109,,,,,,
2026-09-28,카이노스메드,284620,주식,9,1103,,,,,,,4,229,,,,,,
2026-09-28,TIGER 200 금융,139270,주식,9,541,,,,,,,7,139,,,,,,
2026-09-28,SYTS,002170,주식,9,234,,,,,,,1,50,,,,,,
2026-09-28,메가엠디,133750,주식,9,846,,,,,,,2,113,,,,,,
2026-09-28,우원개발,046940,주식,9,698,,,,,,,6,143,,,,,,
2026-09-28,유라테크,048430,주식,9,616,,,,,,,3,88,,,,,,
2026-09-28,인벤테라,0007J0,주식,9,421,,,,,,,4,94,,,,,,
2026-09-28,큐캐피탈,016600,주식,9,388,,,,,,,4,192,,,,,,
2026-09-28,좋은사람들,033340,주식,9,1610,,,,,,,5,393,,,,,,
2026-09-28,SH에너지화학,002360,주식,9,1317,,,,,,,6,387,,,,,,
2026-09-28,맵스미국11호,401777,주식,9,48,,,,,,,1,15,,,,,,
2026-09-28,세중,039310,주식,9,240,,,,,,,68,124,,,,,,
2026-09-28,피엠티,147760,주식,9,269,,,,,,,13,93,,,,,,
2026-09-28,우신시스템,017370,주식,9,598,,,,,,,15,130,,,,,,
2026-09-28,골프존홀딩스,121440,주식,9,328,,,,,,,11,263,,,,,,
2026-09-28,푸른저축은행,007330,주식,9,360,,,,,,,7,80,,,,,,
2026-09-28,코람코더원리츠,417310,주식,9,351,,,,,,,2,85,,,,,,
2026-09-28,대모,317850,주식,9,563,,,,,,,3,135,,,,,,
2026-09-28,신스틸,162300,주식,9,509,,,,,,,3,90,,,,,,
2026-09-28,이노뎁,303530,주식,9,743,,,,,,,1,131,,,,,,
2026-09-28,진코스텍,250030,주식,9,50,,,,,,,4,20,,,,,,
2026-09-28,휴엠앤씨,263920,주식,9,252,,,,,,,2,53,,,,,,
2026-09-28,IBK K-AI반도체코어테크,0005G0,주식,9,370,,,,,,,6,79,,,,,,
2026-09-28,한탑,002680,주식,9,609,,,,,,,8,113,,,,,,
2026-09-28,신풍제약우,019175,주식,9,677,,,,,,,7,132,,,,,,
2026-09-28,씨아이테크,004920,주식,9,350,,,,,,,2,72,,,,,,
2026-09-28,일월지엠엘,178780,주식,9,467,,,,,,,27,89,,,,,,
2026-09-28,한국종합기술,023350,주식,9,478,,,,,,,2,77,,,,,,
2026-09-28,화승코퍼레이션,013520,주식,9,371,,,,,,,56,185,,,,,,
2026-09-28,ACE 코리아AI전력TOP10,0209Z0,주식,9,746,,,,,,,7,178,,,,,,
2026-09-28,이건산업,008250,주식,9,730,,,,,,,6,193,,,,,,
2026-09-28,화일약품,061250,주식,9,920,,,,,,,5,240,,,,,,
2026-09-28,우양피앤엘,002420,주식,9,138,,,,,,,6,31,,,,,,
2026-09-28,한주라이트메탈,198940,주식,9,634,,,,,,,3,128,,,,,,
2026-09-28,러셀,217500,주식,9,1222,,,,,,,4,220,,,,,,
2026-09-28,아셈스,136410,주식,9,6950,,,,,,,116,1018,,,,,,
2026-09-28,KCC건설,021320,주식,9,613,,,,,,,9,124,,,,,,
2026-09-28,파버나인,177830,주식,8,448,,,,,,,43,102,,,,,,
2026-09-28,MDS스피어,009810,주식,8,515,,,,,,,7,112,,,,,,
2026-09-28,동방아그로,007590,주식,8,266,,,,,,,11,73,,,,,,
2026-09-28,디케이앤디,263020,주식,8,306,,,,,,,2,48,,,,,,
2026-09-28,에스폴리텍,050760,주식,8,542,,,,,,,1,97,,,,,,
2026-09-28,나노씨엠에스,247660,주식,8,680,,,,,,,3,133,,,,,,
2026-09-28,링크제니시스,219420,주식,8,623,,,,,,,4,114,,,,,,
2026-09-28,제일파마홀딩스,002620,주식,8,217,,,,,,,2,90,,,,,,
2026-09-28,시큐브,131090,주식,8,480,,,,,,,4,179,,,,,,
2026-09-28,브리지텍,064480,주식,8,671,,,,,,,3,110,,,,,,
2026-09-28,플랜티넷,075130,주식,8,355,,,,,,,1,70,,,,,,
2026-09-28,한성기업,003680,주식,8,1857,,,,,,,1,149,,,,,,
2026-09-28,풍원정밀,371950,주식,8,502,,,,,,,4,116,,,,,,
2026-09-28,콘텐트리중앙,036420,주식,8,2919,,,,,,,2,478,,,,,,
2026-09-28,하츠,066130,주식,8,795,,,,,,,2,129,,,,,,
2026-09-28,체시스,033250,주식,8,436,,,,,,,2,104,,,,,,
2026-09-28,모델솔루션,417970,주식,8,416,,,,,,,10,117,,,,,,
2026-09-28,엑사이엔씨,054940,주식,8,551,,,,,,,4,146,,,,,,
2026-09-28,삼일씨엔에스,004440,주식,8,308,,,,,,,4,75,,,,,,
2026-09-28,에프앤가이드,064850,주식,8,217,,,,,,,2,29,,,,,,
2026-09-28,메디앙스,014100,주식,8,345,,,,,,,1,151,,,,,,
2026-09-28,신도리코,029530,주식,8,261,,,,,,,28,135,,,,,,
2026-09-28,한국선재,025550,주식,8,968,,,,,,,6,220,,,,,,
2026-09-28,티에스넥스젠,043220,주식,8,1317,,,,,,,6,293,,,,,,
2026-09-28,대창스틸,140520,주식,8,321,,,,,,,1,64,,,,,,
2026-09-28,디와이씨,310870,주식,8,248,,,,,,,1,39,,,,,,
2026-09-28,신라교역,004970,주식,8,190,,,,,,,23,82,,,,,,
2026-09-28,TIGER 모멘텀,147970,주식,8,229,,,,,,,7,95,,,,,,
2026-09-28,동국알앤에스,075970,주식,8,731,,,,,,,4,244,,,,,,
2026-09-28,신영스팩11호,0091W0,주식,8,126,,,,,,,5,19,,,,,,
2026-09-28,제이에스티나,026040,주식,8,446,,,,,,,5,140,,,,,,
2026-09-28,아이언디바이스,464500,주식,8,495,,,,,,,1,74,,,,,,
2026-09-28,DL우,000215,주식,8,366,,,,,,,3,115,,,,,,
2026-09-28,iMBC,052220,주식,8,725,,,,,,,2,144,,,,,,
2026-09-28,양지사,030960,주식,8,589,,,,,,,2,106,,,,,,
2026-09-28,한국내화,010040,주식,8,419,,,,,,,76,105,,,,,,
2026-09-28,보아스에셋,237010,주식,8,35,,,,,,,1,12,,,,,,
2026-09-28,에이치피오,357230,주식,8,531,,,,,,,7,99,,,,,,
2026-09-28,티사이언티픽,057680,주식,8,627,,,,,,,2,140,,,,,,
2026-09-28,메리츠제2호스팩,0165X0,주식,8,286,,,,,,,2,27,,,,,,
2026-09-28,손오공,066910,주식,8,1129,,,,,,,2,187,,,,,,
2026-09-28,스페코,013810,주식,8,921,,,,,,,3,160,,,,,,
2026-09-28,유디엠텍,389680,주식,8,252,,,,,,,1,39,,,,,,
2026-09-28,인바이오,352940,주식,8,762,,,,,,,74,280,,,,,,
2026-09-28,인스피언,465480,주식,8,5939,,,,,,,289,692,,,,,,
2026-09-28,서진오토모티브,122690,주식,8,282,,,,,,,3,62,,,,,,
2026-09-28,엔에이치스팩34호,0197V0,주식,8,237,,,,,,,2,36,,,,,,
2026-09-28,동성제약,002210,주식,8,1245,,,,,,,10,429,,,,,,
2026-09-28,신송홀딩스,006880,주식,8,521,,,,,,,3,95,,,,,,
2026-09-28,유수홀딩스,000700,주식,8,316,,,,,,,8,194,,,,,,
2026-09-28,씨엔플러스,115530,주식,8,199,,,,,,,2,68,,,,,,
2026-09-28,한일홀딩스,003300,주식,8,320,,,,,,,134,114,,,,,,
2026-09-28,교보17호스팩,489210,주식,8,131,,,,,,,4,23,,,,,,
2026-09-28,다보링크,340360,주식,8,324,,,,,,,19,80,,,,,,
2026-09-28,파인테크닉스,106240,주식,8,731,,,,,,,2,155,,,,,,
2026-09-28,대양금속,009190,주식,8,1174,,,,,,,5,242,,,,,,
2026-09-28,인포뱅크,039290,주식,8,904,,,,,,,6,256,,,,,,
2026-09-28,DH오토웨어,025440,주식,8,809,,,,,,,4,189,,,,,,
2026-09-28,엠아이큐브솔루션,373170,주식,8,2652,,,,,,,64,339,,,,,,
2026-09-28,RISE 단기채권알파액티브,385550,주식,8,107,,,,,,,1,78,,,,,,
2026-09-28,ACE 리츠부동산인프라액티브,0153P0,주식,8,243,,,,,,,2,32,,,,,,
2026-09-28,KODEX 대만테크고배당다우존스,487950,주식,8,411,,,,,,,1,46,,,,,,
2026-09-28,피엔케이피부임상연구센타,347740,주식,8,476,,,,,,,1,85,,,,,,
2026-09-28,KODEX 미국S&P500금융,453650,주식,8,738,,,,,,,4,454,,,,,,
2026-09-28,PLUS 미국S&P500성장주,494410,주식,8,407,,,,,,,2,59,,,,,,
2026-09-28,TIGER 유로스탁스50(합성 H),195930,주식,8,613,,,,,,,5,448,,,,,,
2026-09-28,KODEX 삼성그룹밸류,213610,주식,8,415,,,,,,,9,118,,,,,,
2026-09-28,RISE 미국AI테크액티브,495940,주식,8,269,,,,,,,3,65,,,,,,
2026-09-28,PLUS 미국테크TOP10레버리지(합성),461910,주식,8,87,,,,,,,1,16,,,,,,
2026-09-28,TIGER 200선물인버스2X,252710,주식,8,357,,,,,,,1,65,,,,,,
2026-09-28,RISE 미국AI전력인프라액티브,0176E0,주식,8,493,,,,,,,3,98,,,,,,
2026-09-28,미래에셋 레버리지 삼성전자 단일종목 ETN,520100,주식,8,138,,,,,,,1,18,,,,,,
2026-09-28,유안타제15호스팩,473050,주식,8,90,,,,,,,0,5,,,,,,
2026-09-28,ACE 일본Nikkei225(H),238720,주식,8,304,,,,,,,4,164,,,,,,
2026-09-28,KODEX 미국달러선물레버리지,261250,주식,8,175,,,,,,,1,14,,,,,,
2026-09-28,세이브존I&C,067830,주식,8,219,,,,,,,17,83,,,,,,
2026-09-28,포인트모바일,318020,주식,8,1299,,,,,,,3,218,,,,,,
2026-09-28,세동,053060,주식,8,228,,,,,,,10,62,,,,,,
2026-09-28,두산2우B,000157,주식,8,131,,,,,,,3,50,,,,,,
2026-09-28,엔피케이,048830,주식,8,258,,,,,,,1,53,,,,,,
2026-09-28,영화금속,012280,주식,8,869,,,,,,,5,185,,,,,,
2026-09-28,인포바인,115310,주식,8,133,,,,,,,257,70,,,,,,
2026-09-28,한국제지,027970,주식,8,536,,,,,,,2,109,,,,,,
2026-09-28,디와이에이,002880,주식,8,755,,,,,,,3,162,,,,,,
2026-09-28,에이스토리,241840,주식,8,2002,,,,,,,1,225,,,,,,
2026-09-28,폴라리스세원,234100,주식,8,1885,,,,,,,6,370,,,,,,
2026-09-28,KTis,058860,주식,8,486,,,,,,,15,213,,,,,,
2026-09-28,이글루,067920,주식,8,232,,,,,,,8,163,,,,,,
2026-09-28,프로이천,321260,주식,8,625,,,,,,,3,145,,,,,,
2026-09-28,세종텔레콤,036630,주식,8,1376,,,,,,,2,255,,,,,,
2026-09-28,에이에스텍,453860,주식,8,466,,,,,,,1,95,,,,,,
2026-09-28,에코심플렉스,038870,주식,8,1006,,,,,,,3,190,,,,,,
2026-09-28,에스지헬스케어,398120,주식,8,142,,,,,,,0,30,,,,,,
2026-09-28,넥센,005720,주식,8,227,,,,,,,14,66,,,,,,
2026-09-28,아고스,175140,주식,8,370,,,,,,,50,75,,,,,,
2026-09-28,인디에프,014990,주식,8,509,,,,,,,5,135,,,,,,
2026-09-28,스타플렉스,115570,주식,8,140,,,,,,,1,30,,,,,,
2026-09-28,아이퀘스트,262840,주식,8,470,,,,,,,1,79,,,,,,
2026-09-28,효성오앤비,097870,주식,8,680,,,,,,,2,122,,,,,,
2026-09-28,제일테크노스,038010,주식,8,294,,,,,,,2,39,,,,,,
2026-09-28,SOL 코스닥150,450910,주식,8,130,,,,,,,1,33,,,,,,
2026-09-28,카스,016920,주식,8,1029,,,,,,,1,142,,,,,,
2026-09-28,오에스피,368970,주식,8,190,,,,,,,0,41,,,,,,
2026-09-28,미스터블루,207760,주식,8,1297,,,,,,,2,201,,,,,,
2026-09-28,온코크로스,382150,주식,8,711,,,,,,,3,169,,,,,,
2026-09-28,캡스톤파트너스,452300,주식,8,418,,,,,,,2,59,,,,,,
2026-09-28,피엔에이치테크,239890,주식,8,1036,,,,,,,84,428,,,,,,
2026-09-28,제이투케이바이오,420570,주식,8,250,,,,,,,3,142,,,,,,
2026-09-28,진도,088790,주식,8,260,,,,,,,0,42,,,,,,
2026-09-28,그리티,204020,주식,8,257,,,,,,,4,44,,,,,,
2026-09-28,케일럼,258610,주식,8,387,,,,,,,1,51,,,,,,
2026-09-28,모니터랩,434480,주식,8,652,,,,,,,2,109,,,,,,
2026-09-28,오늘이엔엠,192410,주식,8,364,,,,,,,26,94,,,,,,
2026-09-28,피씨디렉트,051380,주식,8,410,,,,,,,32,91,,,,,,
2026-09-28,대신정보통신,020180,주식,8,557,,,,,,,4,136,,,,,,
2026-09-28,우성,006980,주식,8,381,,,,,,,2,91,,,,,,
2026-09-28,우양,103840,주식,8,1110,,,,,,,3,190,,,,,,
2026-09-28,청보,013720,주식,8,996,,,,,,,2,134,,,,,,
2026-09-28,밸로프,331520,주식,8,227,,,,,,,2,33,,,,,,
2026-09-28,프리티,006490,주식,8,1200,,,,,,,5,435,,,,,,
2026-09-28,상신브레이크,041650,주식,8,554,,,,,,,13,140,,,,,,
2026-09-28,시지트로닉스,429270,주식,8,594,,,,,,,1,118,,,,,,
2026-09-28,큐라티스,348080,주식,7,500,,,,,,,2,100,,,,,,
2026-09-28,옴니시스템,057540,주식,7,1094,,,,,,,5,245,,,,,,
2026-09-28,우진플라임,049800,주식,7,353,,,,,,,4,64,,,,,,
2026-09-28,위세아이텍,065370,주식,7,452,,,,,,,3,86,,,,,,
2026-09-28,제로투세븐,159580,주식,7,822,,,,,,,2,136,,,,,,
2026-09-28,대상홀딩스우,084695,주식,7,270,,,,,,,2,64,,,,,,
2026-09-28,HANARO K-뷰티,479850,주식,7,513,,,,,,,3,108,,,,,,
2026-09-28,인크레더블버즈,064090,주식,7,358,,,,,,,6,134,,,,,,
2026-09-28,위츠,459100,주식,7,495,,,,,,,2,90,,,,,,
2026-09-28,디티씨,066670,주식,7,612,,,,,,,3,107,,,,,,
2026-09-28,레이언스,228850,주식,7,324,,,,,,,4,107,,,,,,
2026-09-28,셀레스트라,352770,주식,7,1015,,,,,,,1,192,,,,,,
2026-09-28,유비벨록스,089850,주식,7,375,,,,,,,4,94,,,,,,
2026-09-28,KODEX 게임산업,300950,주식,7,450,,,,,,,4,108,,,,,,
2026-09-28,씨티알모빌리티,308170,주식,7,1291,,,,,,,99,253,,,,,,
2026-09-28,대성미생물,036480,주식,7,295,,,,,,,7,85,,,,,,
2026-09-28,세화피앤씨,252500,주식,7,483,,,,,,,1,79,,,,,,
2026-09-28,잉글우드랩,950140,주식,7,385,,,,,,,8,124,,,,,,
2026-09-28,한빛소프트,047080,주식,7,1655,,,,,,,2,277,,,,,,
2026-09-28,비씨월드제약,200780,주식,7,481,,,,,,,3,122,,,,,,
2026-09-28,영흥,012160,주식,7,361,,,,,,,6,176,,,,,,
2026-09-28,DYP,092780,주식,7,479,,,,,,,2,93,,,,,,
2026-09-28,NEW,160550,주식,7,1782,,,,,,,2,263,,,,,,
2026-09-28,웹스,196700,주식,7,597,,,,,,,73,271,,,,,,
2026-09-28,에스팀,458350,주식,7,10452,,,,,,,115,1115,,,,,,
2026-09-28,삼진엘앤디,054090,주식,7,1067,,,,,,,3,201,,,,,,
2026-09-28,영림원소프트랩,060850,주식,7,320,,,,,,,2,56,,,,,,
2026-09-28,한싹,430690,주식,7,673,,,,,,,1,119,,,,,,
2026-09-28,DH오토리드,290120,주식,7,311,,,,,,,1,56,,,,,,
2026-09-28,비츠로시스,054220,주식,7,542,,,,,,,3,186,,,,,,
2026-09-28,SOL 200TR,295040,주식,7,198,,,,,,,2,39,,,,,,
2026-09-28,SG세계물산,004060,주식,7,880,,,,,,,4,246,,,,,,
2026-09-28,ACE 일본반도체,469160,주식,7,377,,,,,,,3,113,,,,,,
2026-09-28,한국제16호스팩,0164H0,주식,7,6502,,,,,,,3,530,,,,,,
2026-09-28,잉크테크,049550,주식,7,240,,,,,,,8,81,,,,,,
2026-09-28,웰크론한텍,076080,주식,7,878,,,,,,,2,168,,,,,,
2026-09-28,서암기계공업,100660,주식,7,451,,,,,,,87,123,,,,,,
2026-09-28,에이원큐브텍,234070,주식,7,4,,,,,,,0,1,,,,,,
2026-09-28,KODEX K콘텐츠,266360,주식,7,641,,,,,,,4,183,,,,,,
2026-09-28,갤럭시아에스엠,011420,주식,7,462,,,,,,,7,96,,,,,,
2026-09-28,RISE 테슬라고정테크100,0047P0,주식,7,351,,,,,,,1,61,,,,,,
2026-09-28,인팩,023810,주식,7,377,,,,,,,4,82,,,,,,
2026-09-28,팸텍,271830,주식,7,784,,,,,,,2,140,,,,,,
2026-09-28,이지스,261520,주식,7,448,,,,,,,3,88,,,,,,
2026-09-28,대한과학,131220,주식,7,1006,,,,,,,2,152,,,,,,
2026-09-28,비트맥스,377030,주식,7,2660,,,,,,,4,508,,,,,,
2026-09-28,플레이위드,023770,주식,7,278,,,,,,,3,82,,,,,,
2026-09-28,KB제33호스팩,0072Z0,주식,7,128,,,,,,,2,22,,,,,,
2026-09-28,서울전자통신,027040,주식,7,567,,,,,,,4,155,,,,,,
2026-09-28,리더스코스메틱,016100,주식,7,458,,,,,,,4,300,,,,,,
2026-09-28,셀바이오휴먼텍,318160,주식,7,125,,,,,,,1,34,,,,,,
2026-09-28,유라클,088340,주식,7,493,,,,,,,2,84,,,,,,
2026-09-28,머니무브,179720,주식,7,7,,,,,,,0,5,,,,,,
2026-09-28,뷰티스킨,406820,주식,7,578,,,,,,,2,117,,,,,,
2026-09-28,텔코웨어,078000,주식,7,197,,,,,,,4,49,,,,,,
2026-09-28,하이로닉,149980,주식,7,508,,,,,,,29,121,,,,,,
2026-09-28,지구홀딩스,221800,주식,7,366,,,,,,,1,52,,,,,,
2026-09-28,한익스프레스,014130,주식,7,387,,,,,,,2,68,,,,,,
2026-09-28,이삭엔지니어링,351330,주식,7,646,,,,,,,1,119,,,,,,
2026-09-28,닷밀,464580,주식,7,216,,,,,,,10,50,,,,,,
2026-09-28,벡트,457600,주식,7,193,,,,,,,20,42,,,,,,
2026-09-28,PN풍년,024940,주식,7,482,,,,,,,1,69,,,,,,
2026-09-28,이원컴포텍,088290,주식,7,316,,,,,,,2,77,,,,,,
2026-09-28,한패스,408470,주식,7,7138,,,,,,,229,800,,,,,,
2026-09-28,대림바스,005750,주식,7,451,,,,,,,8,153,,,,,,
2026-09-28,신영와코루,005800,주식,7,100,,,,,,,5,32,,,,,,
2026-09-28,휴림에이텍,078590,주식,7,1606,,,,,,,3,273,,,,,,
2026-09-28,오션인더블유,052300,주식,7,802,,,,,,,7,166,,,,,,
2026-09-28,비아이매트릭스,413640,주식,7,273,,,,,,,43,68,,,,,,
2026-09-28,우리산업홀딩스,072470,주식,7,308,,,,,,,2,76,,,,,,
2026-09-28,탑런토탈솔루션,336680,주식,7,409,,,,,,,1,66,,,,,,
2026-09-28,WISCOM,024070,주식,7,287,,,,,,,3,69,,,,,,
2026-09-28,디젠스,113810,주식,7,412,,,,,,,2,75,,,,,,
2026-09-28,라피치,403360,주식,7,19,,,,,,,1,9,,,,,,
2026-09-28,윌비스,008600,주식,7,1082,,,,,,,1,261,,,,,,
2026-09-28,폴레드,487580,주식,7,966,,,,,,,2,176,,,,,,
2026-09-28,피씨엘,241820,주식,7,1141,,,,,,,2,198,,,,,,
2026-09-28,케이옥션,102370,주식,7,594,,,,,,,18,103,,,,,,
2026-09-28,TS트릴리온,317240,주식,7,658,,,,,,,1,87,,,,,,
2026-09-28,KC그린홀딩스,009440,주식,7,782,,,,,,,47,278,,,,,,
2026-09-28,엔바이오니아,317870,주식,7,232,,,,,,,6,57,,,,,,
2026-09-28,하나31호스팩,469900,주식,7,92,,,,,,,1,16,,,,,,
2026-09-28,루멘스바이오스,038060,주식,7,748,,,,,,,4,248,,,,,,
2026-09-28,에이루트,096690,주식,7,652,,,,,,,4,155,,,,,,
2026-09-28,바이오포트,188040,주식,7,204,,,,,,,0,36,,,,,,
2026-09-28,패션플랫폼,225590,주식,7,241,,,,,,,0,40,,,,,,
2026-09-28,하이즈항공,221840,주식,7,404,,,,,,,7,127,,,,,,
2026-09-28,디티앤씨알오,383930,주식,7,412,,,,,,,2,101,,,,,,
2026-09-28,한화갤러리아우,45226K,주식,7,921,,,,,,,1,386,,,,,,
2026-09-28,PLUS 글로벌방산,496770,주식,7,420,,,,,,,3,104,,,,,,
2026-09-28,PLUS 금채권혼합,0138Y0,주식,7,485,,,,,,,1,74,,,,,,
2026-09-28,에이치엘지노믹스,0156T0,주식,7,316,,,,,,,2,67,,,,,,
2026-09-28,메쎄이상,408920,주식,7,172,,,,,,,3,35,,,,,,
2026-09-28,진양산업,003780,주식,7,349,,,,,,,3,90,,,,,,
2026-09-28,TIGER 인터넷TOP10,365000,주식,7,549,,,,,,,8,210,,,,,,
2026-09-28,KIWOOM 국고채30년액티브,471460,주식,7,334,,,,,,,1,30,,,,,,
2026-09-28,ACE 골드선물 레버리지(합성 H),225130,주식,7,173,,,,,,,4,39,,,,,,
2026-09-28,삼성 인버스 2X 천연가스 선물 ETN D,530136,주식,7,52,,,,,,,0,11,,,,,,
2026-09-28,ACE 러시아MSCI(합성),265690,주식,7,915,,,,,,,5,278,,,,,,
2026-09-28,KIWOOM 미국S&P500,449770,주식,7,292,,,,,,,1,36,,,,,,
2026-09-28,KODEX Top10동일가중,395170,주식,7,356,,,,,,,2,59,,,,,,
2026-09-28,대신밸런스제19호스팩,482690,주식,7,69,,,,,,,7,27,,,,,,
2026-09-28,에이프로젠바이오로직스,003060,주식,7,2128,,,,,,,4,699,,,,,,
2026-09-28,나노실리칸첨단소재,286750,주식,7,292,,,,,,,4,82,,,,,,
2026-09-28,TIGER 일본반도체FACTSET,465660,주식,7,316,,,,,,,6,101,,,,,,
2026-09-28,KODEX 미국S&P500필수소비재,453630,주식,7,538,,,,,,,2,76,,,,,,
2026-09-28,ACE 마이크로소프트밸류체인액티브,483330,주식,7,439,,,,,,,5,98,,,,,,
2026-09-28,KIWOOM 미국S&P500 TOP10&배당다우비중전환,0127V0,주식,7,391,,,,,,,1,45,,,,,,
2026-09-28,KIWOOM 미국성장다우존스,0174R0,주식,7,343,,,,,,,1,34,,,,,,
2026-09-28,RISE 코스닥커버드콜액티브,0223A0,주식,7,225,,,,,,,3,40,,,,,,
2026-09-28,PLUS 미국테크TOP10,461900,주식,7,337,,,,,,,1,36,,,,,,
2026-09-28,미래에셋비전스팩7호,482680,주식,7,113,,,,,,,2,18,,,,,,
2026-09-28,ACE 미국달러단기채권액티브,440650,주식,7,340,,,,,,,2,57,,,,,,
2026-09-28,1Q SK하이닉스선물단일종목레버리지,0198D0,주식,7,126,,,,,,,2,17,,,,,,
2026-09-28,CJ 바이오사이언스,311690,주식,7,696,,,,,,,12,251,,,,,,
2026-09-28,PLUS 일본반도체소부장,464920,주식,7,385,,,,,,,11,156,,,,,,
2026-09-28,TIGER 코스닥150IT,261060,주식,7,432,,,,,,,3,86,,,,,,
2026-09-28,TIGER 인도빌리언컨슈머,479730,주식,7,624,,,,,,,3,121,,,,,,
2026-09-28,KIWOOM 미국우주데이터센터인프라,0207Z0,주식,7,566,,,,,,,2,72,,,,,,
2026-09-28,KIWOOM 미국S&P500&배당다우존스비중전환,0127T0,주식,7,420,,,,,,,1,40,,,,,,
2026-09-28,TIGER 200 헬스케어,227540,주식,7,530,,,,,,,4,131,,,,,,
2026-09-28,KODEX MSCI EM선물(H),291890,주식,7,437,,,,,,,1,29,,,,,,
2026-09-28,키움 레버리지 전력 TOP5 ETN,760026,주식,7,154,,,,,,,1,23,,,,,,
2026-09-28,엔에이치스팩33호,0130H0,주식,7,159,,,,,,,4,27,,,,,,
2026-09-28,제이피아이헬스케어,0010V0,주식,7,239,,,,,,,1,66,,,,,,
2026-09-28,KoAct 팔란티어밸류체인액티브,0093D0,주식,7,304,,,,,,,4,90,,,,,,
2026-09-28,미래에셋비전스팩6호,478440,주식,7,88,,,,,,,2,18,,,,,,
2026-09-28,RISE 미국고배당다우존스TOP10,0115C0,주식,7,522,,,,,,,2,94,,,,,,
2026-09-28,신한제18호스팩,0129K0,주식,7,173,,,,,,,1,28,,,,,,
2026-09-28,아이디스파워텔,031690,주식,7,62,,,,,,,7,264,,,,,,
2026-09-28,RISE 미국S&P배당킹,460660,주식,7,568,,,,,,,1,80,,,,,,
2026-09-28,본느,226340,주식,7,492,,,,,,,3,99,,,,,,
2026-09-28,플래티어,367000,주식,7,767,,,,,,,1,117,,,,,,
2026-09-28,국영지앤엠,006050,주식,7,636,,,,,,,4,133,,,,,,
2026-09-28,롯데칠성우,005305,주식,7,221,,,,,,,2,42,,,,,,
2026-09-28,라이온켐텍,171120,주식,7,377,,,,,,,4,87,,,,,,
2026-09-28,신진에스엠,138070,주식,7,254,,,,,,,3,54,,,,,,
2026-09-28,누보,332290,주식,7,481,,,,,,,8,96,,,,,,
2026-09-28,상보,027580,주식,7,905,,,,,,,4,236,,,,,,
2026-09-28,세방우,004365,주식,7,85,,,,,,,6,20,,,,,,
2026-09-28,KB오토시스,024120,주식,7,415,,,,,,,6,177,,,,,,
2026-09-28,베노티앤알,206400,주식,7,373,,,,,,,10,75,,,,,,
2026-09-28,유니테크노,241690,주식,7,461,,,,,,,5,134,,,,,,
2026-09-28,LX홀딩스1우,38380K,주식,7,536,,,,,,,2,142,,,,,,
2026-09-28,바이브컴퍼니,301300,주식,7,1094,,,,,,,64,335,,,,,,
2026-09-28,프리시젼바이오,335810,주식,7,1138,,,,,,,13,378,,,,,,
2026-09-28,아하,102950,주식,7,196,,,,,,,3,32,,,,,,
2026-09-28,DRB동일,004840,주식,7,234,,,,,,,3,92,,,,,,
2026-09-28,알리코제약,260660,주식,7,521,,,,,,,2,133,,,,,,
2026-09-28,에코글로우,159910,주식,7,443,,,,,,,3,87,,,,,,
2026-09-28,RISE 미국양자컴퓨팅,0018Z0,주식,7,577,,,,,,,3,106,,,,,,
2026-09-28,노을,376930,주식,7,1668,,,,,,,21,400,,,,,,
2026-09-28,원풍,008370,주식,7,163,,,,,,,301,63,,,,,,
2026-09-28,휴맥스,115160,주식,7,994,,,,,,,3,257,,,,,,
2026-09-28,경창산업,024910,주식,7,546,,,,,,,5,216,,,,,,
2026-09-28,삼륭물산,014970,주식,7,500,,,,,,,6,84,,,,,,
2026-09-28,신도기연,290520,주식,7,639,,,,,,,128,230,,,,,,
2026-09-28,썸에이지,208640,주식,7,1534,,,,,,,1,204,,,,,,
2026-09-28,네오뷰,0218L0,주식,6,315,,,,,,,7,118,,,,,,
2026-09-28,파인텍,131760,주식,6,910,,,,,,,2,176,,,,,,
2026-09-28,금강철강,053260,주식,6,702,,,,,,,18,285,,,,,,
2026-09-28,신화콘텍,187270,주식,6,318,,,,,,,1,65,,,,,,
2026-09-28,싸이버원,356890,주식,6,464,,,,,,,2,75,,,,,,
2026-09-28,프럼파스트,035200,주식,6,409,,,,,,,2,72,,,,,,
2026-09-28,한세엠케이,069640,주식,6,294,,,,,,,1,69,,,,,,
2026-09-28,미래아이앤지,007120,주식,6,602,,,,,,,4,129,,,,,,
2026-09-28,TIGER 국채3년,114820,주식,6,588,,,,,,,6,865,,,,,,
2026-09-28,신한제16호스팩,496070,주식,6,123,,,,,,,3,18,,,,,,
2026-09-28,에이치와이티씨,148930,주식,6,402,,,,,,,1,77,,,,,,
2026-09-28,부스타,008470,주식,6,220,,,,,,,1,56,,,,,,
2026-09-28,오스템,031510,주식,6,574,,,,,,,6,106,,,,,,
2026-09-28,피코그램,376180,주식,6,715,,,,,,,1,122,,,,,,
2026-09-28,네오크레마,311390,주식,6,346,,,,,,,6,58,,,,,,
2026-09-28,TIGER 게임TOP10,364990,주식,6,556,,,,,,,5,159,,,,,,
2026-09-28,삼일,032280,주식,6,391,,,,,,,1,51,,,,,,
2026-09-28,코콤,015710,주식,6,590,,,,,,,1,138,,,,,,
2026-09-28,피제이전자,006140,주식,6,374,,,,,,,141,81,,,,,,
2026-09-28,자이언트스텝,289220,주식,6,4630,,,,,,,50,1102,,,,,,
2026-09-28,아이빔테크놀로지,460470,주식,6,356,,,,,,,8,93,,,,,,
2026-09-28,코오롱글로벌우,003075,주식,6,152,,,,,,,0,55,,,,,,
2026-09-28,NE능률,053290,주식,6,884,,,,,,,2,147,,,,,,
2026-09-28,아세아텍,050860,주식,6,360,,,,,,,4,71,,,,,,
2026-09-28,KIWOOM 200,069660,주식,6,131,,,,,,,4,36,,,,,,
2026-09-28,S&K폴리텍,091340,주식,6,322,,,,,,,4,116,,,,,,
2026-09-28,아시아종묘,154030,주식,6,786,,,,,,,19,116,,,,,,
2026-09-28,알비더블유,361570,주식,6,577,,,,,,,2,101,,,,,,
2026-09-28,엑스플러스,373200,주식,6,306,,,,,,,9,73,,,,,,
2026-09-28,차AI헬스케어,025620,주식,6,732,,,,,,,5,291,,,,,,
2026-09-28,포스코이앤씨,025100,주식,6,203,,,,,,,5,129,,,,,,
2026-09-28,KBG,318000,주식,6,591,,,,,,,1,94,,,,,,
2026-09-28,앱튼,270520,주식,6,1504,,,,,,,6,341,,,,,,
2026-09-28,비비안,002070,주식,6,744,,,,,,,1,139,,,,,,
2026-09-28,엘엠에스,073110,주식,6,386,,,,,,,2,78,,,,,,
2026-09-28,캔버스엔,210120,주식,6,224,,,,,,,12,58,,,,,,
2026-09-28,진바이오텍,086060,주식,6,290,,,,,,,86,86,,,,,,
2026-09-28,인지디스플레,037330,주식,6,508,,,,,,,2,83,,,,,,
2026-09-28,팬엔터테인먼트,068050,주식,6,825,,,,,,,31,155,,,,,,
2026-09-28,비큐AI,148780,주식,6,599,,,,,,,2,110,,,,,,
2026-09-28,웨이버스,336060,주식,6,321,,,,,,,1,60,,,,,,
2026-09-28,에프엔씨엔터,173940,주식,6,376,,,,,,,2,93,,,,,,
2026-09-28,엣지파운드리,105550,주식,6,683,,,,,,,6,146,,,,,,
2026-09-28,PLUS KOFR금리,453010,주식,6,46,,,,,,,1,8,,,,,,
2026-09-28,배럴,267790,주식,6,557,,,,,,,3,69,,,,,,
2026-09-28,코스텔,094930,주식,6,12,,,,,,,0,0,,,,,,
2026-09-28,영보화학,014440,주식,6,323,,,,,,,12,90,,,,,,
2026-09-28,KB제29호스팩,478390,주식,6,94,,,,,,,4,23,,,,,,
2026-09-28,삼영에스앤씨,361670,주식,6,318,,,,,,,1,76,,,,,,
2026-09-28,KIWOOM 코스피100,153270,주식,6,128,,,,,,,3,34,,,,,,
2026-09-28,슈프리마에이치큐,094840,주식,6,251,,,,,,,123,131,,,,,,
2026-09-28,동인기연,111380,주식,6,160,,,,,,,0,12,,,,,,
2026-09-28,이스타코,015020,주식,6,1056,,,,,,,3,198,,,,,,
2026-09-28,깨끗한나라,004540,주식,6,1329,,,,,,,3,239,,,,,,
2026-09-28,사운드백신,274460,주식,6,149,,,,,,,8,90,,,,,,
2026-09-28,KODEX 우량주,275300,주식,6,235,,,,,,,2,30,,,,,,
2026-09-28,씨엔알리서치,359090,주식,6,319,,,,,,,1,54,,,,,,
2026-09-28,제일엠앤에스,412540,주식,6,792,,,,,,,2,165,,,,,,
2026-09-28,딜리,131180,주식,6,213,,,,,,,1,55,,,,,,
2026-09-28,휴럼,353190,주식,6,271,,,,,,,0,38,,,,,,
2026-09-28,에넥스,011090,주식,6,1229,,,,,,,3,286,,,,,,
2026-09-28,동일금속,109860,주식,6,122,,,,,,,1,36,,,,,,
2026-09-28,에코볼트,097780,주식,6,1834,,,,,,,5,429,,,,,,
2026-09-28,이미지스,115610,주식,6,525,,,,,,,3,98,,,,,,
2026-09-28,씨유메디칼,115480,주식,6,550,,,,,,,8,136,,,,,,
2026-09-28,티디에스팜,464280,주식,6,1413,,,,,,,144,205,,,,,,
2026-09-28,픽셀플러스,087600,주식,6,229,,,,,,,101,125,,,,,,
2026-09-28,성창기업지주,000180,주식,6,358,,,,,,,17,145,,,,,,
2026-09-28,STX그린로지스,465770,주식,6,992,,,,,,,1,206,,,,,,
2026-09-28,더코디,224060,주식,6,1130,,,,,,,4,279,,,,,,
2026-09-28,소프트센,032680,주식,6,705,,,,,,,3,241,,,,,,
2026-09-28,우듬지팜,403490,주식,6,581,,,,,,,1,104,,,,,,
2026-09-28,삼목에스폼,018310,주식,6,215,,,,,,,1,117,,,,,,
2026-09-28,아이엠지티,456570,주식,6,52,,,,,,,12,31,,,,,,
2026-09-28,삼성스팩10호,0044K0,주식,6,106,,,,,,,3,22,,,,,,
2026-09-28,넥센타이어1우B,002355,주식,6,105,,,,,,,4,23,,,,,,
2026-09-28,신한제14호스팩,487360,주식,6,69,,,,,,,3,25,,,,,,
2026-09-28,하스,450330,주식,6,300,,,,,,,1,59,,,,,,
2026-09-28,인콘,083640,주식,6,964,,,,,,,1,198,,,,,,
2026-09-28,KCGI 미국S&P500 TOP10,483570,주식,6,206,,,,,,,1,35,,,,,,
2026-09-28,에스케이증권제13호스팩,473950,주식,6,98,,,,,,,2,21,,,,,,
2026-09-28,KODEX 에너지화학,117460,주식,6,569,,,,,,,4,117,,,,,,
2026-09-28,미래에셋비전스팩4호,477380,주식,6,102,,,,,,,2,13,,,,,,
2026-09-28,SOL 한국AI소프트웨어,0105D0,주식,6,695,,,,,,,1,86,,,,,,
2026-09-28,KODEX 유럽탄소배출권선물ICE(H),400570,주식,6,845,,,,,,,2,99,,,,,,
2026-09-28,TIGER 차이나바이오테크SOLACTIVE,371470,주식,6,354,,,,,,,5,197,,,,,,
2026-09-28,KODEX iShares미국인플레이션국채액티브,468370,주식,6,184,,,,,,,0,26,,,,,,
2026-09-28,HANARO Fn K-POP&미디어,395290,주식,6,351,,,,,,,5,91,,,,,,
2026-09-28,삼성 레버리지 WTI원유 선물 ETN,530031,주식,6,395,,,,,,,4,53,,,,,,
2026-09-28,KODEX 26-12 금융채(AA-이상)액티브,0117L0,주식,6,194,,,,,,,2,24,,,,,,
2026-09-28,블리츠웨이엔터테인먼트,369370,주식,6,460,,,,,,,1,79,,,,,,
2026-09-28,PLUS 선진국MSCI(합성 H),195970,주식,6,533,,,,,,,4,498,,,,,,
2026-09-28,TIGER S&P글로벌헬스케어(합성),248270,주식,6,419,,,,,,,2,88,,,,,,
2026-09-28,KoAct 미국천연가스인프라액티브,497780,주식,6,345,,,,,,,2,80,,,,,,
2026-09-28,지에프씨생명과학,388610,주식,6,556,,,,,,,1,88,,,,,,
2026-09-28,디비금융제13호스팩,489730,주식,6,105,,,,,,,5,27,,,,,,
2026-09-28,KODEX 미국종합채권ESG액티브(H),437080,주식,6,189,,,,,,,1,25,,,,,,
2026-09-28,SOL 미국500타겟데일리커버드콜액티브,494210,주식,6,236,,,,,,,1,32,,,,,,
2026-09-28,TIGER 엔비디아미국채커버드콜밸런스(합성),0000D0,주식,6,478,,,,,,,2,75,,,,,,
2026-09-28,키움히어로제2호스팩,0131D0,주식,6,330,,,,,,,3,50,,,,,,
2026-09-28,RISE 코스닥150선물레버리지,278240,주식,6,70,,,,,,,1,13,,,,,,
2026-09-28,KoAct 브로드컴밸류체인액티브,0051A0,주식,6,240,,,,,,,3,56,,,,,,
2026-09-28,KODEX 테슬라밸류체인FactSet,459560,주식,6,312,,,,,,,3,88,,,,,,
2026-09-28,RISE 미국AI클라우드인프라,0127R0,주식,6,333,,,,,,,4,69,,,,,,
2026-09-28,TIGER AI코리아그로스액티브,365040,주식,6,368,,,,,,,4,78,,,,,,
2026-09-28,미래에셋비전스팩5호,477470,주식,6,64,,,,,,,2,25,,,,,,
2026-09-28,에스에너지,095910,주식,6,1305,,,,,,,3,297,,,,,,
2026-09-28,케이지에이,455180,주식,6,337,,,,,,,5,74,,,,,,
2026-09-28,피제이메탈,128660,주식,6,625,,,,,,,8,111,,,,,,
2026-09-28,웨이브일렉트로,095270,주식,6,364,,,,,,,10,130,,,,,,
2026-09-28,크린앤사이언스,045520,주식,6,809,,,,,,,3,149,,,,,,
2026-09-28,CNT85,056730,주식,6,167,,,,,,,1,91,,,,,,
2026-09-28,한국경제TV,039340,주식,6,166,,,,,,,3,41,,,,,,
2026-09-28,중앙에너비스,000440,주식,6,539,,,,,,,2,76,,,,,,
2026-09-28,제이케이시냅스,060230,주식,6,1043,,,,,,,8,197,,,,,,
2026-09-28,에스디생명공학,217480,주식,6,843,,,,,,,14,251,,,,,,
2026-09-28,씨앤투스,352700,주식,6,581,,,,,,,5,117,,,,,,
2026-09-28,아이즈비전,031310,주식,6,530,,,,,,,1,113,,,,,,
2026-09-28,우진비앤지,018620,주식,6,587,,,,,,,3,145,,,,,,
2026-09-28,원바이오젠,307280,주식,6,313,,,,,,,4,69,,,,,,
2026-09-28,한국맥널티,222980,주식,6,746,,,,,,,1,98,,,,,,
2026-09-28,쎄니트,037760,주식,6,121,,,,,,,26,62,,,,,,
2026-09-28,원포유,122830,주식,6,65,,,,,,,2,8,,,,,,
2026-09-28,CS홀딩스,000590,주식,6,69,,,,,,,1,18,,,,,,
2026-09-28,나래나노텍,137080,주식,6,318,,,,,,,3,70,,,,,,
2026-09-28,제이엠아이,033050,주식,6,254,,,,,,,1,126,,,,,,
2026-09-28,LX하우시스우,108675,주식,6,288,,,,,,,2,78,,,,,,
2026-09-28,남성,004270,주식,6,712,,,,,,,2,157,,,,,,
2026-09-28,오토앤,353590,주식,6,798,,,,,,,1,139,,,,,,
2026-09-28,이닉스,452400,주식,6,532,,,,,,,3,101,,,,,,
2026-09-28,해치텍,0155E0,주식,6,280,,,,,,,1,72,,,,,,
2026-09-28,대동스틸,048470,주식,6,492,,,,,,,30,122,,,,,,
2026-09-28,쓰리에이로직스,177900,주식,6,383,,,,,,,4,91,,,,,,
2026-09-28,트윔,290090,주식,6,465,,,,,,,1,73,,,,,,
2026-09-28,힘스,238490,주식,6,682,,,,,,,22,106,,,,,,
2026-09-28,유엔젤,072130,주식,6,248,,,,,,,22,177,,,,,,
2026-09-28,라메디텍,462510,주식,6,575,,,,,,,2,114,,,,,,
2026-09-28,씨티케이,260930,주식,6,531,,,,,,,3,133,,,,,,
2026-09-28,제놀루션,225220,주식,6,452,,,,,,,1,95,,,,,,
2026-09-28,대구백화점,006370,주식,6,219,,,,,,,3,77,,,,,,
2026-09-28,아이비젼웍스,469750,주식,6,440,,,,,,,1,60,,,,,,
2026-09-28,유안타증권우,003475,주식,6,239,,,,,,,26,186,,,,,,
2026-09-28,GH신소재,130500,주식,6,764,,,,,,,2,132,,,,,,
2026-09-28,KB제30호스팩,486630,주식,5,84,,,,,,,3,15,,,,,,
2026-09-28,동일고무벨트,163560,주식,5,385,,,,,,,6,117,,,,,,
2026-09-28,드래곤플라이,030350,주식,5,1484,,,,,,,1,249,,,,,,
2026-09-28,우진아이엔에스,010400,주식,5,146,,,,,,,2,33,,,,,,
2026-09-28,코나솔,176590,주식,5,41,,,,,,,3,8,,,,,,
2026-09-28,NHN벅스,104200,주식,5,775,,,,,,,3,118,,,,,,
2026-09-28,SG글로벌,001380,주식,5,440,,,,,,,1,125,,,,,,
2026-09-28,한진칼우,18064K,주식,5,275,,,,,,,2,104,,,,,,
2026-09-28,아리바이오,192230,주식,5,1158,,,,,,,4,236,,,,,,
2026-09-28,삼성스팩12호,0096B0,주식,5,322,,,,,,,2,40,,,,,,
2026-09-28,폴라리스우노,114630,주식,5,270,,,,,,,4,53,,,,,,
2026-09-28,HANARO K고배당,322410,주식,5,294,,,,,,,2,54,,,,,,
2026-09-28,RISE 5대그룹주,105780,주식,5,350,,,,,,,4,74,,,,,,
2026-09-28,신풍,002870,주식,5,761,,,,,,,2,112,,,,,,
2026-09-28,풍전약품,298060,주식,5,1091,,,,,,,2,314,,,,,,
2026-09-28,보원케미칼,0010F0,주식,5,316,,,,,,,1,52,,,,,,
2026-09-28,성창오토텍,080470,주식,5,372,,,,,,,1,93,,,,,,
2026-09-28,크라운제과,264900,주식,5,564,,,,,,,8,143,,,,,,
2026-09-28,LSK아이로봇,091970,주식,5,519,,,,,,,2,117,,,,,,
2026-09-28,1Q K소버린AI,0103T0,주식,5,388,,,,,,,6,79,,,,,,
2026-09-28,한국정밀기계,101680,주식,5,243,,,,,,,3,95,,,,,,
2026-09-28,신한제12호스팩,474660,주식,5,78,,,,,,,1,12,,,,,,
2026-09-28,카티스,140430,주식,5,359,,,,,,,1,66,,,,,,
2026-09-28,로지시스,067730,주식,5,653,,,,,,,2,116,,,,,,
2026-09-28,얼라인드,238120,주식,5,176,,,,,,,1,36,,,,,,
2026-09-28,진양화학,051630,주식,5,319,,,,,,,2,89,,,,,,
2026-09-28,TIGER 은행,091220,주식,5,315,,,,,,,2,62,,,,,,
2026-09-28,텔콘RF제약,200230,주식,5,1818,,,,,,,2,619,,,,,,
2026-09-28,유진스팩11호,488060,주식,5,72,,,,,,,4,16,,,,,,
2026-09-28,파커스,065690,주식,5,190,,,,,,,1,42,,,,,,
2026-09-28,메디콕스,054180,주식,5,1375,,,,,,,4,294,,,,,,
2026-09-28,한국팩키지,037230,주식,5,742,,,,,,,1,99,,,,,,
2026-09-28,삼성스팩11호,0071M0,주식,5,97,,,,,,,3,19,,,,,,
2026-09-28,HANARO Fn K-푸드,438900,주식,5,486,,,,,,,2,93,,,,,,
2026-09-28,안지오랩,251280,주식,5,21,,,,,,,2,16,,,,,,
2026-09-28,케이씨티,089150,주식,5,821,,,,,,,1,125,,,,,,
2026-09-28,세니젠,188260,주식,5,108,,,,,,,1,23,,,,,,
2026-09-28,코아스,071950,주식,5,284,,,,,,,9,98,,,,,,
2026-09-28,윙입푸드,900340,주식,5,372,,,,,,,1,61,,,,,,
2026-09-28,인베니아,079950,주식,5,472,,,,,,,1,97,,,,,,
2026-09-28,리튬포어스,073570,주식,5,1653,,,,,,,3,403,,,,,,
2026-09-28,HLB펩,196300,주식,5,193,,,,,,,18,79,,,,,,
2026-09-28,이퓨쳐,134060,주식,5,150,,,,,,,1,28,,,,,,
2026-09-28,SK증권우,001515,주식,5,564,,,,,,,3,190,,,,,,
2026-09-28,KS인더스트리,101000,주식,5,477,,,,,,,3,120,,,,,,
2026-09-28,애드바이오텍,179530,주식,5,264,,,,,,,4,58,,,,,,
2026-09-28,아이스크림에듀,289010,주식,5,723,,,,,,,2,119,,,,,,
2026-09-28,하이트진로2우B,000087,주식,5,303,,,,,,,1,35,,,,,,
2026-09-28,맵스미국16호 종류A,401BAA,주식,5,18,,,,,,,0,5,,,,,,
2026-09-28,씨큐브,101240,주식,5,296,,,,,,,2,60,,,,,,
2026-09-28,와이엠,007530,주식,5,118,,,,,,,1,23,,,,,,
2026-09-28,대산F&B,065150,주식,5,495,,,,,,,1,179,,,,,,
2026-09-28,동일제강,002690,주식,5,431,,,,,,,1,83,,,,,,
2026-09-28,엔시트론,101400,주식,5,357,,,,,,,2,86,,,,,,
2026-09-28,한일철강,002220,주식,5,316,,,,,,,7,76,,,,,,
2026-09-28,조아제약,034940,주식,5,959,,,,,,,5,401,,,,,,
2026-09-28,진양폴리,010640,주식,5,231,,,,,,,1,55,,,,,,
2026-09-28,TBH글로벌,084870,주식,5,181,,,,,,,6,91,,,,,,
2026-09-28,금비,008870,주식,5,130,,,,,,,3,26,,,,,,
2026-09-28,대교,019680,주식,5,662,,,,,,,47,106,,,,,,
2026-09-28,코디,080530,주식,5,263,,,,,,,3,73,,,,,,
2026-09-28,링크드,193250,주식,5,947,,,,,,,3,171,,,,,,
2026-09-28,MH에탄올,023150,주식,5,391,,,,,,,3,94,,,,,,
2026-09-28,남화산업,111710,주식,5,328,,,,,,,6,88,,,,,,
2026-09-28,성우전자,081580,주식,5,413,,,,,,,9,123,,,,,,
2026-09-28,피플바이오,304840,주식,5,1580,,,,,,,2,310,,,,,,
2026-09-28,KODEX 200ESG,337160,주식,5,196,,,,,,,3,57,,,,,,
2026-09-28,에이유브랜즈,481070,주식,5,1687,,,,,,,48,258,,,,,,
2026-09-28,티웨이홀딩스,004870,주식,5,1197,,,,,,,2,208,,,,,,
2026-09-28,DB금융스팩12호,477760,주식,5,83,,,,,,,4,18,,,,,,
2026-09-28,1Q CD금리액티브(합성),491610,주식,5,46,,,,,,,1,13,,,,,,
2026-09-28,유비온,084440,주식,5,129,,,,,,,1,23,,,,,,
2026-09-28,인산가,277410,주식,5,687,,,,,,,3,141,,,,,,
2026-09-28,씨싸이트,109670,주식,5,130,,,,,,,6,26,,,,,,
2026-09-28,블루산업개발,006740,주식,5,876,,,,,,,3,189,,,,,,
2026-09-28,케이피항공산업,288180,주식,5,307,,,,,,,2,97,,,,,,
2026-09-28,셀로맥스사이언스,471820,주식,5,137,,,,,,,0,26,,,,,,
2026-09-28,E8,418620,주식,5,602,,,,,,,4,119,,,,,,
2026-09-28,유에스티,263770,주식,5,443,,,,,,,2,74,,,,,,
2026-09-28,푸드나무,290720,주식,5,334,,,,,,,64,58,,,,,,
2026-09-28,KB제32호스팩,0037T0,주식,5,88,,,,,,,3,22,,,,,,
2026-09-28,IBKS제24호스팩,469480,주식,5,74,,,,,,,1,15,,,,,,
2026-09-28,마이크로디지탈,305090,주식,5,494,,,,,,,1,105,,,,,,
2026-09-28,케이바이오랩스,038530,주식,5,1012,,,,,,,1,183,,,,,,
2026-09-28,졸스,018700,주식,5,792,,,,,,,1,209,,,,,,
2026-09-28,HS화성,002460,주식,5,244,,,,,,,4,82,,,,,,
2026-09-28,동일스틸럭스,023790,주식,5,575,,,,,,,1,104,,,,,,
2026-09-28,코퍼스코리아,322780,주식,5,350,,,,,,,1,64,,,,,,
2026-09-28,베셀,177350,주식,5,1082,,,,,,,2,209,,,,,,
2026-09-28,동남합성,023450,주식,5,163,,,,,,,6,32,,,,,,
2026-09-28,동일산업,004890,주식,5,123,,,,,,,1,27,,,,,,
2026-09-28,유아이디,069330,주식,5,167,,,,,,,64,59,,,,,,
2026-09-28,KB제31호스팩,492220,주식,5,73,,,,,,,2,15,,,,,,
2026-09-28,교보20호스팩,0132G0,주식,5,95,,,,,,,2,19,,,,,,
2026-09-28,토박스코리아,215480,주식,5,672,,,,,,,2,95,,,,,,
2026-09-28,엘에스스팩1호,0041J0,주식,5,116,,,,,,,2,15,,,,,,
2026-09-28,산돌,419120,주식,5,281,,,,,,,3,55,,,,,,
2026-09-28,이렘,009730,주식,5,734,,,,,,,2,183,,,,,,
2026-09-28,브이씨,365900,주식,5,2943,,,,,,,76,409,,,,,,
2026-09-28,체리부로,066360,주식,5,309,,,,,,,2,61,,,,,,
2026-09-28,케이앤에스아이앤씨,487400,주식,5,330,,,,,,,5,62,,,,,,
2026-09-28,KIWOOM 글로벌전력GRID인프라,489860,주식,5,363,,,,,,,1,81,,,,,,
2026-09-28,PLUS 일본엔화초단기국채(합성),489000,주식,5,173,,,,,,,1,20,,,,,,
2026-09-28,에스엘에스바이오,246250,주식,5,340,,,,,,,5,89,,,,,,
2026-09-28,유안타제17호스팩,493790,주식,5,68,,,,,,,1,15,,,,,,
2026-09-28,SOL 미국S&P500ESG,399110,주식,5,214,,,,,,,1,36,,,,,,
2026-09-28,RISE 중기우량회사채,136340,주식,5,77,,,,,,,1,12,,,,,,
2026-09-28,RISE 중국본토대형주CSI100,174360,주식,5,370,,,,,,,2,211,,,,,,
2026-09-28,1Q 코리아밸류업,495330,주식,5,163,,,,,,,1,27,,,,,,
2026-09-28,ACE K수출핵심TOP10산업액티브,0172Y0,주식,5,371,,,,,,,3,64,,,,,,
2026-09-28,KODEX 미국ETF산업Top10 Indxx,428560,주식,5,466,,,,,,,1,63,,,,,,
2026-09-28,RISE TDF2030액티브 적격,442550,주식,5,164,,,,,,,3,50,,,,,,
2026-09-28,PLUS 글로벌수소&차세대연료전지,419650,주식,5,552,,,,,,,3,115,,,,,,
2026-09-28,SOL 미국30년국채액티브(H),461600,주식,5,145,,,,,,,1,30,,,,,,
2026-09-28,TIGER 농산물선물Enhanced(H),137610,주식,5,371,,,,,,,4,94,,,,,,
2026-09-28,KODEX 차이나과창판STAR50(합성),415340,주식,5,275,,,,,,,4,81,,,,,,
2026-09-28,PLUS 미국다우존스고배당주(합성 H),213630,주식,5,368,,,,,,,3,75,,,,,,
2026-09-28,HANARO 글로벌럭셔리S&P(합성),354350,주식,5,518,,,,,,,3,136,,,,,,
2026-09-28,KODEX 차이나심천ChiNext(합성),256750,주식,5,251,,,,,,,4,99,,,,,,
2026-09-28,RISE 글로벌AI낸드메모리반도체,0233N0,주식,5,95,,,,,,,3,26,,,,,,
2026-09-28,미래에셋 레버리지 KRX 금현물 ETN,520087,주식,5,53,,,,,,,1,5,,,,,,
2026-09-28,TIGER 글로벌4차산업혁신기술(합성 H),275980,주식,5,299,,,,,,,6,125,,,,,,
2026-09-28,TIGER 200 에너지화학,139250,주식,5,464,,,,,,,2,100,,,,,,
2026-09-28,에스케이증권제11호스팩,472230,주식,5,76,,,,,,,2,13,,,,,,
2026-09-28,KODEX 미국S&P바이오(합성),185680,주식,5,278,,,,,,,5,99,,,,,,
2026-09-28,PLUS 글로벌원자력밸류체인,0007G0,주식,5,397,,,,,,,10,117,,,,,,
2026-09-28,ACE 종합채권(AA-이상)액티브,356540,주식,5,175,,,,,,,3,32,,,,,,
2026-09-28,KODEX 인도타타그룹,477730,주식,5,495,,,,,,,3,112,,,,,,
2026-09-28,PLUS K방산레버리지,0104G0,주식,5,202,,,,,,,2,26,,,,,,
2026-09-28,한화플러스제5호스팩,498390,주식,5,68,,,,,,,3,17,,,,,,
2026-09-28,KODEX 차이나테크TOP10,0065G0,주식,5,382,,,,,,,3,100,,,,,,
2026-09-28,RISE 단기국공채액티브,272560,주식,5,68,,,,,,,1,10,,,,,,
2026-09-28,KODEX 미국달러선물인버스,261270,주식,5,216,,,,,,,1,23,,,,,,
2026-09-28,KODEX 아시아AI반도체exChina액티브,446690,주식,5,157,,,,,,,2,49,,,,,,
2026-09-28,KoAct 코스피액티브,0193G0,주식,5,252,,,,,,,3,80,,,,,,
2026-09-28,TIGER 미국테크NYSE100액티브,0223R0,주식,5,345,,,,,,,3,96,,,,,,
2026-09-28,SOL 26-12 회사채(AA-이상)액티브,488980,주식,5,47,,,,,,,0,4,,,,,,
2026-09-28,신한제15호스팩,487830,주식,5,73,,,,,,,2,16,,,,,,
2026-09-28,에이아이코리아,364950,주식,5,747,,,,,,,65,162,,,,,,
2026-09-28,교보19호스팩,0098T0,주식,5,148,,,,,,,3,24,,,,,,
2026-09-28,KODEX 차이나H,099140,주식,5,335,,,,,,,5,200,,,,,,
2026-09-28,드림어스컴퍼니,060570,주식,5,538,,,,,,,1,139,,,,,,
2026-09-28,비엔케이제3호스팩,0068Y0,주식,5,117,,,,,,,2,19,,,,,,
2026-09-28,전방,000950,주식,5,71,,,,,,,10,129,,,,,,
2026-09-28,모헨즈,006920,주식,5,391,,,,,,,3,81,,,,,,
2026-09-28,이엠넷,123570,주식,5,271,,,,,,,4,42,,,,,,
2026-09-28,메타랩스,090370,주식,5,530,,,,,,,2,139,,,,,,
2026-09-28,솔트웨어,328380,주식,5,269,,,,,,,0,47,,,,,,
2026-09-28,KODEX 철강,117680,주식,5,626,,,,,,,3,130,,,,,,
2026-09-28,인터로이드,311960,주식,5,27,,,,,,,0,10,,,,,,
2026-09-28,린드먼아시아,277070,주식,5,176,,,,,,,1,25,,,,,,
2026-09-28,케이쓰리아이,431190,주식,5,328,,,,,,,1,56,,,,,,
2026-09-28,츌립앤사이언스,291650,주식,5,660,,,,,,,11,131,,,,,,
2026-09-28,한국전자홀딩스,006200,주식,5,470,,,,,,,2,110,,,,,,
2026-09-28,무림SP,001810,주식,5,310,,,,,,,1,57,,,,,,
2026-09-28,포메탈,119500,주식,5,473,,,,,,,11,109,,,,,,
2026-09-28,씨유테크,376290,주식,5,337,,,,,,,0,43,,,,,,
2026-09-28,앱토크롬,109960,주식,5,423,,,,,,,0,95,,,,,,
2026-09-28,에르코스,435570,주식,5,409,,,,,,,1,65,,,,,,
2026-09-28,한창산업,079170,주식,5,247,,,,,,,34,65,,,,,,
2026-09-28,에이치케이,044780,주식,5,165,,,,,,,13,50,,,,,,
2026-09-28,글로벌에스엠,900070,주식,5,302,,,,,,,2,61,,,,,,
2026-09-28,캐프,198080,주식,5,280,,,,,,,1,33,,,,,,
2026-09-28,SB성보,003080,주식,5,283,,,,,,,5,74,,,,,,
2026-09-28,TIGER 차이나전기차레버리지(합성),456680,주식,4,76,,,,,,,3,13,,,,,,
2026-09-28,RISE 차이나테크TOP10위클리타겟커버드콜,0094L0,주식,4,198,,,,,,,1,46,,,,,,
2026-09-28,KoAct 미국바이오헬스케어액티브,0113G0,주식,4,316,,,,,,,1,67,,,,,,
2026-09-28,TIGER 차이나CSI300레버리지(합성),204480,주식,4,133,,,,,,,7,82,,,,,,
2026-09-28,RISE 중국본토CSI300,463300,주식,4,160,,,,,,,5,30,,,,,,
2026-09-28,미래에셋비전스팩8호,0093G0,주식,4,129,,,,,,,3,19,,,,,,
2026-09-28,WON K-글로벌수급상위,0088N0,주식,4,228,,,,,,,1,34,,,,,,
2026-09-28,유니온바이오메트릭스,203450,주식,4,199,,,,,,,2,27,,,,,,
2026-09-28,RISE 미국장기국채선물레버리지(합성 H),267490,주식,4,27,,,,,,,0,4,,,,,,
2026-09-28,알엔투테크놀로지,148250,주식,4,423,,,,,,,25,127,,,,,,
2026-09-28,RISE 미국은행TOP10,0013P0,주식,4,286,,,,,,,1,56,,,,,,
2026-09-28,PLUS 고배당저변동50,251590,주식,4,289,,,,,,,1,46,,,,,,
2026-09-28,SOL 미국TOP5채권혼합50,447620,주식,4,171,,,,,,,2,43,,,,,,
2026-09-28,RISE 단기특수은행채액티브,0061Z0,주식,4,26,,,,,,,0,2,,,,,,
2026-09-28,KODEX 미국나스닥100선물인버스(H),409810,주식,4,152,,,,,,,1,36,,,,,,
2026-09-28,HANARO Fn전기&수소차,381560,주식,4,361,,,,,,,1,48,,,,,,
2026-09-28,KODEX 차이나2차전지MSCI(합성),419430,주식,4,194,,,,,,,2,61,,,,,,
2026-09-28,TIGER 탄소효율그린뉴딜,376410,주식,4,261,,,,,,,4,54,,,,,,
2026-09-28,삼성 KRX 금현물 ETN,530067,주식,4,142,,,,,,,2,19,,,,,,
2026-09-28,ACE 단기채권알파액티브,440640,주식,4,57,,,,,,,2,16,,,,,,
2026-09-28,KIWOOM 미국나스닥100(H),453080,주식,4,116,,,,,,,1,14,,,,,,
2026-09-28,SOL 머니마켓액티브,484890,주식,4,71,,,,,,,0,7,,,,,,
2026-09-28,PLUS 삼성전자단일종목레버리지,0193K0,주식,4,76,,,,,,,1,21,,,,,,
2026-09-28,키움 인버스 2X 반도체TOP10 ETN,760028,주식,4,52,,,,,,,0,7,,,,,,
2026-09-28,KB 인버스 2X 천연가스 선물 ETN B,580071,주식,4,8,,,,,,,0,2,,,,,,
2026-09-28,메리츠 인버스 2X WTI원유 선물 ETN(H),610089,주식,4,59,,,,,,,0,7,,,,,,
2026-09-28,SOL 의료기기소부장Fn,464610,주식,4,221,,,,,,,1,58,,,,,,
2026-09-28,미래에셋 인버스 2X 반도체 ETN,520099,주식,4,50,,,,,,,0,12,,,,,,
2026-09-28,디비금융제14호스팩,0004Y0,주식,4,86,,,,,,,3,16,,,,,,
2026-09-28,KODEX 미국CPU반도체TOP10,0225V0,주식,4,319,,,,,,,4,69,,,,,,
2026-09-28,에셋플러스 글로벌플랫폼액티브,407830,주식,4,209,,,,,,,3,113,,,,,,
2026-09-28,미래에셋비전스팩9호,0096D0,주식,4,188,,,,,,,2,33,,,,,,
2026-09-28,SOL 미국S&P500미국채혼합50,0080X0,주식,4,362,,,,,,,1,41,,,,,,
2026-09-28,HANARO CAPEX설비투자iSelect,454320,주식,4,113,,,,,,,3,30,,,,,,
2026-09-28,미래에셋 천연가스 선물 ETN B,520090,주식,4,56,,,,,,,0,10,,,,,,
2026-09-28,코스리거글로벌,043710,주식,4,176,,,,,,,22,73,,,,,,
2026-09-28,오가닉티코스메틱,900300,주식,4,1041,,,,,,,1,238,,,,,,
2026-09-28,SOL 자동차소부장Fn,464600,주식,4,269,,,,,,,2,58,,,,,,
2026-09-28,WON 전단채플러스액티브,496020,주식,4,38,,,,,,,0,3,,,,,,
2026-09-28,파인디앤씨,049120,주식,4,267,,,,,,,1,82,,,,,,
2026-09-28,이스트에이드,239340,주식,4,774,,,,,,,2,128,,,,,,
2026-09-28,이지트로닉스,377330,주식,4,500,,,,,,,1,101,,,,,,
2026-09-28,하나35호스팩,0041L0,주식,4,96,,,,,,,1,18,,,,,,
2026-09-28,하나36호스팩,0101C0,주식,4,92,,,,,,,1,13,,,,,,
2026-09-28,신한제13호스팩,474930,주식,4,64,,,,,,,1,17,,,,,,
2026-09-28,엔에이치스팩31호,481890,주식,4,63,,,,,,,5,28,,,,,,
2026-09-28,YW,051390,주식,4,99,,,,,,,1,41,,,,,,
2026-09-28,소노스퀘어,007720,주식,4,779,,,,,,,1,149,,,,,,
2026-09-28,태영건설우,009415,주식,4,323,,,,,,,2,44,,,,,,
2026-09-28,신한제17호스팩,0130D0,주식,4,127,,,,,,,2,18,,,,,,
2026-09-28,지슨,446840,주식,4,214,,,,,,,3,55,,,,,,
2026-09-28,틸론,217880,주식,4,91,,,,,,,3,49,,,,,,
2026-09-28,메타케어,118000,주식,4,1144,,,,,,,2,303,,,,,,
2026-09-28,삼성메디슨,018360,주식,4,830,,,,,,,7,758,,,,,,
2026-09-28,케이이엠텍,106080,주식,4,446,,,,,,,1,108,,,,,,
2026-09-28,흥국화재우,000545,주식,4,193,,,,,,,0,39,,,,,,
2026-09-28,아우딘퓨쳐스,227610,주식,4,254,,,,,,,12,76,,,,,,
2026-09-28,아이티아이즈,372800,주식,4,338,,,,,,,2,44,,,,,,
2026-09-28,글로본,019660,주식,4,272,,,,,,,6,78,,,,,,
2026-09-28,아이윈,090150,주식,4,380,,,,,,,2,77,,,,,,
2026-09-28,계양전기우,012205,주식,4,480,,,,,,,1,96,,,,,,
2026-09-28,성신양회우,004985,주식,4,147,,,,,,,1,35,,,,,,
2026-09-28,애드포러스,397810,주식,4,137,,,,,,,1,18,,,,,,
2026-09-28,KB제34호스팩,0209J0,주식,4,260,,,,,,,1,48,,,,,,
2026-09-28,핌스,347770,주식,4,408,,,,,,,3,85,,,,,,
2026-09-28,벨로크,424760,주식,4,184,,,,,,,2,36,,,,,,
2026-09-28,SK시그넷,260870,주식,4,326,,,,,,,2,85,,,,,,
2026-09-28,TJ미디어,032540,주식,4,241,,,,,,,43,46,,,,,,
2026-09-28,넥스트아이,137940,주식,4,694,,,,,,,1,141,,,,,,
2026-09-28,교보18호스팩,0041B0,주식,4,79,,,,,,,4,18,,,,,,
2026-09-28,스튜디오삼익,415380,주식,4,261,,,,,,,1,48,,,,,,
2026-09-28,에스앤더블류,103230,주식,4,156,,,,,,,1,35,,,,,,
2026-09-28,티엘엔지니어링,413300,주식,4,7,,,,,,,0,1,,,,,,
2026-09-28,이노시뮬레이션,274400,주식,4,645,,,,,,,2,110,,,,,,
2026-09-28,디지캡,197140,주식,4,162,,,,,,,0,27,,,,,,
2026-09-28,이노테나,333050,주식,4,123,,,,,,,2,16,,,,,,
2026-09-28,아시아경제,127710,주식,4,354,,,,,,,2,70,,,,,,
2026-09-28,아크솔루션스,203690,주식,4,480,,,,,,,0,142,,,,,,
2026-09-28,RISE 배터리 리사이클링,446700,주식,4,311,,,,,,,2,66,,,,,,
2026-09-28,알톤,123750,주식,4,450,,,,,,,1,74,,,,,,
2026-09-28,시디즈,134790,주식,4,240,,,,,,,11,56,,,,,,
2026-09-28,오픈놀,440320,주식,4,413,,,,,,,2,75,,,,,,
2026-09-28,이엘피,063760,주식,4,231,,,,,,,7,67,,,,,,
2026-09-28,마스턴프리미어리츠,357430,주식,4,425,,,,,,,5,116,,,,,,
2026-09-28,모바일어플라이언스,087260,주식,4,1783,,,,,,,1,307,,,,,,
2026-09-28,RISE 글로벌수소경제,417450,주식,4,272,,,,,,,1,59,,,,,,
2026-09-28,대덕1우,00806K,주식,4,123,,,,,,,1,38,,,,,,
2026-09-28,원일특강,012620,주식,4,156,,,,,,,2,43,,,,,,
2026-09-28,플라즈맵,405000,주식,4,261,,,,,,,2,52,,,,,,
2026-09-28,모아데이타,288980,주식,4,931,,,,,,,4,170,,,,,,
2026-09-28,피앤씨테크,237750,주식,4,356,,,,,,,1,66,,,,,,
2026-09-28,삼화네트웍스,046390,주식,4,786,,,,,,,1,135,,,,,,
2026-09-28,캐스텍코리아,071850,주식,4,278,,,,,,,62,157,,,,,,
2026-09-28,엔에이치스팩32호,0054V0,주식,4,183,,,,,,,6,38,,,,,,
2026-09-28,폴라리스AI핸디,220180,주식,4,182,,,,,,,4,49,,,,,,
2026-09-28,서울제약,018680,주식,4,377,,,,,,,2,90,,,,,,
2026-09-28,판타지오,032800,주식,4,1537,,,,,,,1,163,,,,,,
2026-09-28,헝셩그룹,900270,주식,4,581,,,,,,,2,137,,,,,,
2026-09-28,PLUS K리츠,429740,주식,4,217,,,,,,,1,34,,,,,,
2026-09-28,노드메이슨,317860,주식,4,6,,,,,,,4,4,,,,,,
2026-09-28,인스웨이브,450520,주식,4,406,,,,,,,0,68,,,,,,
2026-09-28,기도산업,282620,주식,4,238,,,,,,,1,62,,,,,,
2026-09-28,삼보산업,009620,주식,4,772,,,,,,,15,150,,,,,,
2026-09-28,모비데이즈,363260,주식,4,428,,,,,,,1,59,,,,,,
2026-09-28,ACE 코리아밸류업,496120,주식,4,152,,,,,,,10,62,,,,,,
2026-09-28,바이오템,429600,주식,4,29,,,,,,,1,10,,,,,,
2026-09-28,CSA 코스믹,083660,주식,4,309,,,,,,,15,93,,,,,,
2026-09-28,인바이오젠,101140,주식,4,873,,,,,,,1,194,,,,,,
2026-09-28,정원엔시스,045510,주식,4,305,,,,,,,1,69,,,,,,
2026-09-28,스튜디오미르,408900,주식,4,622,,,,,,,1,121,,,,,,
2026-09-28,피엔티엠에스,257370,주식,4,531,,,,,,,2,127,,,,,,
2026-09-28,두산퓨얼셀2우B,33626L,주식,4,315,,,,,,,1,56,,,,,,
2026-09-28,피스피스스튜디오,0117P0,주식,4,403,,,,,,,2,82,,,,,,
2026-09-28,세림B&G,340440,주식,4,604,,,,,,,1,83,,,,,,
2026-09-28,메디쎄이,200580,주식,4,35,,,,,,,1,6,,,,,,
2026-09-28,삼정펄프,009770,주식,4,87,,,,,,,8,21,,,,,,
2026-09-28,한울앤제주,276730,주식,4,1213,,,,,,,1,203,,,,,,
2026-09-28,SK디앤디 12R,09801G,주식,4,900,,,,,,,1,170,,,,,,
2026-09-28,지에이이노더스,076340,주식,4,12,,,,,,,2,5,,,,,,
2026-09-28,KODEX MSCI Korea,156080,주식,4,93,,,,,,,3,10,,,,,,
2026-09-28,우리이앤엘하루틴,153490,주식,4,292,,,,,,,1,90,,,,,,
2026-09-28,롤링스톤,214610,주식,4,819,,,,,,,1,214,,,,,,
2026-09-28,비스토스,419540,주식,4,303,,,,,,,2,70,,,,,,
2026-09-28,코오롱우,002025,주식,4,288,,,,,,,4,105,,,,,,
2026-09-28,하나34호스팩,484130,주식,4,81,,,,,,,2,15,,,,,,
2026-09-28,태양,053620,주식,4,190,,,,,,,1,49,,,,,,
2026-09-28,앤씨앤,092600,주식,4,634,,,,,,,27,188,,,,,,
2026-09-28,에프알텍,073540,주식,4,347,,,,,,,1,79,,,,,,
2026-09-28,엘에이티,311060,주식,4,28,,,,,,,0,4,,,,,,
2026-09-28,파인디지털,038950,주식,4,269,,,,,,,2,69,,,,,,
2026-09-28,삼성스팩13호,0115H0,주식,4,689,,,,,,,3,125,,,,,,
2026-09-28,참엔지니어링,009310,주식,4,576,,,,,,,4,138,,,,,,
2026-09-28,ACE 아시아TOP50,277540,주식,4,179,,,,,,,2,42,,,,,,
2026-09-28,모아라이프플러스,142760,주식,4,797,,,,,,,1,232,,,,,,
2026-09-28,컬러레이,900310,주식,4,450,,,,,,,2,71,,,,,,
2026-09-28,이엠앤아이,083470,주식,4,283,,,,,,,5,95,,,,,,
2026-09-28,휴네시온,290270,주식,4,346,,,,,,,2,148,,,,,,
2026-09-28,HANARO 200,293180,주식,4,81,,,,,,,3,25,,,,,,
2026-09-28,엑시온그룹,069920,주식,4,258,,,,,,,6,58,,,,,,
2026-09-28,TIGER KRX300,292160,주식,4,108,,,,,,,0,11,,,,,,
2026-09-28,삼진,032750,주식,4,274,,,,,,,3,87,,,,,,
2026-09-28,버넥트,438700,주식,4,528,,,,,,,2,84,,,,,,
2026-09-28,인티큐브,070590,주식,4,174,,,,,,,1,90,,,,,,
2026-09-28,성우테크론,045300,주식,4,378,,,,,,,2,81,,,,,,
2026-09-28,태양금속우,004105,주식,4,177,,,,,,,3,42,,,,,,
2026-09-28,케이피엠테크,042040,주식,4,1832,,,,,,,1,372,,,,,,
2026-09-28,코아시아씨엠,196450,주식,4,383,,,,,,,4,194,,,,,,
2026-09-28,엘앤씨바이오 12R,06501G,주식,4,2223,,,,,,,5,1042,,,,,,
2026-09-28,비보존,276620,주식,4,532,,,,,,,2,149,,,,,,
2026-09-28,대림제지,017650,주식,4,214,,,,,,,71,42,,,,,,
2026-09-28,대한방직,001070,주식,4,152,,,,,,,1,35,,,,,,
2026-09-28,에쎈테크,043340,주식,4,422,,,,,,,79,111,,,,,,
2026-09-28,HANARO 미국S&P500,432840,주식,3,142,,,,,,,0,20,,,,,,
2026-09-28,미래에셋비전스팩10호,0097F0,주식,3,153,,,,,,,1,24,,,,,,
2026-09-28,PLUS 미국장기우량회사채,332620,주식,3,106,,,,,,,0,25,,,,,,
2026-09-28,KODEX 53-09 국고채액티브,457700,주식,3,33,,,,,,,2,9,,,,,,
2026-09-28,에스케이증권제12호스팩,473000,주식,3,70,,,,,,,1,13,,,,,,
2026-09-28,TIME K신재생에너지액티브,404120,주식,3,201,,,,,,,2,63,,,,,,
2026-09-28,PLUS 국공채머니마켓액티브,491230,주식,3,18,,,,,,,0,4,,,,,,
2026-09-28,TIGER 글로벌클라우드컴퓨팅INDXX,371450,주식,3,253,,,,,,,3,115,,,,,,
2026-09-28,TIGER 인도니프티50레버리지(합성),236350,주식,3,104,,,,,,,1,15,,,,,,
2026-09-28,PLUS 미국S&P500미국채혼합50액티브,0057H0,주식,3,294,,,,,,,2,29,,,,,,
2026-09-28,지란지교시큐리티,208350,주식,3,239,,,,,,,2,34,,,,,,
2026-09-28,KODEX 미국금융테크액티브,0028X0,주식,3,223,,,,,,,1,43,,,,,,
2026-09-28,KODEX 미국AI메모리TOP2플러스,0238F0,주식,3,162,,,,,,,2,58,,,,,,
2026-09-28,TIGER 차이나글로벌리더스TOP3+,0067V0,주식,3,216,,,,,,,1,113,,,,,,
2026-09-28,HANARO 27-06 회사채(AA-이상)액티브,0091M0,주식,3,13,,,,,,,0,4,,,,,,
2026-09-28,1Q K반도체TOP2채권혼합50,0182S0,주식,3,256,,,,,,,2,50,,,,,,
2026-09-28,RISE 미국단기투자등급회사채액티브,437350,주식,3,71,,,,,,,5,35,,,,,,
2026-09-28,ACE 11월만기자동연장회사채AA-이상액티브,473440,주식,3,84,,,,,,,4,19,,,,,,
2026-09-28,KODEX 미국S&P500변동성확대시커버드콜,0089C0,주식,3,161,,,,,,,1,29,,,,,,
2026-09-28,ACE 코리아AI테크핵심산업,380340,주식,3,209,,,,,,,2,50,,,,,,
2026-09-28,TIGER 차이나AI소프트웨어,0067Y0,주식,3,216,,,,,,,1,73,,,,,,
2026-09-28,1Q 샤오미밸류체인액티브,0094X0,주식,3,233,,,,,,,3,50,,,,,,
2026-09-28,KODEX 미국S&P500유틸리티,463640,주식,3,225,,,,,,,1,47,,,,,,
2026-09-28,WON 삼성전자현대차채권혼합50,0203S0,주식,3,210,,,,,,,1,40,,,,,,
2026-09-28,키움 레버리지 바이오TOP10 ETN,760015,주식,3,65,,,,,,,1,10,,,,,,
2026-09-28,미래에셋 레버리지 코스피200 선물 ETN,520054,주식,3,39,,,,,,,1,7,,,,,,
2026-09-28,KIWOOM SK하이닉스선물단일종목레버리지,0194R0,주식,3,112,,,,,,,1,14,,,,,,
2026-09-28,ACE 미국대형가치주액티브,0127M0,주식,3,155,,,,,,,1,30,,,,,,
2026-09-28,KODEX 유럽명품TOP10 STOXX,456250,주식,3,374,,,,,,,1,82,,,,,,
2026-09-28,미래에셋 레버리지 은 선물 ETN B,520092,주식,3,68,,,,,,,1,14,,,,,,
2026-09-28,삼성 레버리지 코스피200 선물 ETN,530104,주식,3,19,,,,,,,1,3,,,,,,
2026-09-28,BNK 온디바이스AI,487750,주식,3,102,,,,,,,1,28,,,,,,
2026-09-28,KODEX 코스닥글로벌,461450,주식,3,202,,,,,,,2,40,,,,,,
2026-09-28,RISE 200선물레버리지,252400,주식,3,45,,,,,,,3,5,,,,,,
2026-09-28,TIGER KEDI혁신기업ESG30,417630,주식,3,190,,,,,,,4,83,,,,,,
2026-09-28,솔루스첨단소재2우B,33637L,주식,3,215,,,,,,,1,56,,,,,,
2026-09-28,ACE 삼성그룹섹터가중,108450,주식,3,148,,,,,,,4,42,,,,,,
2026-09-28,KIWOOM 미국S&P500(H),449780,주식,3,94,,,,,,,1,14,,,,,,
2026-09-28,KODEX S&P글로벌인프라(합성),269420,주식,3,572,,,,,,,2,534,,,,,,
2026-09-28,PLUS K방산소부장,0090B0,주식,3,253,,,,,,,2,67,,,,,,
2026-09-28,ACE 차이나항셍테크,371870,주식,3,278,,,,,,,4,116,,,,,,
2026-09-28,KODEX 33-06 국고채액티브,457690,주식,3,57,,,,,,,1,8,,,,,,
2026-09-28,하나 인버스 2X 반도체 ETN,700036,주식,3,42,,,,,,,0,7,,,,,,
2026-09-28,삼양사우,145995,주식,3,144,,,,,,,3,90,,,,,,
2026-09-28,알티캐스트,085810,주식,3,410,,,,,,,1,117,,,,,,
2026-09-28,TIGER 라틴35,105010,주식,3,288,,,,,,,1,167,,,,,,
2026-09-28,KODEX 차이나A50,169950,주식,3,192,,,,,,,3,203,,,,,,
2026-09-28,메리츠제1호스팩,0088D0,주식,3,70,,,,,,,2,16,,,,,,
2026-09-28,네이블,153460,주식,3,146,,,,,,,1,40,,,,,,
2026-09-28,인터엠,017250,주식,3,158,,,,,,,1,54,,,,,,
2026-09-28,국일신동,060480,주식,3,256,,,,,,,2,53,,,,,,
2026-09-28,지니틱스,303030,주식,3,835,,,,,,,1,133,,,,,,
2026-09-28,태원물산,001420,주식,3,84,,,,,,,0,21,,,,,,
2026-09-28,웰킵스하이텍,043590,주식,3,281,,,,,,,1,79,,,,,,
2026-09-28,KODEX 기계장비,102960,주식,3,225,,,,,,,3,72,,,,,,
2026-09-28,바른손이앤에이,035620,주식,3,930,,,,,,,2,191,,,,,,
2026-09-28,PLUS 코리아밸류업,495040,주식,3,75,,,,,,,2,12,,,,,,
2026-09-28,핀텔,291810,주식,3,430,,,,,,,3,73,,,,,,
2026-09-28,에스에스알,275630,주식,3,114,,,,,,,1,36,,,,,,
2026-09-28,프롬바이오,377220,주식,3,875,,,,,,,1,155,,,,,,
2026-09-28,KODEX 성장주,325010,주식,3,150,,,,,,,2,31,,,,,,
2026-09-28,ACE ESG액티브,385590,주식,3,86,,,,,,,1,27,,,,,,
2026-09-28,SOL 200 Top10,411540,주식,3,169,,,,,,,1,23,,,,,,
2026-09-28,유니드비티플러스,446070,주식,3,386,,,,,,,0,60,,,,,,
2026-09-28,뉴트리,270870,주식,3,553,,,,,,,3,97,,,,,,
2026-09-28,덕성우,004835,주식,3,352,,,,,,,2,60,,,,,,
2026-09-28,WON 200,448100,주식,3,67,,,,,,,1,16,,,,,,
2026-09-28,윈하이텍,192390,주식,3,223,,,,,,,3,40,,,,,,
2026-09-28,모다이노칩,080420,주식,3,310,,,,,,,7,76,,,,,,
2026-09-28,우양에이치씨,101970,주식,3,125,,,,,,,0,26,,,,,,
2026-09-28,알파AI,043100,주식,3,1097,,,,,,,1,350,,,,,,
2026-09-28,티피씨글로벌,130740,주식,3,264,,,,,,,1,38,,,,,,
2026-09-28,한국정보공학,039740,주식,3,172,,,,,,,2,85,,,,,,
2026-09-28,빅솔론,093190,주식,3,111,,,,,,,4,31,,,,,,
2026-09-28,지엔코,065060,주식,3,339,,,,,,,2,146,,,,,,
2026-09-28,해성산업1우,03481K,주식,3,164,,,,,,,1,48,,,,,,
2026-09-28,메이슨캐피탈,021880,주식,3,352,,,,,,,0,59,,,,,,
2026-09-28,레뷰코퍼레이션,443250,주식,3,293,,,,,,,1,43,,,,,,
2026-09-28,미래에셋비전스팩11호,0099W0,주식,3,123,,,,,,,1,17,,,,,,
2026-09-28,ACE 글로벌브랜드TOP10,435040,주식,3,169,,,,,,,1,44,,,,,,
2026-09-28,ACE 인도컨슈머파워액티브,487910,주식,3,158,,,,,,,3,54,,,,,,
2026-09-28,KoAct 반도체&2차전지핵심소재액티브,482030,주식,3,191,,,,,,,3,57,,,,,,
2026-09-28,RISE 테슬라미국채타겟커버드콜혼합(합성),0013R0,주식,3,208,,,,,,,1,43,,,,,,
2026-09-28,1Q 미국배당TOP30,0004G0,주식,3,401,,,,,,,1,48,,,,,,
2026-09-28,타스컴,336040,주식,3,34,,,,,,,0,7,,,,,,
2026-09-28,KR모터스,000040,주식,3,1117,,,,,,,1,246,,,,,,
2026-09-28,금호건설우,002995,주식,3,207,,,,,,,1,94,,,,,,
2026-09-28,대호특수강,021040,주식,3,383,,,,,,,1,92,,,,,,
2026-09-28,핸즈코퍼레이션,143210,주식,3,300,,,,,,,2,71,,,,,,
2026-09-28,딥커머스,900110,주식,3,483,,,,,,,1,140,,,,,,
2026-09-28,케이웨더,068100,주식,3,385,,,,,,,1,59,,,,,,
2026-09-28,플레이디,237820,주식,3,381,,,,,,,2,69,,,,,,
2026-09-28,RISE 차이나AI반도체TOP4Plus,0164G0,주식,3,179,,,,,,,1,30,,,,,,
2026-09-28,SOL 중단기회사채(A-이상)액티브,0016X0,주식,3,25,,,,,,,2,8,,,,,,
2026-09-28,코리아에셋투자증권,190650,주식,3,209,,,,,,,12,44,,,,,,
2026-09-28,KODEX 200가치저변동,223190,주식,3,71,,,,,,,0,13,,,,,,
2026-09-28,TIGER 미국캐시카우100,465670,주식,3,202,,,,,,,1,29,,,,,,
2026-09-28,TIME 글로벌바이오액티브,485810,주식,3,202,,,,,,,1,58,,,,,,
2026-09-28,솔루스첨단소재1우,33637K,주식,3,322,,,,,,,4,101,,,,,,
2026-09-28,디에이치엑스컴퍼니,031860,주식,3,379,,,,,,,3,139,,,,,,
2026-09-28,KODEX 200롱코스닥150숏선물,360140,주식,3,175,,,,,,,9,26,,,,,,
2026-09-28,KIWOOM 코스닥150선물레버리지,291630,주식,3,61,,,,,,,0,5,,,,,,
2026-09-28,KODEX 코리아배당성장채권혼합,237370,주식,3,248,,,,,,,2,43,,,,,,
2026-09-28,KODEX 장기종합채권(AA-이상)액티브,363570,주식,3,77,,,,,,,1,15,,,,,,
2026-09-28,KIWOOM 미국달러선물,138230,주식,3,145,,,,,,,1,34,,,,,,
2026-09-28,키움 레버리지 조선TOP10 ETN,760016,주식,3,23,,,,,,,0,4,,,,,,
2026-09-28,KIWOOM 미국테크100월간목표헤지액티브,0084D0,주식,3,61,,,,,,,0,11,,,,,,
2026-09-28,큐에이드,377460,주식,3,743,,,,,,,1,155,,,,,,
2026-09-28,아틀라스링크,297570,주식,3,600,,,,,,,1,82,,,,,,
2026-09-28,전진바이오팜,110020,주식,3,173,,,,,,,3,44,,,,,,
2026-09-28,하나33호스팩,475250,주식,3,65,,,,,,,2,11,,,,,,
2026-09-28,HANARO e커머스,322400,주식,3,144,,,,,,,0,15,,,,,,
2026-09-28,KODEX 모멘텀주,275280,주식,3,136,,,,,,,4,49,,,,,,
2026-09-28,ACE 유럽방산TOP10,0102X0,주식,3,243,,,,,,,1,63,,,,,,
2026-09-28,씨앗,103660,주식,3,30,,,,,,,3,9,,,,,,
2026-09-28,캐리,313760,주식,3,413,,,,,,,0,75,,,,,,
2026-09-28,대원화성,024890,주식,3,773,,,,,,,2,166,,,,,,
2026-09-28,보라티알,250000,주식,3,338,,,,,,,1,34,,,,,,
2026-09-28,프리엠스,053160,주식,3,220,,,,,,,2,41,,,,,,
2026-09-28,롯데글로벌로지스,040830,주식,3,89,,,,,,,2,55,,,,,,
2026-09-28,뉴인텍,012340,주식,3,1194,,,,,,,1,257,,,,,,
2026-09-28,듀오백,073190,주식,3,266,,,,,,,0,42,,,,,,
2026-09-28,파이온엑스,900100,주식,3,826,,,,,,,1,371,,,,,,
2026-09-28,에스디시스템,121890,주식,3,111,,,,,,,1,34,,,,,,
2026-09-28,하나32호스팩,475240,주식,3,76,,,,,,,1,11,,,,,,
2026-09-28,다이나믹디자인,145210,주식,3,791,,,,,,,2,222,,,,,,
2026-09-28,새론오토모티브,075180,주식,3,109,,,,,,,34,72,,,,,,
2026-09-28,키움제10호스팩,487720,주식,3,60,,,,,,,3,19,,,,,,
2026-09-28,키움제11호스팩,489480,주식,3,77,,,,,,,5,14,,,,,,
2026-09-28,엘디티,096870,주식,3,140,,,,,,,1,37,,,,,,
2026-09-28,하이딥,365590,주식,3,417,,,,,,,3,304,,,,,,
2026-09-28,뉴키즈온,462310,주식,3,212,,,,,,,0,37,,,,,,
2026-09-28,엠브레인,169330,주식,3,283,,,,,,,1,52,,,,,,
2026-09-28,제이엔비,452160,주식,3,320,,,,,,,1,53,,,,,,
2026-09-28,KODEX KTOP30,229720,주식,3,102,,,,,,,0,24,,,,,,
2026-09-28,KODEX 가치주,275290,주식,3,130,,,,,,,0,18,,,,,,
2026-09-28,페이퍼코리아,001020,주식,3,443,,,,,,,2,205,,,,,,
2026-09-28,대원,007680,주식,3,246,,,,,,,1,47,,,,,,
2026-09-28,신흥,004080,주식,3,113,,,,,,,124,57,,,,,,
2026-09-28,탑선,180060,주식,3,34,,,,,,,71,13,,,,,,
2026-09-28,빌리언스,044480,주식,3,571,,,,,,,3,106,,,,,,
2026-09-28,솔루믹스,238500,주식,3,189,,,,,,,0,32,,,,,,
2026-09-28,엠에프씨,432980,주식,3,147,,,,,,,2,30,,,,,,
2026-09-28,삼영이엔씨,065570,주식,3,390,,,,,,,3,117,,,,,,
2026-09-28,위너스일렉,479960,주식,3,350,,,,,,,1,71,,,,,,
2026-09-28,RISE 200금융,284980,주식,3,118,,,,,,,0,29,,,,,,
2026-09-28,에스제이그룹,306040,주식,3,551,,,,,,,0,71,,,,,,
2026-09-28,이상네트웍스,080010,주식,3,106,,,,,,,3,36,,,,,,
2026-09-28,승일,049830,주식,3,180,,,,,,,0,38,,,,,,
2026-09-28,켈스,402420,주식,3,5,,,,,,,1,5,,,,,,
2026-09-28,케이디켐,221980,주식,3,103,,,,,,,0,9,,,,,,
2026-09-28,다산디엠씨,208860,주식,3,272,,,,,,,8,52,,,,,,
2026-09-28,핑거스토리,417180,주식,3,491,,,,,,,1,99,,,,,,
2026-09-28,TIGER KTOP30,228820,주식,3,129,,,,,,,1,19,,,,,,
2026-09-28,아이오케이이엔엠,078860,주식,3,786,,,,,,,4,194,,,,,,
2026-09-28,디모아,016670,주식,3,432,,,,,,,1,111,,,,,,
2026-09-28,모비릭스,348030,주식,3,680,,,,,,,4,303,,,,,,
2026-09-28,사조오양,006090,주식,3,198,,,,,,,3,58,,,,,,
2026-09-28,세원물산,024830,주식,3,61,,,,,,,0,19,,,,,,
2026-09-28,케스피온,079190,주식,3,439,,,,,,,3,133,,,,,,
2026-09-28,녹십자홀딩스2우,005257,주식,3,332,,,,,,,1,64,,,,,,
2026-09-28,진영,285800,주식,3,441,,,,,,,2,71,,,,,,
2026-09-28,스코넥,276040,주식,3,798,,,,,,,1,138,,,,,,
2026-09-28,엔젠바이오,354200,주식,3,949,,,,,,,1,173,,,,,,
2026-09-28,케이피티유,054410,주식,3,197,,,,,,,1,40,,,,,,
2026-09-28,다산솔루에타,154040,주식,3,323,,,,,,,1,81,,,,,,
2026-09-28,에이치엘사이언스,239610,주식,3,310,,,,,,,1,67,,,,,,
2026-09-28,티엔엔터테인먼트,131100,주식,3,770,,,,,,,0,110,,,,,,
2026-09-28,IBK 초단기채권액티브,0221V0,주식,3,2,,,,,,,0,2,,,,,,
2026-09-28,오아,342870,주식,3,230,,,,,,,0,37,,,,,,
2026-09-28,대교우B,019685,주식,3,230,,,,,,,9,48,,,,,,
2026-09-28,PLUS 200위클리커버드콜채권혼합,0203D0,주식,2,70,,,,,,,0,9,,,,,,
2026-09-28,TIGER 중국소비테마,150460,주식,2,181,,,,,,,3,69,,,,,,
2026-09-28,와이즈플래닛컴퍼니,0010S0,주식,2,152,,,,,,,1,226,,,,,,
2026-09-28,신한 레버리지 금 선물 ETN,500037,주식,2,48,,,,,,,0,10,,,,,,
2026-09-28,TIGER 글로벌멀티에셋TIF액티브,440340,주식,2,150,,,,,,,1,23,,,,,,
2026-09-28,인바이츠바이오코아,216400,주식,2,31,,,,,,,2,12,,,,,,
2026-09-28,RISE 삼성그룹Top3채권혼합,448630,주식,2,144,,,,,,,2,43,,,,,,
2026-09-28,메리츠 레버리지 미국채30년 ETN(H),610038,주식,2,24,,,,,,,2,6,,,,,,
2026-09-28,KODEX 기후변화솔루션,404260,주식,2,102,,,,,,,1,23,,,,,,
2026-09-28,TIGER 차이나항셍30,117690,주식,2,189,,,,,,,1,133,,,,,,
2026-09-28,1Q 단기금융채액티브,463290,주식,2,22,,,,,,,1,5,,,,,,
2026-09-28,ACE MSCI멕시코(합성),291130,주식,2,136,,,,,,,0,22,,,,,,
2026-09-28,하나대체나사부동산1호,201773,주식,2,67,,,,,,,1,22,,,,,,
2026-09-28,KIWOOM 코리아테크TOP10,469790,주식,2,90,,,,,,,0,10,,,,,,
2026-09-28,KODEX 코리아혁신성장액티브,373490,주식,2,119,,,,,,,2,34,,,,,,
2026-09-28,TIGER 미국달러선물인버스2X,261120,주식,2,41,,,,,,,0,3,,,,,,
2026-09-28,1Q 삼성전자선물단일종목레버리지,0198B0,주식,2,64,,,,,,,1,13,,,,,,
2026-09-28,ACE 2월만기자동연장회사채AA-이상액티브,475260,주식,2,74,,,,,,,0,8,,,,,,
2026-09-28,ACE 우량회사채(AA-이상)액티브,0099L0,주식,2,34,,,,,,,0,14,,,,,,
2026-09-28,TIGER 글로벌자원생산기업(합성 H),276000,주식,2,112,,,,,,,0,21,,,,,,
2026-09-28,메리츠 레버리지 WTI원유 선물 ETN(H),610088,주식,2,6,,,,,,,0,1,,,,,,
2026-09-28,RISE 국채30년레버리지(합성),451670,주식,2,19,,,,,,,0,3,,,,,,
2026-09-28,ACE 미국배당퀄리티채권혼합50,0049K0,주식,2,164,,,,,,,1,31,,,,,,
2026-09-28,ACE 차이나AI빅테크TOP2+액티브,0087F0,주식,2,174,,,,,,,2,58,,,,,,
2026-09-28,SOL 27-12 회사채(AA-이상)액티브,0092C0,주식,2,21,,,,,,,0,2,,,,,,
2026-09-28,KoAct 미국나스닥채권혼합50액티브,0104H0,주식,2,137,,,,,,,1,30,,,,,,
2026-09-28,SOL 차이나육성산업액티브(합성),415760,주식,2,107,,,,,,,1,31,,,,,,
2026-09-28,에셋플러스 코리아대장장이액티브,442090,주식,2,47,,,,,,,0,15,,,,,,
2026-09-28,RISE 미국S&P원유생산기업(합성 H),219390,주식,2,430,,,,,,,1,60,,,,,,
2026-09-28,메리츠 레버리지 천연가스 선물 ETN(H),610095,주식,2,24,,,,,,,0,5,,,,,,
2026-09-28,KODEX 웹툰&드라마,395150,주식,2,395,,,,,,,2,66,,,,,,
2026-09-28,ACE 인도시장대표BIG5그룹액티브,487920,주식,2,175,,,,,,,2,44,,,,,,
2026-09-28,KIWOOM 국고채3년,114470,주식,2,116,,,,,,,2,14,,,,,,
2026-09-28,에이치씨코퍼레이션,037340,주식,2,174,,,,,,,0,177,,,,,,
2026-09-28,RISE 국고채10년액티브,481430,주식,2,65,,,,,,,0,5,,,,,,
2026-09-28,RISE 미국장기국채선물(H),267440,주식,2,148,,,,,,,1,61,,,,,,
2026-09-28,크리스에프앤씨,110790,주식,2,246,,,,,,,5,40,,,,,,
2026-09-28,TIME K컬처액티브,410870,주식,2,189,,,,,,,1,66,,,,,,
2026-09-28,플럼라인생명과학,222670,주식,2,38,,,,,,,4,16,,,,,,
2026-09-28,키움히어로제1호스팩,466690,주식,2,77,,,,,,,3,22,,,,,,
2026-09-28,KIWOOM 200선물레버리지,253250,주식,2,26,,,,,,,0,2,,,,,,
2026-09-28,ACE 미국중심중소형제조업,0008E0,주식,2,91,,,,,,,0,22,,,,,,
2026-09-28,삼성 레버리지 금 선물 ETN(H),530055,주식,2,52,,,,,,,1,10,,,,,,
2026-09-28,TIGER 우량가치,227570,주식,2,126,,,,,,,1,27,,,,,,
2026-09-28,CS,065770,주식,2,660,,,,,,,1,112,,,,,,
2026-09-28,디지아이,043360,주식,2,116,,,,,,,6,42,,,,,,
2026-09-28,와이즈버즈,273060,주식,2,250,,,,,,,1,50,,,,,,
2026-09-28,육일씨엔에쓰,191410,주식,2,156,,,,,,,0,37,,,,,,
2026-09-28,에스아이리소스,065420,주식,2,507,,,,,,,23,135,,,,,,
2026-09-28,오텍 13WR,71721G,주식,2,19,,,,,,,2,8,,,,,,
2026-09-28,남선알미우,008355,주식,2,163,,,,,,,0,31,,,,,,
2026-09-28,RISE 메타버스,401170,주식,2,249,,,,,,,0,35,,,,,,
2026-09-28,RISE 국고채3년,114100,주식,2,114,,,,,,,0,15,,,,,,
2026-09-28,광진실업,026910,주식,2,116,,,,,,,2,24,,,,,,
2026-09-28,아이디피,332370,주식,2,116,,,,,,,1,25,,,,,,
2026-09-28,동부건설우,005965,주식,2,129,,,,,,,0,15,,,,,,
2026-09-28,씨엑스아이,900120,주식,2,448,,,,,,,2,144,,,,,,
2026-09-28,노루페인트우,090355,주식,2,170,,,,,,,1,43,,,,,,
2026-09-28,비케이홀딩스,050090,주식,2,549,,,,,,,2,157,,,,,,
2026-09-28,무진메디,322970,주식,2,37,,,,,,,50,21,,,,,,
2026-09-28,KODEX 운송,140710,주식,2,290,,,,,,,2,50,,,,,,
2026-09-28,유유제약1우,000225,주식,2,252,,,,,,,3,100,,,,,,
2026-09-28,드림인사이트,362990,주식,2,174,,,,,,,0,29,,,,,,
2026-09-28,바이오인프라,199730,주식,2,224,,,,,,,0,54,,,,,,
2026-09-28,티와이홀딩스우,36328K,주식,2,205,,,,,,,1,40,,,,,,
2026-09-28,더라미,032860,주식,2,407,,,,,,,1,79,,,,,,
2026-09-28,엘리비젼,276240,주식,2,18,,,,,,,10,17,,,,,,
2026-09-28,올리패스,244460,주식,2,749,,,,,,,1,202,,,,,,
2026-09-28,크로넥스,215570,주식,2,41,,,,,,,1,12,,,,,,
2026-09-28,RISE 게임테마,300640,주식,2,140,,,,,,,1,47,,,,,,
2026-09-28,KODEX KRX300레버리지,306950,주식,2,52,,,,,,,0,8,,,,,,
2026-09-28,PLUS 차이나AI테크TOP10,0047N0,주식,2,194,,,,,,,2,60,,,,,,
2026-09-28,ACE 미국대형성장주액티브,0127P0,주식,2,188,,,,,,,1,29,,,,,,
2026-09-28,TIGER 퓨처모빌리티액티브,387280,주식,2,166,,,,,,,2,63,,,,,,
2026-09-28,RISE 2차전지TOP10인버스(합성),465350,주식,2,91,,,,,,,5,16,,,,,,
2026-09-28,오건에코텍,212310,주식,2,34,,,,,,,1,12,,,,,,
2026-09-28,KIWOOM 의료AI,483020,주식,2,160,,,,,,,1,43,,,,,,
2026-09-28,ACE 단기통안채,190620,주식,2,73,,,,,,,0,14,,,,,,
2026-09-28,KIWOOM 독일DAX,411860,주식,2,167,,,,,,,0,28,,,,,,
2026-09-28,테크엘,064520,주식,2,310,,,,,,,4,149,,,,,,
2026-09-28,대동금속,020400,주식,2,302,,,,,,,1,59,,,,,,
2026-09-28,바이오텐,289170,주식,2,21,,,,,,,8,19,,,,,,
2026-09-28,한일화학,007770,주식,2,181,,,,,,,142,42,,,,,,
2026-09-28,케이아이이,009140,주식,2,83,,,,,,,2,44,,,,,,
2026-09-28,데이원컴퍼니,373160,주식,2,133,,,,,,,1,29,,,,,,
2026-09-28,아이티센코어,243870,주식,2,15,,,,,,,1,4,,,,,,
2026-09-28,크라운제과우,26490K,주식,2,194,,,,,,,1,40,,,,,,
2026-09-28,유진테크놀로지,240600,주식,2,423,,,,,,,1,121,,,,,,
2026-09-28,RISE 글로벌주식분산액티브,459750,주식,2,79,,,,,,,1,12,,,,,,
2026-09-28,KODEX 미국클린에너지나스닥,419420,주식,2,210,,,,,,,0,27,,,,,,
2026-09-28,삼성 S&P500 VIX S/T 선물 ETN B,530130,주식,2,89,,,,,,,1,6,,,,,,
2026-09-28,삼성 인버스 2X 나스닥 100 TR ETN,530116,주식,2,36,,,,,,,0,6,,,,,,
2026-09-28,메리츠 3X 레버리지 미국채30년 ETN,610078,주식,2,40,,,,,,,1,13,,,,,,
2026-09-28,메리츠 KAP 레버리지 일본 엔화 ETN,610069,주식,2,38,,,,,,,0,4,,,,,,
2026-09-28,KIWOOM 팔란티어미국30년국채혼합액티브(H),0015F0,주식,2,126,,,,,,,0,20,,,,,,
2026-09-28,미래에셋 KRX금현물 Auto-KO-C 2810-01 ETN,520066,주식,2,66,,,,,,,0,12,,,,,,
2026-09-28,TIGER S&P글로벌인프라(합성),269370,주식,2,124,,,,,,,0,27,,,,,,
2026-09-28,삼성 iSelect 레버리지 조선 TOP10 TR ETN,530140,주식,2,17,,,,,,,0,2,,,,,,
2026-09-28,RISE 유로스탁스50(H),379790,주식,2,140,,,,,,,0,19,,,,,,
2026-09-28,KIWOOM TDF2040액티브 적격,435540,주식,2,68,,,,,,,0,4,,,,,,
2026-09-28,TIGER 리츠부동산인프라채권,341850,주식,2,174,,,,,,,1,55,,,,,,
2026-09-28,RISE 26-11 회사채(AA-이상)액티브,0122W0,주식,2,84,,,,,,,1,9,,,,,,
2026-09-28,RISE 글로벌농업경제,437370,주식,2,127,,,,,,,1,26,,,,,,
2026-09-28,TIGER MKF배당귀족,445910,주식,2,182,,,,,,,1,36,,,,,,
2026-09-28,KODEX 미국S&P500산업재(합성),200030,주식,2,198,,,,,,,1,102,,,,,,
2026-09-28,KODEX 미국S&P500버퍼3월액티브,0026E0,주식,2,78,,,,,,,0,23,,,,,,
2026-09-28,TIGER 미국S&P500선물인버스(H),225030,주식,2,267,,,,,,,1,24,,,,,,
2026-09-28,세진티에스,067770,주식,2,197,,,,,,,1,45,,,,,,
2026-09-28,한양증권우,001755,주식,2,93,,,,,,,2,28,,,,,,
2026-09-28,KC산업,112190,주식,2,29,,,,,,,0,9,,,,,,
2026-09-28,로스웰,900260,주식,2,392,,,,,,,1,66,,,,,,
2026-09-28,에스켐,475660,주식,2,121,,,,,,,2,27,,,,,,
2026-09-28,팜스빌,318010,주식,2,143,,,,,,,1,22,,,,,,
2026-09-28,삼화왕관,004450,주식,2,111,,,,,,,6,24,,,,,,
2026-09-28,TIGER 중장기국채,302190,주식,2,140,,,,,,,1,23,,,,,,
2026-09-28,SUN&L,002820,주식,2,142,,,,,,,1,46,,,,,,
2026-09-28,뉴보텍,060260,주식,2,584,,,,,,,2,132,,,,,,
2026-09-28,불스원,228350,주식,2,40,,,,,,,1,27,,,,,,
2026-09-28,매일방송,078060,주식,2,20,,,,,,,5,10,,,,,,
2026-09-28,투비소프트,079970,주식,2,785,,,,,,,0,201,,,,,,
2026-09-28,큐로홀딩스,051780,주식,2,289,,,,,,,1,84,,,,,,
2026-09-28,KODEX 200 중소형,226980,주식,2,99,,,,,,,1,29,,,,,,
2026-09-28,바스칸바이오제약,354390,주식,2,23,,,,,,,2,10,,,,,,
2026-09-28,PLUS 우량회사채50,239660,주식,2,384,,,,,,,5,827,,,,,,
2026-09-28,원림,005820,주식,2,66,,,,,,,16,57,,,,,,
2026-09-28,넥센우,005725,주식,2,67,,,,,,,1,7,,,,,,
2026-09-28,유비씨,495810,주식,2,1,,,,,,,1,1,,,,,,
2026-09-28,대림통상,006570,주식,2,145,,,,,,,1,31,,,,,,
2026-09-28,유진스팩10호,468760,주식,2,78,,,,,,,2,26,,,,,,
2026-09-28,조이웍스앤코,309930,주식,2,262,,,,,,,34,51,,,,,,
2026-09-28,티케이지애강,022220,주식,2,373,,,,,,,1,131,,,,,,
2026-09-28,NPC우,004255,주식,2,177,,,,,,,1,40,,,,,,
2026-09-28,윙스풋,335870,주식,2,153,,,,,,,1,20,,,,,,
2026-09-28,디티앤씨,187220,주식,2,262,,,,,,,18,328,,,,,,
2026-09-28,이화산업,000760,주식,2,102,,,,,,,5,33,,,,,,
2026-09-28,주연테크,044380,주식,2,931,,,,,,,0,137,,,,,,
2026-09-28,프로젠,296160,주식,2,82,,,,,,,10,32,,,,,,
2026-09-28,에이전트AI,060900,주식,2,746,,,,,,,3,171,,,,,,
2026-09-28,자일자동차,140310,주식,2,404,,,,,,,2,483,,,,,,
2026-09-28,ACE K방산TOP5+,0216Z0,주식,2,139,,,,,,,0,30,,,,,,
2026-09-28,SOL 국고채10년,438570,주식,2,62,,,,,,,1,11,,,,,,
2026-09-28,화인써키트,127980,주식,2,283,,,,,,,1,44,,,,,,
2026-09-28,리독스바이오,328270,주식,2,28,,,,,,,1,9,,,,,,
2026-09-28,PLUS 코스피TR,328370,주식,2,56,,,,,,,1,11,,,,,,
2026-09-28,ACE 싱가포르리츠,316300,주식,2,162,,,,,,,1,65,,,,,,
2026-09-28,하이퍼코퍼레이션,065650,주식,2,605,,,,,,,3,202,,,,,,
2026-09-28,동일기연,032960,주식,2,105,,,,,,,1,28,,,,,,
2026-09-28,아센디오,012170,주식,2,640,,,,,,,1,171,,,,,,
2026-09-28,사조씨푸드,014710,주식,2,274,,,,,,,3,89,,,,,,
2026-09-28,ACE 글로벌빅파마,497510,주식,2,141,,,,,,,0,31,,,,,,
2026-09-28,KODEX 필수소비재,266410,주식,2,350,,,,,,,1,55,,,,,,
2026-09-28,TIGER 차이나HSCEI,245360,주식,2,179,,,,,,,4,182,,,,,,
2026-09-28,KD,044180,주식,2,765,,,,,,,1,217,,,,,,
2026-09-28,미트박스,475460,주식,2,262,,,,,,,2,41,,,,,,
2026-09-28,형지글로벌,308100,주식,2,795,,,,,,,1,142,,,,,,
2026-09-28,유진스팩12호,0105P0,주식,2,106,,,,,,,1,18,,,,,,
2026-09-28,JW중외제약2우B,001067,주식,2,49,,,,,,,0,13,,,,,,
2026-09-28,메가젠임플란트,102600,주식,2,405,,,,,,,1,86,,,,,,
2026-09-28,KODEX 탄소효율그린뉴딜,375770,주식,2,183,,,,,,,2,36,,,,,,
2026-09-28,이노진,344860,주식,2,298,,,,,,,0,41,,,,,,
2026-09-28,PLUS 코스피,227830,주식,2,67,,,,,,,1,13,,,,,,
2026-09-28,KG모빌리티 122WR,36221D,주식,2,47,,,,,,,2,17,,,,,,
2026-09-28,KIWOOM 물가채KIS,430500,주식,2,60,,,,,,,0,9,,,,,,
2026-09-28,PLUS 단기채권액티브,278620,주식,2,42,,,,,,,0,3,,,,,,
2026-09-28,FOCUS AI코리아액티브,448570,주식,2,40,,,,,,,0,14,,,,,,
2026-09-28,RISE 글로벌클린에너지,399580,주식,2,151,,,,,,,1,33,,,,,,
2026-09-28,미디어젠,279600,주식,2,102,,,,,,,4,21,,,,,,
2026-09-28,일양약품우,007575,주식,2,203,,,,,,,1,58,,,,,,
2026-09-28,사토시홀딩스,223310,주식,2,501,,,,,,,1,155,,,,,,
2026-09-28,휴맥스홀딩스,028080,주식,2,340,,,,,,,1,137,,,,,,
2026-09-28,SOL 국고채3년,438560,주식,2,103,,,,,,,0,7,,,,,,
2026-09-28,성문전자우,014915,주식,1,86,,,,,,,1,22,,,,,,
2026-09-28,TIGER 의료기기,307510,주식,1,124,,,,,,,1,33,,,,,,
2026-09-28,EMB,278990,주식,1,10,,,,,,,1,11,,,,,,
2026-09-28,미쥬,351020,주식,1,4,,,,,,,0,1,,,,,,
2026-09-28,나라셀라,405920,주식,1,159,,,,,,,1,38,,,,,,
2026-09-28,마이티 코스피100,159800,주식,1,31,,,,,,,0,5,,,,,,
2026-09-28,삼미,002580,주식,1,7,,,,,,,1,37,,,,,,
2026-09-28,수프로,185190,주식,1,7,,,,,,,2,6,,,,,,
2026-09-28,씽크풀,041710,주식,1,14,,,,,,,1,10,,,,,,
2026-09-28,삼부토건,001470,주식,1,2349,,,,,,,1,782,,,,,,
2026-09-28,서울식품우,004415,주식,1,168,,,,,,,0,80,,,,,,
2026-09-28,WON 미국S&P500,444490,주식,1,91,,,,,,,0,10,,,,,,
2026-09-28,HANARO Fn5G산업,367740,주식,1,63,,,,,,,0,16,,,,,,
2026-09-28,PLUS 미국로보택시,0078V0,주식,1,107,,,,,,,0,16,,,,,,
2026-09-28,LS전선,104230,주식,1,597,,,,,,,3,236,,,,,,
2026-09-28,질경이,233990,주식,1,21,,,,,,,0,13,,,,,,
2026-09-28,에이엔피,015260,주식,1,563,,,,,,,0,127,,,,,,
2026-09-28,금강공업우,014285,주식,1,100,,,,,,,0,17,,,,,,
2026-09-28,ACE 국고채3년,114460,주식,1,81,,,,,,,0,15,,,,,,
2026-09-28,포겟,168570,주식,1,24,,,,,,,1,9,,,,,,
2026-09-28,나눔테크,244880,주식,1,30,,,,,,,5,11,,,,,,
2026-09-28,신라섬유,001000,주식,1,335,,,,,,,1,53,,,,,,
2026-09-28,제이앤드,104690,주식,1,26,,,,,,,1,11,,,,,,
2026-09-28,제일연마,001560,주식,1,98,,,,,,,1,17,,,,,,
2026-09-28,유화증권우,003465,주식,1,55,,,,,,,3,59,,,,,,
2026-09-28,코리아2000,040470,주식,1,3,,,,,,,0,17,,,,,,
2026-09-28,코리아써우,007815,주식,1,56,,,,,,,33,15,,,,,,
2026-09-28,RISE KRX300,292050,주식,1,25,,,,,,,0,6,,,,,,
2026-09-28,KODEX 200exTOP,337150,주식,1,33,,,,,,,0,7,,,,,,
2026-09-28,TIGER 경기방어,139280,주식,1,77,,,,,,,0,14,,,,,,
2026-09-28,데이터스트림즈,199150,주식,1,29,,,,,,,0,11,,,,,,
2026-09-28,세븐브로이맥주,267080,주식,1,79,,,,,,,0,19,,,,,,
2026-09-28,포앤티,045020,주식,1,12,,,,,,,0,6,,,,,,
2026-09-28,삼중테크,066190,주식,1,21,,,,,,,0,0,,,,,,
2026-09-28,예선테크,250930,주식,1,356,,,,,,,0,47,,,,,,
2026-09-28,신라에스지,025870,주식,1,281,,,,,,,0,63,,,,,,
2026-09-28,CJ씨푸드1우,011155,주식,1,120,,,,,,,0,23,,,,,,
2026-09-28,사우스케이프,280140,주식,1,35,,,,,,,0,24,,,,,,
2026-09-28,PLUS 코스닥150,301400,주식,1,88,,,,,,,1,21,,,,,,
2026-09-28,파워 코스피100,140950,주식,1,43,,,,,,,0,9,,,,,,
2026-09-28,동원시스템즈우,014825,주식,1,73,,,,,,,2,29,,,,,,
2026-09-28,HANARO 코스닥150,304770,주식,1,52,,,,,,,1,14,,,,,,
2026-09-28,TIGER 차이나증권,0133E0,주식,1,106,,,,,,,2,30,,,,,,
2026-09-28,퍼시스,016800,주식,1,116,,,,,,,1,30,,,,,,
2026-09-28,아이톡시,052770,주식,1,430,,,,,,,1,147,,,,,,
2026-09-28,ACE 인버스,145670,주식,1,460,,,,,,,0,16,,,,,,
2026-09-28,한주에이알티,058450,주식,1,188,,,,,,,0,50,,,,,,
2026-09-28,RISE 단기통안채,196230,주식,1,76,,,,,,,1,20,,,,,,
2026-09-28,KIWOOM 삼성SK그룹TOP4+,0234N0,주식,1,87,,,,,,,1,25,,,,,,
2026-09-28,앤알커뮤니,129050,주식,1,53,,,,,,,1,47,,,,,,
2026-09-28,RISE 삼성SK그룹,0240J0,주식,1,50,,,,,,,0,12,,,,,,
2026-09-28,씨앤에스자산관리,032040,주식,1,118,,,,,,,3,111,,,,,,
2026-09-28,파워 고배당저변동성,192720,주식,1,49,,,,,,,0,5,,,,,,
2026-09-28,PLUS 200선물레버리지,253150,주식,1,22,,,,,,,0,2,,,,,,
2026-09-28,PLUS 국고채10년액티브,461460,주식,1,40,,,,,,,0,3,,,,,,
2026-09-28,ACE 미국친환경그린테마,391600,주식,1,173,,,,,,,0,25,,,,,,
2026-09-28,도부,227420,주식,1,28,,,,,,,1,17,,,,,,
2026-09-28,동양우,001525,주식,1,63,,,,,,,0,17,,,,,,
2026-09-28,모아텍,033200,주식,1,218,,,,,,,1,75,,,,,,
2026-09-28,드림라인,035430,주식,1,49,,,,,,,1,356,,,,,,
2026-09-28,코스텍시스템,169670,주식,1,24,,,,,,,0,6,,,,,,
2026-09-28,디에이피,066900,주식,1,173,,,,,,,1,69,,,,,,
2026-09-28,HANARO 200TR,332930,주식,1,19,,,,,,,0,4,,,,,,
2026-09-28,노루홀딩스우,000325,주식,1,91,,,,,,,18,19,,,,,,
2026-09-28,대호특수강우,021045,주식,1,66,,,,,,,0,14,,,,,,
2026-09-28,바이오프로테크,199290,주식,1,29,,,,,,,1,6,,,,,,
2026-09-28,와이디생명과학,114750,주식,1,169,,,,,,,4,76,,,,,,
2026-09-28,제이엠멀티,254160,주식,1,8,,,,,,,0,1,,,,,,
2026-09-28,케이엠제약,225430,주식,1,590,,,,,,,0,122,,,,,,
2026-09-28,한국비티비,219750,주식,1,315,,,,,,,0,48,,,,,,
2026-09-28,TIGER K게임,300610,주식,1,230,,,,,,,1,57,,,,,,
2026-09-28,유니켐 41WR,13321F,주식,1,29,,,,,,,2,4,,,,,,
2026-09-28,아이오바이오,447690,주식,1,16,,,,,,,0,6,,,,,,
2026-09-28,에이플러스라이프,141110,주식,1,63,,,,,,,1,49,,,,,,
2026-09-28,RISE 금융채액티브,336160,주식,1,49,,,,,,,0,9,,,,,,
2026-09-28,씨알푸드,236030,주식,1,2,,,,,,,18,6,,,,,,
2026-09-28,KIWOOM KRX100,100910,주식,1,52,,,,,,,0,8,,,,,,
2026-09-28,RISE KQ고배당,270800,주식,1,46,,,,,,,0,8,,,,,,
2026-09-28,TIGER 200커버드콜OTM,166400,주식,1,107,,,,,,,0,8,,,,,,
2026-09-28,조흥,002600,주식,1,61,,,,,,,1,13,,,,,,
2026-09-28,RISE 수출주,140570,주식,1,50,,,,,,,0,10,,,,,,
2026-09-28,RISE 헬스케어,253280,주식,1,109,,,,,,,1,27,,,,,,
2026-09-28,와이즈에이아이,354180,주식,1,74,,,,,,,1,24,,,,,,
2026-09-28,KODEX 경기소비재,266390,주식,1,115,,,,,,,0,18,,,,,,
2026-09-28,코리아써키트2우B,00781K,주식,1,61,,,,,,,0,14,,,,,,
2026-09-28,형지I&C,011080,주식,1,828,,,,,,,0,145,,,,,,
2026-09-28,다함이텍,009280,주식,1,10,,,,,,,0,29,,,,,,
2026-09-28,수성웹툰,084180,주식,1,496,,,,,,,1,82,,,,,,
2026-09-28,지에스엔텍,037640,주식,1,26,,,,,,,1,51,,,,,,
2026-09-28,JW중외제약우,001065,주식,1,109,,,,,,,1,25,,,,,,
2026-09-28,KODEX 혁신기술테마액티브,364690,주식,1,70,,,,,,,1,20,,,,,,
2026-09-28,HANARO 32-10 국고채액티브,448490,주식,1,25,,,,,,,0,4,,,,,,
2026-09-28,TIGER 코스닥150선물인버스,250780,주식,1,198,,,,,,,1,15,,,,,,
2026-09-28,TIGER 미국달러선물레버리지,261110,주식,1,22,,,,,,,0,1,,,,,,
2026-09-28,KIWOOM 종합채권(AA-이상)액티브,454780,주식,1,76,,,,,,,0,7,,,,,,
2026-09-28,RISE 차이나HSCEI(H),250730,주식,1,93,,,,,,,0,92,,,,,,
2026-09-28,N2 코스피 200 TR ETN,550084,주식,1,1,,,,,,,0,1,,,,,,
2026-09-28,KIWOOM 미국성장기업30액티브,459790,주식,1,40,,,,,,,0,9,,,,,,
2026-09-28,미래에셋 1.5X 천연가스 선물 ETN,520076,주식,1,19,,,,,,,0,1,,,,,,
2026-09-28,TIGER 유로스탁스레버리지(합성 H),225050,주식,1,20,,,,,,,0,2,,,,,,
2026-09-28,RISE 미국우주&로봇TOP2미국채혼합50,0218J0,주식,1,84,,,,,,,1,35,,,,,,
2026-09-28,TIGER 삼성전자SK하이닉스미국채혼합50,0233J0,주식,1,82,,,,,,,0,20,,,,,,
2026-09-28,하나 S&P 인버스 2X WTI원유 선물 ETN B,700030,주식,1,22,,,,,,,0,1,,,,,,
2026-09-28,KIWOOM 미국블록버스터바이오테크의약품+,483030,주식,1,106,,,,,,,0,18,,,,,,
2026-09-28,에셋플러스 글로벌일등기업포커스10액티브,477490,주식,1,38,,,,,,,0,15,,,,,,
2026-09-28,테크트랜스,258050,주식,1,16,,,,,,,2,9,,,,,,
2026-09-28,깨끗한나라우,004545,주식,1,108,,,,,,,0,20,,,,,,
2026-09-28,와토스코리아,079000,주식,1,102,,,,,,,0,23,,,,,,
2026-09-28,RISE 동학개미,0138D0,주식,1,154,,,,,,,1,35,,,,,,
2026-09-28,애니메디솔루션,390110,주식,1,18,,,,,,,0,3,,,,,,
2026-09-28,HANARO 유럽방산,0082F0,주식,1,80,,,,,,,0,22,,,,,,
2026-09-28,MIDAS 코스피액티브,403790,주식,1,30,,,,,,,0,4,,,,,,
2026-09-28,RISE 200채권혼합50,183700,주식,1,31,,,,,,,0,11,,,,,,
2026-09-28,큐엠씨,136660,주식,1,18,,,,,,,1,27,,,,,,
2026-09-28,두원중공업,013900,주식,1,8,,,,,,,23,15,,,,,,
2026-09-28,TIGER 로우볼,174350,주식,1,42,,,,,,,0,11,,,,,,
2026-09-28,유유제약2우B,000227,주식,1,91,,,,,,,1,52,,,,,,
2026-09-28,RISE IT플러스,326240,주식,1,48,,,,,,,1,12,,,,,,
2026-09-28,에스알바이오텍,270210,주식,1,20,,,,,,,3,6,,,,,,
2026-09-28,SHD,001770,주식,1,145,,,,,,,0,39,,,,,,
2026-09-28,에스티오,098660,주식,1,69,,,,,,,0,14,,,,,,
2026-09-28,현대아산,075120,주식,1,128,,,,,,,3,154,,,,,,
2026-09-28,SOL 차이나태양광CSI(합성),413220,주식,1,120,,,,,,,1,33,,,,,,
2026-09-28,TIGER 미국나스닥넥스트100,429010,주식,1,54,,,,,,,0,13,,,,,,
2026-09-28,ACE 일본TOPIX인버스(합성 H),205720,주식,1,101,,,,,,,0,15,,,,,,
2026-09-28,RISE 테슬라애플아마존채권혼합,449580,주식,1,174,,,,,,,0,21,,,,,,
2026-09-28,ACE 삼성그룹동일가중,131890,주식,1,61,,,,,,,0,15,,,,,,
2026-09-28,KIWOOM 200선물인버스,253240,주식,1,19,,,,,,,0,3,,,,,,
2026-09-28,KIWOOM 머니마켓액티브,476450,주식,1,16,,,,,,,0,19,,,,,,
2026-09-28,1Q 200채권혼합50액티브,0184E0,주식,1,78,,,,,,,0,14,,,,,,
2026-09-28,HANARO Fn K-메타버스MZ,402460,주식,1,132,,,,,,,0,15,,,,,,
2026-09-28,1Q 현대차기아채권혼합50,0206G0,주식,1,198,,,,,,,1,43,,,,,,
2026-09-28,KIWOOM TDF2050액티브 적격,435550,주식,1,86,,,,,,,0,13,,,,,,
2026-09-28,KODEX 미국S&P500커뮤니케이션,463690,주식,1,126,,,,,,,0,90,,,,,,
2026-09-28,TIGER 미국S&P500미국채혼합50,0238P0,주식,1,115,,,,,,,0,24,,,,,,
2026-09-28,KODEX 코스닥150롱코스피200숏선물,360150,주식,1,87,,,,,,,2,24,,,,,,
2026-09-28,WON 미국빌리어네어,489290,주식,1,70,,,,,,,0,9,,,,,,
2026-09-28,PLUS 200선물인버스2X,253160,주식,1,72,,,,,,,0,7,,,,,,
2026-09-28,SOL 우주항공밸류체인,0207G0,주식,1,166,,,,,,,0,26,,,,,,
2026-09-28,KODEX 한중반도체(합성),450190,주식,1,35,,,,,,,1,10,,,,,,
2026-09-28,KODEX 골드선물인버스(H),280940,주식,1,81,,,,,,,2,6,,,,,,
2026-09-28,SOL 코스피200채권혼합50,0192S0,주식,1,104,,,,,,,0,18,,,,,,
2026-09-28,TIGER 일본TOPIX(합성 H),195920,주식,1,47,,,,,,,0,14,,,,,,
2026-09-28,KODEX 미국S&P500경기소비재,453660,주식,1,123,,,,,,,1,28,,,,,,
2026-09-28,에셋플러스 차이나일등기업포커스10액티브,474920,주식,1,47,,,,,,,1,20,,,,,,
2026-09-28,FOCUS AI반도체위클리고정커버드콜,0176P0,주식,1,120,,,,,,,1,16,,,,,,
2026-09-28,미래에셋 인버스 2X 코스피200 선물 ETN B,520102,주식,1,29,,,,,,,0,7,,,,,,
2026-09-28,삼성 인버스 2X 일본니케이225선물 ETN(H),530125,주식,1,6,,,,,,,2,4,,,,,,
2026-09-28,TIME 글로벌소비트렌드액티브,494180,주식,1,49,,,,,,,0,10,,,,,,
2026-09-28,삼성 인버스 2X 은 선물 ETN(H),530062,주식,1,37,,,,,,,0,8,,,,,,
2026-09-28,SOL 글로벌탄소배출권선물ICE(합성),400590,주식,1,174,,,,,,,1,46,,,,,,
2026-09-28,TIGER 리츠부동산인프라10채권혼합액티브,0086C0,주식,1,89,,,,,,,0,8,,,,,,
2026-09-28,ACE 일본TOPIX레버리지(H),196030,주식,1,36,,,,,,,2,7,,,,,,
2026-09-28,TIGER 200 철강소재,139240,주식,1,244,,,,,,,2,47,,,,,,
2026-09-28,KIWOOM 코리아밸류업,496090,주식,1,34,,,,,,,0,3,,,,,,
2026-09-28,KIWOOM 삼성전자선물단일종목레버리지,0194N0,주식,1,53,,,,,,,0,6,,,,,,
2026-09-28,신한 WTI원유 선물 ETN,500099,주식,1,17,,,,,,,0,0,,,,,,
2026-09-28,ACE 일라이릴리밸류체인,497520,주식,1,122,,,,,,,0,21,,,,,,
2026-09-28,TIME K이노베이션액티브,385710,주식,1,76,,,,,,,1,32,,,,,,
2026-09-28,HANARO 미국AI광통신TOP10,0215T0,주식,1,116,,,,,,,4,23,,,,,,
2026-09-28,하나 레버리지 코스닥150 선물 ETN,700017,주식,1,7,,,,,,,0,2,,,,,,
2026-09-28,신한 블룸버그 2X 천연가스 선물 ETN B,500102,주식,1,6,,,,,,,0,2,,,,,,
2026-09-28,PLUS 애플채권혼합,447660,주식,1,104,,,,,,,1,27,,,,,,
2026-09-28,RISE 팔라듐선물(H),334690,주식,1,214,,,,,,,1,56,,,,,,
2026-09-28,RISE 차이나항셍테크,371150,주식,1,133,,,,,,,1,36,,,,,,
2026-09-28,MIDAS 일본테크액티브,488290,주식,1,50,,,,,,,1,10,,,,,,
2026-09-28,RISE 200선물인버스2X,252420,주식,1,101,,,,,,,0,20,,,,,,
2026-09-28,HANARO Fn친환경에너지,381570,주식,1,187,,,,,,,0,28,,,,,,
2026-09-28,HANARO 머니마켓액티브,486830,주식,1,28,,,,,,,0,3,,,,,,
2026-09-28,HANARO 코스닥150선물레버리지,306530,주식,1,22,,,,,,,0,5,,,,,,
2026-09-28,에셋플러스 코리아플랫폼액티브,407820,주식,1,124,,,,,,,1,39,,,,,,
2026-09-28,BNK 카카오그룹포커스,0120J0,주식,1,76,,,,,,,1,23,,,,,,
2026-09-28,PLUS S&P글로벌인프라,269530,주식,1,120,,,,,,,0,161,,,,,,
2026-09-28,TIGER 200 생활소비재,227560,주식,1,117,,,,,,,0,17,,,,,,
2026-09-28,RISE 일본섹터TOP4Plus,488480,주식,1,76,,,,,,,0,19,,,,,,
2026-09-28,ACE 미국IT인터넷(합성 H),280320,주식,1,64,,,,,,,0,18,,,,,,
2026-09-28,HANARO 바이오코리아액티브,498050,주식,1,116,,,,,,,1,31,,,,,,
2026-09-28,TIGER 200에너지화학레버리지,243890,주식,1,87,,,,,,,0,13,,,,,,
2026-09-28,KODEX 단기변동금리부채권액티브,273140,주식,1,19,,,,,,,1,5,,,,,,
2026-09-28,마이티 바이오시밀러&CDMO액티브,0001P0,주식,1,65,,,,,,,0,17,,,,,,
2026-09-28,RISE 글로벌데이터센터리츠(합성),375270,주식,1,150,,,,,,,1,35,,,,,,
2026-09-28,TIGER 차이나클린에너지SOLACTIVE,396510,주식,1,187,,,,,,,2,64,,,,,,
2026-09-28,PLUS 미국AI에이전트,0050E0,주식,1,96,,,,,,,0,19,,,,,,
2026-09-28,ACE 중장기국공채액티브,272910,주식,1,19,,,,,,,1,4,,,,,,
2026-09-28,RISE 중국MSCI China(H),310080,주식,1,86,,,,,,,0,23,,,,,,
2026-09-28,KIWOOM 미국CPU반도체TOP4+,0224D0,주식,1,85,,,,,,,1,27,,,,,,
2026-09-28,RISE 중소형고배당,281990,주식,1,59,,,,,,,0,9,,,,,,
2026-09-28,TIGER 코스닥글로벌,461580,주식,1,80,,,,,,,2,21,,,,,,
2026-09-28,크라운해태홀딩스우,005745,주식,1,113,,,,,,,1,33,,,,,,
2026-09-28,HANARO 코리아밸류업,495750,주식,1,25,,,,,,,0,7,,,,,,
2026-09-28,바이오인프라생명과학,266470,주식,1,67,,,,,,,1,64,,,,,,
2026-09-28,KIWOOM 200선물인버스2X,253230,주식,1,67,,,,,,,0,13,,,,,,
2026-09-28,RISE 엔비디아고정테크100,0093B0,주식,1,170,,,,,,,1,33,,,,,,
2026-09-28,메리츠 KAP 일본 엔화 ETN,610068,주식,1,21,,,,,,,0,1,,,,,,
2026-09-28,RISE 글로벌테크놀로지(합성 H),276650,주식,1,45,,,,,,,1,24,,,,,,
2026-09-28,KB 레버리지 반도체 TOP10 TR ETN,580082,주식,1,9,,,,,,,0,0,,,,,,
2026-09-28,신한 인버스 2X 코스닥 150 선물 ETN,500072,주식,1,16,,,,,,,0,3,,,,,,
2026-09-28,RISE 미국천연가스밸류체인,0036Z0,주식,1,83,,,,,,,0,21,,,,,,
2026-09-28,SOL 유럽탄소배출권선물S&P(H),400580,주식,1,132,,,,,,,0,30,,,,,,
2026-09-28,미래에셋 레버리지 반도체 ETN,520098,주식,1,12,,,,,,,0,2,,,,,,
2026-09-28,DAISHIN AI반도체&인프라액티브,486240,주식,1,52,,,,,,,0,13,,,,,,
2026-09-28,삼성 인버스 2X 금 선물 ETN(H),530056,주식,1,28,,,,,,,0,6,,,,,,
2026-09-28,ACE 중국본토CSI300레버리지(합성),219900,주식,1,42,,,,,,,1,32,,,,,,
2026-09-28,미래에셋 인버스 2X 코스닥150 선물 ETN,520057,주식,1,49,,,,,,,0,13,,,,,,
2026-09-28,TIGER 200 경기소비재,139290,주식,1,66,,,,,,,0,14,,,,,,
2026-09-28,UNICORN K바이오액티브,0184V0,주식,1,31,,,,,,,1,16,,,,,,
2026-09-28,HANARO 200선물레버리지,304780,주식,1,21,,,,,,,0,0,,,,,,
2026-09-28,삼성 코스피 200 TR ETN,530117,주식,1,43,,,,,,,0,8,,,,,,
2026-09-28,RISE 글로벌비만산업TOP2+,476310,주식,1,137,,,,,,,0,25,,,,,,
2026-09-28,ACE 미국부동산리츠(합성 H),181480,주식,1,69,,,,,,,0,17,,,,,,
2026-09-28,KODEX 미국스마트모빌리티S&P,390400,주식,1,207,,,,,,,1,50,,,,,,
2026-09-28,키움 인버스 2X 전력 TOP5 ETN,760027,주식,1,17,,,,,,,0,3,,,,,,
2026-09-28,삼성 레버리지 구리 선물 ETN(H),530063,주식,1,28,,,,,,,0,8,,,,,,
2026-09-28,KODEX 인도Nifty50레버리지(합성),453820,주식,1,76,,,,,,,1,12,,,,,,
2026-09-28,KoAct 광통신&위성네트워크액티브,0219B0,주식,1,114,,,,,,,1,30,,,,,,
2026-09-28,PLUS 차이나항셍테크위클리타겟커버드콜,0128D0,주식,1,110,,,,,,,0,10,,,,,,
2026-09-28,TIGER 현대차LG전자고정피지컬AI밸류체인,0241R0,주식,1,36,,,,,,,0,9,,,,,,
2026-09-28,TRUSTON 주주가치액티브,472720,주식,1,46,,,,,,,2,20,,,,,,
2026-09-28,RISE 글로벌게임테크TOP3Plus,0114X0,주식,1,71,,,,,,,0,9,,,,,,
2026-09-28,SOL 종합채권(AA-이상)액티브,436140,주식,1,44,,,,,,,0,6,,,,,,
2026-09-28,삼성 인버스 2X 구리 선물 ETN(H),530064,주식,1,24,,,,,,,0,2,,,,,,
2026-09-28,에셋플러스 글로벌대장장이액티브,433220,주식,1,63,,,,,,,1,29,,,,,,
2026-09-28,한투 레버리지천연가스선물 ETN C,570120,주식,1,11,,,,,,,1,6,,,,,,
2026-09-28,KB 인버스 2X KOSDAQ 150 선물 ETN,580044,주식,1,20,,,,,,,0,2,,,,,,
2026-09-28,KoAct 차이나바이오헬스케어액티브,0154H0,주식,1,69,,,,,,,1,20,,,,,,
2026-09-28,미래에셋 인버스 2X WTI원유 선물 ETN,520096,주식,1,26,,,,,,,0,2,,,,,,
2026-09-28,TIGER 이머징마켓MSCI레버리지(합성 H),225060,주식,1,21,,,,,,,0,1,,,,,,
2026-09-28,한투 레버리지플래티넘선물 ETN,570069,주식,1,15,,,,,,,0,6,,,,,,
2026-09-28,RISE 미국달러SOFR금리액티브(합성),455960,주식,1,107,,,,,,,0,16,,,,,,
2026-09-28,SOL 한국형글로벌전기차&2차전지액티브,429980,주식,1,113,,,,,,,0,34,,,,,,
2026-09-28,타조이엔터테인먼트,476710,주식,1,3,,,,,,,0,1,,,,,,
2026-09-28,PLUS AI반도체소부장액티브,0239Z0,주식,1,47,,,,,,,1,21,,,,,,
2026-09-28,KIWOOM 미국달러선물레버리지,225800,주식,1,20,,,,,,,0,7,,,,,,
2026-09-28,신한 레버리지 구리 선물 ETN,500040,주식,1,20,,,,,,,0,1,,,,,,
2026-09-28,PLUS 미국나스닥100미국채혼합50,0089B0,주식,1,93,,,,,,,0,18,,,,,,
2026-09-28,HANARO 26-12 은행채(AA+이상)액티브,0123S0,주식,1,23,,,,,,,0,2,,,,,,
2026-09-28,하나 레버리지 천연가스 선물 ETN(H),700031,주식,1,13,,,,,,,1,2,,,,,,
2026-09-28,하이트진로홀딩스우,000145,주식,1,96,,,,,,,1,22,,,,,,
2026-09-28,RISE K엔터&여행레저,388280,주식,1,104,,,,,,,0,18,,,,,,
2026-09-28,SOL 국고채30년액티브,474390,주식,1,30,,,,,,,0,7,,,,,,
2026-09-28,서울개인택시복지법인,279000,주식,1,17,,,,,,,0,11,,,,,,
2026-09-28,TIGER KRX기후변화솔루션,404540,주식,1,97,,,,,,,1,17,,,,,,
2026-09-28,KODEX 인도Nifty미드캡100,0000H0,주식,1,83,,,,,,,1,20,,,,,,
2026-09-28,RISE 미국고정배당우선증권,354240,주식,1,79,,,,,,,0,11,,,,,,
2026-09-28,PLUS 미국단기회사채(AAA~A),332610,주식,1,50,,,,,,,2,63,,,,,,
2026-09-28,한투 코스피양매도5%OTM ETN,570019,주식,1,8,,,,,,,0,4,,,,,,
2026-09-28,1Q 엔비디아알파벳미국채혼합50,0224X0,주식,1,239,,,,,,,1,45,,,,,,
2026-09-28,BNK 2차전지양극재,466810,주식,1,103,,,,,,,1,31,,,,,,
2026-09-28,삼성 S&P500 TR ETN,530112,주식,1,29,,,,,,,0,1,,,,,,
2026-09-28,키움 코스피 200 TR ETN,760007,주식,1,20,,,,,,,0,4,,,,,,
2026-09-28,SOL 미국S&P500엔화노출(H),499150,주식,1,101,,,,,,,0,14,,,,,,
2026-09-28,TIGER MSCI KOREA ESG리더스,289260,주식,1,39,,,,,,,1,11,,,,,,
2026-09-28,HANARO Fn K-뉴딜디지털플러스,368190,주식,1,110,,,,,,,0,18,,,,,,
2026-09-28,KIWOOM 미국방어배당성장나스닥,373790,주식,1,116,,,,,,,1,27,,,,,,
2026-09-28,키움 레버리지 반도체TOP10 ETN,760013,주식,1,19,,,,,,,0,1,,,,,,
2026-09-28,한투 인버스2X코스닥150선물 ETN,570082,주식,1,32,,,,,,,0,11,,,,,,
2026-09-28,삼성 중국 AI 테크 TOP5 TR ETN(H),530142,주식,1,42,,,,,,,0,3,,,,,,
2026-09-28,KoAct 미국치매&뇌질환치료제액티브,490330,주식,1,114,,,,,,,1,41,,,,,,
2026-09-28,타임기술,318660,주식,0,23,,,,,,,0,5,,,,,,
2026-09-28,비에스한양,008690,주식,0,8,,,,,,,0,41,,,,,,
2026-09-28,경남기업,000800,주식,0,15,,,,,,,0,8,,,,,,
2026-09-28,동명스틸,222070,주식,0,5,,,,,,,0,0,,,,,,
2026-09-28,팡스카이,266350,주식,0,21,,,,,,,0,14,,,,,,
2026-09-28,씨브이네트,073960,주식,0,7,,,,,,,0,5,,,,,,
2026-09-28,대동모빌리티,012350,주식,0,22,,,,,,,0,7,,,,,,
2026-09-28,대백저축은행,026970,주식,0,3,,,,,,,0,9,,,,,,
2026-09-28,KIWOOM 블루칩,104520,주식,0,28,,,,,,,0,5,,,,,,
2026-09-28,HANARO Fn K-게임,395280,주식,0,72,,,,,,,0,15,,,,,,
2026-09-28,덕인,446530,주식,0,11,,,,,,,0,2,,,,,,
2026-09-28,동아,012760,주식,0,8,,,,,,,0,83,,,,,,
2026-09-28,다산,015150,주식,0,9,,,,,,,0,11,,,,,,
2026-09-28,서진캠,070340,주식,0,12,,,,,,,1,16,,,,,,
2026-09-28,내일신문,079180,주식,0,7,,,,,,,0,5,,,,,,
2026-09-28,데이터젠,200600,주식,0,24,,,,,,,0,15,,,,,,
2026-09-28,동양2우B,001527,주식,0,63,,,,,,,0,21,,,,,,
2026-09-28,이비테크,208850,주식,0,6,,,,,,,0,1,,,,,,
2026-09-28,잘만테크,090120,주식,0,72,,,,,,,0,48,,,,,,
2026-09-28,지에스엘,166220,주식,0,10,,,,,,,2,12,,,,,,
2026-09-28,SOL KRX300,292500,주식,0,10,,,,,,,0,4,,,,,,
2026-09-28,IBK 코스닥150,0191S0,주식,0,14,,,,,,,0,3,,,,,,
2026-09-28,KB 은 선물 ETN,580078,주식,0,7,,,,,,,0,0,,,,,,
2026-09-28,아이케이세미콘,149010,주식,0,11,,,,,,,0,3,,,,,,
2026-09-28,한투 금선물 ETN,570121,주식,0,1,,,,,,,0,0,,,,,,
2026-09-28,IBK 코스피액티브,0208N0,주식,0,16,,,,,,,0,6,,,,,,
2026-09-28,TREX 펀더멘탈 200,145850,주식,0,9,,,,,,,0,1,,,,,,
2026-09-28,위월드,140660,주식,0,7,,,,,,,0,1,,,,,,
2026-09-28,신비앤텍,070480,주식,0,37,,,,,,,0,31,,,,,,
2026-09-28,대주코레스,008340,주식,0,22,,,,,,,0,14,,,,,,
2026-09-28,엠지캐피탈,046290,주식,0,6,,,,,,,0,41,,,,,,
2026-09-28,마이티 200TR,0112X0,주식,0,8,,,,,,,0,2,,,,,,
2026-09-28,메디젠휴먼케어,236340,주식,0,18,,,,,,,0,20,,,,,,
2026-09-28,FOCUS ESG리더스,285690,주식,0,22,,,,,,,0,1,,,,,,
2026-09-28,PLUS 은채권혼합,0184N0,주식,0,33,,,,,,,0,4,,,,,,
2026-09-28,KODEX 퀄리티Plus,244660,주식,0,10,,,,,,,0,2,,,,,,
2026-09-28,레드우즈,266170,주식,0,9,,,,,,,3,6,,,,,,
2026-09-28,완도전복,110030,주식,0,10,,,,,,,1,22,,,,,,
2026-09-28,엄지하우스,224810,주식,0,8,,,,,,,0,1,,,,,,
2026-09-28,퓨쳐메디신,341170,주식,0,31,,,,,,,2,20,,,,,,
2026-09-28,진흥기업2우B,002787,주식,0,25,,,,,,,0,5,,,,,,
2026-09-28,아이엘로보틱스,403810,주식,0,30,,,,,,,62,9,,,,,,
2026-09-28,KIWOOM 통안채1년,122260,주식,0,11,,,,,,,0,1,,,,,,
2026-09-28,KODEX 최소변동성,279540,주식,0,18,,,,,,,0,1,,,,,,
2026-09-28,PLUS 국채선물3년,298340,주식,0,7,,,,,,,0,2,,,,,,
2026-09-28,디비엘,041500,주식,0,16,,,,,,,0,73,,,,,,
2026-09-28,세메스,042380,주식,0,31,,,,,,,0,23,,,,,,
2026-09-28,럭스피아,092590,주식,0,7,,,,,,,0,4,,,,,,
2026-09-28,케어캠프,052920,주식,0,8,,,,,,,0,0,,,,,,
2026-09-28,아진카인텍,011400,주식,0,106,,,,,,,0,150,,,,,,
2026-09-28,파워 200,152870,주식,0,9,,,,,,,0,2,,,,,,
2026-09-28,비즈플레이,343990,주식,0,24,,,,,,,0,11,,,,,,
2026-09-28,에스테크엠,0070X0,주식,0,1,,,,,,,0,0,,,,,,
2026-09-28,파워 SK그룹,0242S0,주식,0,7,,,,,,,0,1,,,,,,
2026-09-28,DAISHIN K200,434960,주식,0,9,,,,,,,0,1,,,,,,
2026-09-28,엔에스컴퍼니,224760,주식,0,5,,,,,,,0,1,,,,,,
2026-09-28,RISE AI플랫폼,427120,주식,0,73,,,,,,,0,10,,,,,,
2026-09-28,큐라켐,456190,주식,0,2,,,,,,,0,1,,,,,,
2026-09-28,삼보오토,070080,주식,0,83,,,,,,,1,94,,,,,,
2026-09-28,케이조선,067250,주식,0,15,,,,,,,0,13,,,,,,
2026-09-28,HANATOURIST,066400,주식,0,16,,,,,,,0,59,,,,,,
2026-09-28,밀라노부동산,101B95,주식,0,5,,,,,,,1,8,,,,,,
2026-09-28,제주국제컨벤,033480,주식,0,7,,,,,,,0,10,,,,,,
2026-09-28,케이디비생명,087800,주식,0,46,,,,,,,0,125,,,,,,
2026-09-28,범양사,002480,주식,0,4,,,,,,,2,9,,,,,,
2026-09-28,골든블루,123900,주식,0,45,,,,,,,0,32,,,,,,
2026-09-28,키움 조선TOP10 ETN,760017,주식,0,2,,,,,,,0,0,,,,,,
2026-09-28,바이오스펙트럼,298210,주식,0,8,,,,,,,0,8,,,,,,
2026-09-28,에이치디씨영창,001890,주식,0,21,,,,,,,2,60,,,,,,
2026-09-28,익수제약,376580,주식,0,10,,,,,,,37,29,,,,,,
2026-09-28,천지산업,001490,주식,0,6,,,,,,,0,22,,,,,,
2026-09-28,FOCUS 200,0098Z0,주식,0,4,,,,,,,0,2,,,,,,
2026-09-28,대영씨엔이,252980,주식,0,20,,,,,,,0,38,,,,,,
2026-09-28,엔더블유시,059180,주식,0,0,,,,,,,0,1,,,,,,
2026-09-28,판도라티비,202960,주식,0,34,,,,,,,0,7,,,,,,
2026-09-28,RISE 주식혼합,183710,주식,0,14,,,,,,,0,3,,,,,,
2026-09-28,메디칼스탠다드,482390,주식,0,3,,,,,,,0,8,,,,,,
2026-09-28,TIGER 한중반도체(합성),449690,주식,0,24,,,,,,,0,7,,,,,,
2026-09-28,엔드림,236010,주식,0,23,,,,,,,0,2,,,,,,
2026-09-28,하우리,049130,주식,0,19,,,,,,,0,84,,,,,,
2026-09-28,로지스몬,223220,주식,0,13,,,,,,,0,14,,,,,,
2026-09-28,유니포인트,121060,주식,0,6,,,,,,,0,1,,,,,,
2026-09-28,아이엠에셋 200,0007N0,주식,0,10,,,,,,,0,1,,,,,,
2026-09-28,엘에스아이앤디,190410,주식,0,54,,,,,,,1,123,,,,,,
2026-09-28,한투 은선물 ETN,570123,주식,0,2,,,,,,,0,0,,,,,,
2026-09-28,한투 FTSE100 ETN,570047,주식,0,5,,,,,,,0,0,,,,,,
2026-09-28,PLUS 국채선물10년,289670,주식,0,17,,,,,,,0,4,,,,,,
2026-09-28,한국지네틱바이오팜,241140,주식,0,21,,,,,,,0,15,,,,,,
2026-09-28,RISE 우량업종대표주,140580,주식,0,28,,,,,,,0,5,,,,,,
2026-09-28,하나 K방산TOP10 ETN,700033,주식,0,7,,,,,,,0,0,,,,,,
2026-09-28,KB 인버스 은 선물 ETN,580080,주식,0,4,,,,,,,0,1,,,,,,
2026-09-28,뉴온,123840,주식,0,311,,,,,,,0,99,,,,,,
2026-09-28,코셋,189350,주식,0,6,,,,,,,1,5,,,,,,
2026-09-28,태양3C,052960,주식,0,4,,,,,,,0,3,,,,,,
2026-09-28,프리젠,060910,주식,0,4,,,,,,,0,1,,,,,,
2026-09-28,소프트센우,032685,주식,0,57,,,,,,,0,21,,,,,,
2026-09-28,스마트골프,268030,주식,0,34,,,,,,,0,11,,,,,,
2026-09-28,씨앤에스링크,245450,주식,0,1,,,,,,,0,2,,,,,,
2026-09-28,이성씨엔아이,379390,주식,0,4,,,,,,,0,1,,,,,,
2026-09-28,환영철강공업,012670,주식,0,12,,,,,,,0,22,,,,,,
2026-09-28,휘라포토닉스,056880,주식,0,11,,,,,,,0,56,,,,,,
2026-09-28,키움 KPOP ETN,760006,주식,0,3,,,,,,,0,0,,,,,,
2026-09-28,KODEX 밸류Plus,244670,주식,0,52,,,,,,,0,14,,,,,,
2026-09-28,마이크로엔엑스,448780,주식,0,8,,,,,,,0,4,,,,,,
2026-09-28,지앤이헬스케어,299480,주식,0,5,,,,,,,0,2,,,,,,
2026-09-28,가이아코퍼레이션,296520,주식,0,9,,,,,,,0,1,,,,,,
2026-09-28,HANARO Fn골프테마,407300,주식,0,38,,,,,,,0,10,,,,,,
2026-09-28,셀릭스,074750,주식,0,25,,,,,,,0,12,,,,,,
2026-09-28,IBK 200,472840,주식,0,9,,,,,,,0,2,,,,,,
2026-09-28,TREX 200,108590,주식,0,11,,,,,,,0,2,,,,,,
2026-09-28,엘티삼보,011870,주식,0,10,,,,,,,0,5,,,,,,
2026-09-28,대주이엔티,114920,주식,0,4,,,,,,,1,5,,,,,,
2026-09-28,에이펙스인텍,207490,주식,0,3,,,,,,,0,1,,,,,,
2026-09-28,오리엔트전자,038520,주식,0,10,,,,,,,0,63,,,,,,
2026-09-28,오션스바이오,332190,주식,0,3,,,,,,,0,1,,,,,,
2026-09-28,HANARO KRX300,304760,주식,0,7,,,,,,,0,3,,,,,,
2026-09-28,미라콤아이앤씨,080640,주식,0,23,,,,,,,0,4,,,,,,
2026-09-28,에이에프더블류,312610,주식,0,568,,,,,,,0,114,,,,,,
2026-09-28,KODEX 모멘텀Plus,244620,주식,0,41,,,,,,,0,13,,,,,,
2026-09-28,디에이테크놀로지,196490,주식,0,1775,,,,,,,0,432,,,,,,
2026-09-28,RISE 국채선물10년,295000,주식,0,19,,,,,,,0,3,,,,,,
2026-09-28,블루탑,191600,주식,0,2,,,,,,,0,2,,,,,,
2026-09-28,시큐아이,066290,주식,0,29,,,,,,,0,26,,,,,,
2026-09-28,엔피엑스,222160,주식,0,3992,,,,,,,7,569,,,,,,
2026-09-28,태양기계,116100,주식,0,9,,,,,,,4,6,,,,,,
2026-09-28,대동고려삼,178600,주식,0,4,,,,,,,0,7,,,,,,
2026-09-28,진흥기업우B,002785,주식,0,55,,,,,,,0,13,,,,,,
2026-09-28,광동헬스바이오,086220,주식,0,15,,,,,,,1,10,,,,,,
2026-09-28,제노텍,066830,주식,0,8,,,,,,,0,5,,,,,,
2026-09-28,코엔스,099620,주식,0,14,,,,,,,0,6,,,,,,
2026-09-28,FOCUS 알리바바미국채커버드콜혼합,0073X0,주식,0,39,,,,,,,0,13,,,,,,
2026-09-28,SOL 차이나강소기업CSI500(합성 H),220130,주식,0,44,,,,,,,1,14,,,,,,
2026-09-28,KB S&P 레버리지 WTI원유 선물 ETN B,580068,주식,0,4,,,,,,,0,3,,,,,,
2026-09-28,KB 레버리지 미국 S&P500 선물 ETN B,580083,주식,0,2,,,,,,,0,0,,,,,,
2026-09-28,메리츠 KAP 인버스 2X 일본 엔화 ETN,610070,주식,0,1,,,,,,,0,0,,,,,,
2026-09-28,미래에셋 레버리지 미국 AI TOP3 ETN,520073,주식,0,5,,,,,,,0,0,,,,,,
2026-09-28,미래에셋 미국 자율주행대표기업 ETN,520082,주식,0,3,,,,,,,0,0,,,,,,
2026-09-28,삼성 레버리지 미국다우존스 선물 ETN,530128,주식,0,4,,,,,,,0,0,,,,,,
2026-09-28,HANARO 글로벌탄소배출권선물ICE(합성),401590,주식,0,64,,,,,,,0,18,,,,,,
2026-09-28,에셋플러스 인도일등기업포커스20액티브,0002C0,주식,0,37,,,,,,,0,13,,,,,,
2026-09-28,ACE 5월만기자동연장회사채AA-이상액티브,475270,주식,0,18,,,,,,,0,3,,,,,,
2026-09-28,미래에셋-0.5X S&P500 VIX S/T선물 ETN(H)B,520086,주식,0,8,,,,,,,0,1,,,,,,
2026-09-28,에어미디어,037890,주식,0,4,,,,,,,0,25,,,,,,
2026-09-28,우성아이비,194610,주식,0,65,,,,,,,0,36,,,,,,
2026-09-28,엔지브이아이,093510,주식,0,8,,,,,,,0,2,,,,,,
2026-09-28,TIGER 200 산업재,227550,주식,0,83,,,,,,,0,10,,,,,,
2026-09-28,TIGER BBIG레버리지,412560,주식,0,23,,,,,,,0,6,,,,,,
2026-09-28,동화일렉트로라이트,136790,주식,0,77,,,,,,,0,25,,,,,,
2026-09-28,엠소닉,008120,주식,0,16,,,,,,,0,49,,,,,,
2026-09-28,골드앤에스,035290,주식,0,349,,,,,,,0,95,,,,,,
2026-09-28,마이다스IT,050480,주식,0,29,,,,,,,0,10,,,,,,
2026-09-28,셀인바이오,179690,주식,0,23,,,,,,,0,12,,,,,,
2026-09-28,더콘텐츠온,302920,주식,0,3,,,,,,,0,2,,,,,,
2026-09-28,신영씨앤디,002470,주식,0,12,,,,,,,0,73,,,,,,
2026-09-28,에스제이켐,217910,주식,0,14,,,,,,,24,11,,,,,,
2026-09-28,신세계톰보이,012580,주식,0,59,,,,,,,0,41,,,,,,
2026-09-28,KODEX 콩선물(H),138920,주식,0,65,,,,,,,0,17,,,,,,
2026-09-28,볼빅,206950,주식,0,12,,,,,,,0,7,,,,,,
2026-09-28,드림텍,043500,주식,0,10,,,,,,,0,7,,,,,,
2026-09-28,교육혁명,201150,주식,0,13,,,,,,,0,11,,,,,,
2026-09-28,엠텍비젼,206300,주식,0,58,,,,,,,0,75,,,,,,
2026-09-28,동우당제약,105700,주식,0,5,,,,,,,0,2,,,,,,
2026-09-28,스태리그룹,401120,주식,0,12,,,,,,,0,1,,,,,,
2026-09-28,케이아이티,040100,주식,0,16,,,,,,,0,31,,,,,,
2026-09-28,동양건설산업,005900,주식,0,29,,,,,,,0,22,,,,,,
2026-09-28,에스피반도체,036150,주식,0,16,,,,,,,1,10,,,,,,
2026-09-28,코리아로터리,020920,주식,0,9,,,,,,,0,29,,,,,,
2026-09-28,케이알투자증권,049500,주식,0,13,,,,,,,0,12,,,,,,
2026-09-28,하나 반도체 ETN,700027,주식,0,4,,,,,,,0,0,,,,,,
2026-09-28,RISE 국채선물3년,432600,주식,0,13,,,,,,,0,0,,,,,,
2026-09-28,타이드,346010,주식,0,3,,,,,,,0,2,,,,,,
2026-09-28,탈로스,434190,주식,0,13,,,,,,,0,6,,,,,,
2026-09-28,에스코어,114290,주식,0,12,,,,,,,0,17,,,,,,
2026-09-28,와이콘즈,459870,주식,0,11,,,,,,,0,1,,,,,,
2026-09-28,일정실업,008500,주식,0,87,,,,,,,5,19,,,,,,
2026-09-28,뉴젠홀딩스,227680,주식,0,50,,,,,,,3,18,,,,,,
2026-09-28,BNK 스마트카,0218K0,주식,0,8,,,,,,,0,4,,,,,,
2026-09-28,티맥스소프트,072610,주식,0,65,,,,,,,1,40,,,,,,
2026-09-28,PLUS 주도업종,280920,주식,0,22,,,,,,,0,5,,,,,,
2026-09-28,KODEX 멀티팩터,337120,주식,0,13,,,,,,,0,1,,,,,,
2026-09-28,메디안디노스틱,233250,주식,0,14,,,,,,,1,4,,,,,,
2026-09-28,신한 콩 선물 ETN(H),500023,주식,0,2,,,,,,,0,0,,,,,,
2026-09-28,N2 전력인프라 Top5 ETN,550093,주식,0,6,,,,,,,0,0,,,,,,
2026-09-28,성원,015200,주식,0,97,,,,,,,0,113,,,,,,
2026-09-28,코잇,146930,주식,0,9,,,,,,,0,0,,,,,,
2026-09-28,HK 200,491700,주식,0,8,,,,,,,0,1,,,,,,
2026-09-28,루트락,253610,주식,0,20,,,,,,,0,11,,,,,,
2026-09-28,썬테크,217320,주식,0,6,,,,,,,0,3,,,,,,
2026-09-28,투에버,061610,주식,0,36,,,,,,,0,46,,,,,,
2026-09-28,동진건설,026710,주식,0,1,,,,,,,0,17,,,,,,
2026-09-28,SG신성건설,001970,주식,0,4,,,,,,,0,13,,,,,,
2026-09-28,WON AI ESG액티브,413930,주식,0,19,,,,,,,0,6,,,,,,
2026-09-28,HK S&P코리아로우볼,215620,주식,0,6,,,,,,,0,2,,,,,,
2026-09-28,RISE 200선물인버스,252410,주식,0,27,,,,,,,0,3,,,,,,
2026-09-28,WON 중단기종합채권(A-이상)액티브,0203R0,주식,0,4,,,,,,,0,0,,,,,,
2026-09-28,메리츠 인버스 3X 일본 국채 10년 ETN,610093,주식,0,1,,,,,,,0,0,,,,,,
2026-09-28,KB 국민참여형 국민성장 혼합자산 C-Oe,900004,주식,0,0,,,,,,,0,1,,,,,,
2026-09-28,미래에셋 2X 미국 자율주행대표기업 ETN,520083,주식,0,5,,,,,,,0,1,,,,,,
2026-09-28,N2 미국 IT TOP5 ETN(H),550041,주식,0,5,,,,,,,0,0,,,,,,
2026-09-28,삼성 나스닥 100 TR ETN,530120,주식,0,6,,,,,,,0,0,,,,,,
2026-09-28,PLUS 글로벌MSCI(합성 H),189400,주식,0,53,,,,,,,0,10,,,,,,
2026-09-28,KIWOOM 단기채권ESG액티브,419890,주식,0,10,,,,,,,0,2,,,,,,
2026-09-28,N2 레버리지 국채10년 ETN,550095,주식,0,1,,,,,,,0,0,,,,,,
2026-09-28,대신 KOSPI200인덱스 X클래스,0106J0,주식,0,22,,,,,,,0,4,,,,,,
2026-09-28,미래에셋 미국 제약 TOP3 ETN,520078,주식,0,6,,,,,,,0,1,,,,,,
2026-09-28,KB 레버리지 구리 선물 ETN(H),580032,주식,0,8,,,,,,,0,0,,,,,,
2026-09-28,파워 종합채권(AA-이상)액티브,498180,주식,0,3,,,,,,,0,1,,,,,,
2026-09-28,한투 인버스2X나스닥100 ETN B,570103,주식,0,17,,,,,,,0,2,,,,,,
2026-09-28,KODEX 미국S&P500버퍼6월액티브,0068M0,주식,0,22,,,,,,,0,0,,,,,,
2026-09-28,키움 레버리지 2차전지산업 ETN,760011,주식,0,11,,,,,,,0,1,,,,,,
2026-09-28,KODEX 코리아TDF2065액티브 적격,0231Z0,주식,0,44,,,,,,,0,8,,,,,,
2026-09-28,TIGER 차이나CSI300인버스(합성),217780,주식,0,27,,,,,,,1,6,,,,,,
2026-09-28,룩셈부르크코어오피스(파생형)(A),102B96,주식,0,3,,,,,,,0,1,,,,,,
2026-09-28,미래에셋 인버스 2X 은 선물 ETN B,520093,주식,0,20,,,,,,,0,2,,,,,,
2026-09-28,메리츠 레버리지 멕시코 페소화 ETN,610081,주식,0,1,,,,,,,0,0,,,,,,
2026-09-28,키움히어로즈유럽오피스부동산3호 A,205B98,주식,0,1,,,,,,,0,0,,,,,,
2026-09-28,메리츠 미국 인플레이션 국채 ETN(H),610003,주식,0,6,,,,,,,0,0,,,,,,
2026-09-28,메리츠 인버스 2X 미국채10년 ETN(H),610025,주식,0,2,,,,,,,0,0,,,,,,
2026-09-28,코레이트하이일드공모주만기형3호 A2,400009,주식,0,0,,,,,,,4,1,,,,,,
2026-09-28,KB 인버스 2X 미국 S&P500 선물 ETN B,580084,주식,0,1,,,,,,,0,0,,,,,,
2026-09-28,HANARO 200 TOP10,407310,주식,0,38,,,,,,,0,6,,,,,,
2026-09-28,미래엔에듀파트너,208890,주식,0,5,,,,,,,0,2,,,,,,
2026-09-28,BNK 주주가치액티브,445690,주식,0,15,,,,,,,0,5,,,,,,
2026-09-28,MIDAS 중소형액티브,438740,주식,0,6,,,,,,,0,3,,,,,,
2026-09-28,메리츠 국채3년 ETN,610045,주식,0,1,,,,,,,0,0,,,,,,
2026-09-28,키움 바이오TOP10 ETN,760014,주식,0,5,,,,,,,0,1,,,,,,
2026-09-28,파워 K-주주가치액티브,491510,주식,0,10,,,,,,,0,7,,,,,,
2026-09-28,비트로시스 농업회사법인,066870,주식,0,10,,,,,,,0,6,,,,,,
2026-09-28,메리츠 일본 국채 10년 ETN,610090,주식,0,3,,,,,,,0,0,,,,,,
2026-09-28,HANARO KOFR금리액티브(합성),453060,주식,0,7,,,,,,,0,1,,,,,,
2026-09-28,1Q 중단기회사채(A-이상)액티브,0052T0,주식,0,8,,,,,,,0,1,,,,,,
2026-09-28,마이티 신약포커스바이오액티브,0229F0,주식,0,6,,,,,,,0,4,,,,,,
2026-09-28,삼성 코스피 양매도 5% OTM ETN,530060,주식,0,4,,,,,,,0,0,,,,,,
2026-09-28,RISE 미국장기국채선물인버스(H),267450,주식,0,11,,,,,,,0,0,,,,,,
2026-09-28,신한 인버스 2X S&P500 선물 ETN,500051,주식,0,9,,,,,,,0,2,,,,,,
2026-09-28,한투 레버리지S&P500선물 ETN(H),570022,주식,0,10,,,,,,,0,0,,,,,,
2026-09-28,IBK 중기종합채권(AA-이상)액티브,0135Y0,주식,0,3,,,,,,,0,0,,,,,,
2026-09-28,SOL 중기종합채권(AA-이상)액티브,0141T0,주식,0,7,,,,,,,0,0,,,,,,
2026-09-28,삼성 레버리지 나스닥 100 TR ETN,530115,주식,0,8,,,,,,,0,0,,,,,,
2026-09-28,삼성 인버스 코스닥 150 선물 ETN,530094,주식,0,1,,,,,,,0,0,,,,,,
2026-09-28,삼성 중국 자동차 TOP5 TR ETN(H),530141,주식,0,9,,,,,,,0,0,,,,,,
2026-09-28,한투 인버스2X엔달러 선물 ETN(H),570099,주식,0,1,,,,,,,0,0,,,,,,
2026-09-28,키움 전력 TOP5 ETN,760025,주식,0,12,,,,,,,0,2,,,,,,
2026-09-28,KB BYD 밸류체인 ETN,580074,주식,0,2,,,,,,,0,0,,,,,,
2026-09-28,KB 화웨이 밸류체인 ETN,580072,주식,0,1,,,,,,,0,0,,,,,,
2026-09-28,유경공모부동산3호ClassA,601BA2,주식,0,5,,,,,,,0,1,,,,,,
2026-09-28,KODEX 국채선물10년인버스,176950,주식,0,5,,,,,,,0,0,,,,,,
2026-09-28,WON 한국부동산TOP3플러스,480460,주식,0,44,,,,,,,0,8,,,,,,
2026-09-28,메리츠 인플레이션 국채 ETN,610001,주식,0,5,,,,,,,0,1,,,,,,
2026-09-28,삼성 인버스 2X 은 선물 ETN,530143,주식,0,4,,,,,,,0,1,,,,,,
2026-09-28,한투 코스피양매도3%OTM ETN,570029,주식,0,4,,,,,,,0,1,,,,,,
2026-09-28,메리츠 천연가스 선물 ETN(H),610094,주식,0,10,,,,,,,0,0,,,,,,
2026-09-28,한투 3X레버리지국채30년 ETN,570110,주식,0,1,,,,,,,0,1,,,,,,
2026-09-28,1Q 코스닥150채권혼합50액티브,0186S0,주식,0,64,,,,,,,0,8,,,,,,
2026-09-28,TIGER MSCI KOREA ESG유니버설,289250,주식,0,28,,,,,,,0,3,,,,,,
2026-09-28,메리츠 인버스 국채30년 ETN B,610106,주식,0,1,,,,,,,0,0,,,,,,
2026-09-28,키움 인버스 2X K방산 TOP5 ETN,760024,주식,0,3,,,,,,,0,0,,,,,,
2026-09-28,한투 유럽탄소배출권선물 ETN(H),570074,주식,0,4,,,,,,,0,0,,,,,,
2026-09-28,한투 인버스일본니케이225선물 ETN(H),570105,주식,0,7,,,,,,,0,0,,,,,,
2026-09-28,SOL KIS단기통안채,363510,주식,0,5,,,,,,,0,1,,,,,,
2026-09-28,TIGER 코스피중형주,277650,주식,0,26,,,,,,,0,10,,,,,,
2026-09-28,PLUS 중형주저변동50,266550,주식,0,12,,,,,,,0,2,,,,,,
2026-09-28,한투 S&P500선물 ETN,570050,주식,0,1,,,,,,,0,0,,,,,,
2026-09-28,SOL 차이나소비트렌드,0131A0,주식,0,15,,,,,,,0,4,,,,,,
2026-09-28,키움 2차전지산업 ETN,760010,주식,0,2,,,,,,,0,0,,,,,,
2026-09-28,HK 베스트일레븐액티브,391670,주식,0,18,,,,,,,0,6,,,,,,
2026-09-28,한국투자뉴욕오피스1호,101B9A,주식,0,7,,,,,,,0,10,,,,,,
2026-09-28,BNK 미래전략기술액티브,457930,주식,0,13,,,,,,,0,0,,,,,,
2026-09-28,1Q 단기특수은행채액티브,0131W0,주식,0,7,,,,,,,0,1,,,,,,
2026-09-28,KB 인도 디지털 Select 5 ETN,580067,주식,0,1,,,,,,,0,0,,,,,,
2026-09-28,N2 레버리지 코스닥150 선물 ETN,550097,주식,0,6,,,,,,,0,0,,,,,,
2026-09-28,N2 인버스 2X 천연가스 선물 ETN,550100,주식,0,1,,,,,,,0,0,,,,,,
2026-09-28,키움 코스피200 선물 달러노출 ETN,760021,주식,0,0,,,,,,,0,1,,,,,,
2026-09-28,키움히어로즈유럽오피스부동산1호 A,201B98,주식,0,1,,,,,,,0,1,,,,,,
2026-09-28,삼성 레버리지 항셍테크 TR ETN(H) B,530119,주식,0,3,,,,,,,0,0,,,,,,
2026-09-28,ACE 미국빅테크TOP7 Plus인버스(합성),465620,주식,0,23,,,,,,,0,2,,,,,,
2026-09-28,KIWOOM 미국달러SOFR금리액티브(합성),460270,주식,0,28,,,,,,,0,2,,,,,,
2026-09-28,하나 인버스 2X 천연가스 선물 ETN(H),700032,주식,0,2,,,,,,,0,1,,,,,,
2026-09-28,메리츠 인버스2X 미국채30년 스트립 ETN(H),610086,주식,0,1,,,,,,,0,1,,,,,,
2026-09-28,HANARO 농업융복합산업,314700,주식,0,48,,,,,,,0,5,,,,,,
2026-09-28,HANARO 탄소효율그린뉴딜,375760,주식,0,34,,,,,,,0,6,,,,,,
2026-09-28,KB 레버리지 밀 선물 ETN,580051,주식,0,20,,,,,,,0,1,,,,,,
2026-09-28,메리츠 멕시코 페소화 ETN,610080,주식,0,2,,,,,,,0,0,,,,,,
2026-09-28,RISE 차이나H선물인버스(H),291680,주식,0,5,,,,,,,0,0,,,,,,
2026-09-28,메리츠 인버스 국채5년 ETN,610051,주식,0,1,,,,,,,0,0,,,,,,
2026-09-28,TRUSTON 코리아밸류업액티브,496130,주식,0,19,,,,,,,0,10,,,,,,
2026-09-28,KB 차이나 대형주 CSI 300 ETN,580048,주식,0,2,,,,,,,0,1,,,,,,
2026-09-28,하나 레버리지 콩 선물 ETN(H),700013,주식,0,2,,,,,,,0,0,,,,,,
2026-09-28,미래에셋 -2X 미국 AI TOP3 ETN,520085,주식,0,4,,,,,,,0,1,,,,,,
2026-09-28,한투 인버스2X플래티넘선물 ETN,570070,주식,0,5,,,,,,,0,2,,,,,,
2026-09-28,신한 S&P500 VIX S/T 선물 ETN E,500095,주식,0,5,,,,,,,0,1,,,,,,
2026-09-28,메리츠 인버스 3X 미국채30년 ETN,610079,주식,0,2,,,,,,,0,0,,,,,,
2026-09-28,미래에셋 미국 방위산업 TOP3 ETN,520074,주식,0,5,,,,,,,0,0,,,,,,
2026-09-28,신한 레버리지 미국달러 선물 ETN,500035,주식,0,4,,,,,,,0,1,,,,,,
2026-09-28,한투 인버스2X천연가스선물 ETN B,570118,주식,0,9,,,,,,,0,2,,,,,,
2026-09-28,신한 레버리지 Russell 2000 ETN B,500097,주식,0,2,,,,,,,0,1,,,,,,
2026-09-28,HK 머니마켓액티브,0113P0,주식,0,2,,,,,,,0,0,,,,,,
2026-09-28,KODEX 200동일가중,252650,주식,0,38,,,,,,,0,5,,,,,,
2026-09-28,HANARO 200선물인버스,306520,주식,0,16,,,,,,,0,0,,,,,,
2026-09-28,디더블유미디어홀딩스,184560,주식,0,13,,,,,,,0,11,,,,,,
2026-09-28,TIGER 경기방어채권혼합,237440,주식,0,42,,,,,,,0,3,,,,,,
2026-09-28,신한 코스닥 150 TR ETN,500086,주식,0,1,,,,,,,0,0,,,,,,
2026-09-28,한투 엔달러선물 ETN(H),570097,주식,0,18,,,,,,,0,1,,,,,,
2026-09-28,KB 레버리지 은 선물 ETN,580079,주식,0,6,,,,,,,0,0,,,,,,
2026-09-28,키움 미국달러선물 ETN B,760018,주식,0,2,,,,,,,0,0,,,,,,
2026-09-28,한투 인버스2X구리선물 ETN,570073,주식,0,4,,,,,,,0,0,,,,,,
2026-09-28,KB 차이나 중형주 CSI 500 ETN,580049,주식,0,2,,,,,,,0,0,,,,,,
2026-09-28,PLUS 종합채권(AA-이상)액티브,451000,주식,0,13,,,,,,,0,1,,,,,,
2026-09-28,키움 레버리지 K방산 TOP5 ETN,760023,주식,0,11,,,,,,,0,0,,,,,,
2026-09-28,키움 인버스 미국달러선물 ETN,760004,주식,0,1,,,,,,,0,0,,,,,,
2026-09-28,KoAct 글로벌K컬처밸류체인액티브,0132D0,주식,0,53,,,,,,,0,11,,,,,,
2026-09-28,메리츠 미국채30년 스트립 ETN(H),610084,주식,0,1,,,,,,,0,0,,,,,,
2026-09-28,신한 블룸버그 천연가스 선물 ETN,500101,주식,0,2,,,,,,,0,0,,,,,,
2026-09-28,메리츠 인버스 2X 구리 선물 ETN(H),610029,주식,0,5,,,,,,,0,0,,,,,,
2026-09-28,신한 인버스2X 천연가스 선물 ETN B,500096,주식,0,7,,,,,,,0,1,,,,,,
2026-09-28,하나 인버스 2X 코스닥150 선물 ETN,700018,주식,0,6,,,,,,,0,0,,,,,,
2026-09-28,한투 인버스2X유로스탁스50 ETN(H) B,570092,주식,0,6,,,,,,,0,0,,,,,,
2026-09-28,삼성 인버스 2X 항셍테크 TR ETN(H) B,530122,주식,0,5,,,,,,,0,1,,,,,,
2026-09-28,미래에셋 레버리지 코스닥150 선물 ETN,520056,주식,0,13,,,,,,,0,3,,,,,,
2026-09-28,KB 솔랙티브 레버리지 천연가스 선물 ETN,580086,주식,0,2,,,,,,,0,0,,,,,,
2026-09-28,TIGER 12월자동연장금융채(AA-이상)액티브,0139F0,주식,0,11,,,,,,,0,1,,,,,,
2026-09-28,삼성 인버스0.5X S&P500 VIX S/T선물 ETN B,530131,주식,0,7,,,,,,,0,0,,,,,,
2026-09-28,피케이밸브앤엔지니어링,084820,주식,0,29,,,,,,,0,8,,,,,,
2026-09-28,KIWOOM 국고채10년레버리지,167860,주식,0,19,,,,,,,0,1,,,,,,
2026-09-28,키움 모험자본창업투자 ETN,760032,주식,0,1,,,,,,,0,0,,,,,,
2026-09-28,TIGER 200커뮤니케이션서비스,315270,주식,0,54,,,,,,,0,15,,,,,,
2026-09-28,메리츠 인버스 3X 국채30년 ETN,610062,주식,0,4,,,,,,,0,1,,,,,,
2026-09-28,메리츠 3X 레버리지 국채3년 ETN,610055,주식,0,1,,,,,,,0,0,,,,,,
2026-09-28,PLUS 중기종합채권(A-이상)액티브,0184L0,주식,0,3,,,,,,,0,1,,,,,,
2026-09-28,메리츠 인버스 미국채30년 ETN(H),610039,주식,0,1,,,,,,,0,0,,,,,,
2026-09-28,에셋플러스 글로벌영에이지액티브,451150,주식,0,13,,,,,,,0,1,,,,,,
2026-09-28,하나 레버리지 옥수수 선물 ETN(H),700011,주식,0,3,,,,,,,0,0,,,,,,
2026-09-28,KB S&P 유럽탄소배출권 선물 ETN(H),580035,주식,0,1,,,,,,,0,0,,,,,,
2026-09-28,PLUS SK하이닉스샌디스크채권혼합50,0226A0,주식,0,51,,,,,,,0,16,,,,,,
2026-09-28,1Q 현대차그룹채권(A+이상)&국고통안,492500,주식,0,24,,,,,,,0,6,,,,,,
2026-09-28,KB 국민참여형 국민성장 혼합자산 C-O,900003,주식,0,0,,,,,,,0,1,,,,,,
2026-09-28,KB 레버리지 미국 나스닥 100 TR ETN B,580076,주식,0,2,,,,,,,0,0,,,,,,
2026-09-28,하나 S&P 레버리지 WTI원유 선물 ETN B,700029,주식,0,5,,,,,,,0,1,,,,,,
2026-09-28,한투 레버리지일본니케이225선물 ETN(H),570106,주식,0,3,,,,,,,0,0,,,,,,
2026-09-28,한투 인버스2X일본니케이225선물 ETN(H),570107,주식,0,17,,,,,,,0,1,,,,,,
2026-09-28,ACE 8월만기자동연장회사채AA-이상액티브,475280,주식,0,21,,,,,,,0,8,,,,,,
2026-09-28,메리츠 레버리지 미국채30년 스트립 ETN(H),610085,주식,0,3,,,,,,,0,0,,,,,,
2026-09-28,메리츠 인버스 2X 대표 농산물 선물 ETN(H),610036,주식,0,3,,,,,,,0,2,,,,,,
2026-09-28,신한 금 선물 ETN,500100,주식,0,9,,,,,,,0,1,,,,,,
2026-09-28,TIGER 200동일가중,252000,주식,0,21,,,,,,,0,6,,,,,,
2026-09-28,메리츠 국채10년 ETN,610018,주식,0,1,,,,,,,0,0,,,,,,
2026-09-28,PLUS ESG가치주액티브,395750,주식,0,48,,,,,,,0,4,,,,,,
2026-09-28,PLUS ESG성장주액티브,395760,주식,0,47,,,,,,,0,6,,,,,,
2026-09-28,RISE 미국우주위성통신,0227K0,주식,0,43,,,,,,,0,4,,,,,,
2026-09-28,메리츠 은 선물 ETN(H),610099,주식,0,3,,,,,,,0,0,,,,,,
2026-09-28,한투 일본엔선물 ETN C,570094,주식,0,5,,,,,,,0,1,,,,,,
2026-09-28,키움 코스닥 150 TR ETN,760008,주식,0,6,,,,,,,0,1,,,,,,
2026-09-28,RISE 미국달러선물인버스,469530,주식,0,10,,,,,,,0,1,,,,,,
2026-09-28,한투 인버스2X은선물 ETN,570119,주식,0,2,,,,,,,0,0,,,,,,
2026-09-28,DAISHIN 오피스리츠플러스,0174J0,주식,0,14,,,,,,,0,1,,,,,,
2026-09-28,삼성 코리아 밸류업 TR ETN,530126,주식,0,1,,,,,,,0,0,,,,,,
2026-09-28,삼성 인버스 구리 선물 ETN(H),530096,주식,0,5,,,,,,,0,0,,,,,,
2026-09-28,신한 33-12 국고채 플러스 ETN,500091,주식,0,0,,,,,,,0,1,,,,,,
2026-09-28,RISE 미국반도체인버스(합성 H),491630,주식,0,28,,,,,,,0,3,,,,,,
2026-09-28,삼성 KRX 2차전지 TOP10 TR ETN,530137,주식,0,4,,,,,,,0,2,,,,,,
2026-09-28,삼성 레버리지 S&P500 선물 ETN,530113,주식,0,2,,,,,,,0,0,,,,,,
2026-09-28,하나 인버스 2X 콩 선물 ETN(H),700014,주식,0,2,,,,,,,0,0,,,,,,
2026-09-28,삼성 블룸버그 WTI원유 선물 ETN B,530132,주식,0,3,,,,,,,0,0,,,,,,
2026-09-28,KB 레버리지 항셍테크 선물 ETN(H) B,580047,주식,0,5,,,,,,,0,0,,,,,,
2026-09-28,대신 인버스 2X 코스닥 150 선물 ETN,510027,주식,0,4,,,,,,,0,0,,,,,,
2026-09-28,키움 K방산 TOP5 ETN,760022,주식,0,18,,,,,,,0,0,,,,,,
2026-09-28,ACE Fn성장소비주도주,226380,주식,0,58,,,,,,,0,10,,,,,,
2026-09-28,ACE MSCI필리핀(합성),261920,주식,0,42,,,,,,,0,14,,,,,,
2026-09-28,HANARO MSCI Korea TR,332940,주식,0,22,,,,,,,0,2,,,,,,
2026-09-28,KB 코스닥 150 TR ETN,580065,주식,0,8,,,,,,,0,4,,,,,,
2026-09-28,메리츠 미국채10년 ETN,610074,주식,0,1,,,,,,,0,0,,,,,,
2026-09-28,삼성 구리 선물 ETN(H),530095,주식,0,12,,,,,,,0,0,,,,,,
2026-09-28,삼성 코스닥 150 TR ETN,530118,주식,0,14,,,,,,,0,4,,,,,,
2026-09-28,KB 인버스 2X 콩 선물 ETN,580054,주식,0,3,,,,,,,0,0,,,,,,
2026-09-28,WON 국공채머니마켓액티브,458030,주식,0,12,,,,,,,0,2,,,,,,
2026-09-28,WON 대한민국국고채액티브,426150,주식,0,15,,,,,,,0,2,,,,,,
2026-09-28,TIGER 미국소비트렌드액티브,0015K0,주식,0,47,,,,,,,0,7,,,,,,
2026-09-28,WON 종합채권(AA-이상)액티브,488720,주식,0,7,,,,,,,0,1,,,,,,
2026-09-28,마이티 AI데이터센터밸류체인,0222F0,주식,0,10,,,,,,,0,4,,,,,,
2026-09-28,N2 레버리지 구리 선물 ETN(H),550069,주식,0,3,,,,,,,0,0,,,,,,
2026-09-28,하나 레버리지 K방산TOP10 ETN,700034,주식,0,4,,,,,,,0,0,,,,,,
2026-09-28,한투 레버리지엔달러선물 ETN(H),570098,주식,0,3,,,,,,,0,3,,,,,,
2026-09-28,메리츠 레버리지 구리 선물 ETN(H),610028,주식,0,6,,,,,,,0,0,,,,,,
2026-09-28,하나 인버스 2X 옥수수 선물 ETN(H),700012,주식,0,1,,,,,,,0,0,,,,,,
2026-09-28,미래에셋 CAPE 실러 US Core Sector ETN,520089,주식,0,3,,,,,,,0,0,,,,,,
2026-09-28,신한 레버리지 코스닥 150 선물 ETN,500071,주식,0,5,,,,,,,1,1,,,,,,
2026-09-28,KB 인버스 2X 미국 나스닥 100 TR ETN B,580077,주식,0,2,,,,,,,0,0,,,,,,
2026-09-28,메리츠 3X 레버리지 일본 국채 10년 ETN,610091,주식,0,1,,,,,,,0,0,,,,,,
2026-09-28,메리츠 인버스 2X 천연가스 선물 ETN(H),610096,주식,0,4,,,,,,,0,0,,,,,,
2026-09-28,미래에셋 -2X 미국 자율주행대표기업 ETN,520084,주식,0,4,,,,,,,0,0,,,,,,
2026-09-28,KIWOOM 엔비디아미국30년국채혼합액티브(H),0015E0,주식,0,84,,,,,,,0,9,,,,,,
2026-09-28,메리츠 솔랙티브 인버스 2X 금 선물 ETN(H),610104,주식,0,0,,,,,,,0,1,,,,,,
2026-09-28,MIDAS 머니마켓액티브,0232A0,주식,0,0,,,,,,,0,1,,,,,,
2026-09-28,DAISHIN 금융&지주고배당,0189Z0,주식,0,18,,,,,,,0,5,,,,,,
2026-09-28,UNICORN 포스트IPO액티브,476000,주식,0,11,,,,,,,0,5,,,,,,
2026-09-28,N2 레버리지 국채30년 ETN,550096,주식,0,1,,,,,,,0,0,,,,,,
2026-09-28,메리츠 미국채30년 ETN(H),610037,주식,0,5,,,,,,,0,0,,,,,,
2026-09-28,KIWOOM CD금리액티브(합성),458210,주식,0,18,,,,,,,0,1,,,,,,
2026-09-28,PLUS 심천차이넥스트(합성),256450,주식,0,53,,,,,,,0,18,,,,,,
2026-09-28,신한 인버스 콩 선물 ETN(H),500024,주식,0,4,,,,,,,0,0,,,,,,
2026-09-28,KODEX MSCI KOREA ESG유니버설,289040,주식,0,24,,,,,,,0,4,,,,,,
2026-09-28,신한 인버스 2X 구리 선물 ETN,500041,주식,0,9,,,,,,,0,3,,,,,,
2026-09-28,신한 인버스 2X 은 선물 ETN(H),500030,주식,0,17,,,,,,,0,11,,,,,,
2026-09-28,HK 26-12 회사채(AA-이상)액티브,0000Y0,주식,0,2,,,,,,,0,1,,,,,,
2026-09-28,KB 레버리지 FANG 플러스 ETN(H),580034,주식,0,4,,,,,,,0,0,,,,,,
2026-09-28,PLUS 스마트베타Quality채권혼합,238670,주식,0,9,,,,,,,0,2,,,,,,
2026-09-28,RISE 미국S&P500엔화노출(합성 H),0005C0,주식,0,41,,,,,,,0,9,,,,,,
2026-09-28,메리츠 인버스 3X 미국채10년 ETN,610076,주식,0,1,,,,,,,0,0,,,,,,
2026-09-28,한투 솔랙티브인버스2X금선물 ETN,570126,주식,0,0,,,,,,,0,1,,,,,,
2026-09-28,KB 인버스 2X KOSPI 200 선물 ETN B,580088,주식,0,3,,,,,,,0,1,,,,,,
2026-09-28,PLUS 미국달러SOFR금리액티브(합성),456200,주식,0,18,,,,,,,0,3,,,,,,
2026-09-28,미래에셋 레버리지 옥수수 선물 ETN,520046,주식,0,19,,,,,,,0,2,,,,,,
2026-09-28,KODEX 금융채1~2년(AA-이상)PLUS액티브,0162M0,주식,0,29,,,,,,,0,5,,,,,,
2026-09-28,KODEX 미국30년국채울트라선물인버스(H),304670,주식,0,11,,,,,,,0,2,,,,,,
2026-09-28,에셋플러스 글로벌다이나믹시니어액티브,462340,주식,0,13,,,,,,,0,2,,,,,,
2026-09-28,ACE 삼성전자SK하이닉스플러스채권혼합50,0233A0,주식,0,29,,,,,,,0,12,,,,,,
2026-09-28,삼성 KRX 레버리지 2차전지 TOP10 TR ETN,530138,주식,0,8,,,,,,,0,1,,,,,,
2026-09-28,삼성 레버리지 일본니케이225선물 ETN(H),530124,주식,0,1,,,,,,,0,0,,,,,,
2026-09-28,마이티 5월만기자동연장특수채(AAA)액티브,0191M0,주식,0,1,,,,,,,0,0,,,,,,
2026-09-28,메리츠 레버리지 대표 농산물 선물 ETN(H),610035,주식,0,5,,,,,,,0,0,,,,,,
2026-09-28,미래에셋 -2X 미국채울트라30년 선물 ETN,520065,주식,0,2,,,,,,,0,1,,,,,,
2026-09-28,KB 레버리지 콩 선물 ETN,580053,주식,0,3,,,,,,,0,0,,,,,,
2026-09-28,RISE 국고채3년선물인버스,282000,주식,0,3,,,,,,,0,0,,,,,,
2026-09-28,KB 일본 컨슈머 TOP 10 ETN,580057,주식,0,3,,,,,,,0,0,,,,,,
2026-09-28,더제이 중소형포커스액티브,0053M0,주식,0,14,,,,,,,0,3,,,,,,
2026-09-28,메리츠 인버스 국채3년 ETN,610047,주식,0,1,,,,,,,0,1,,,,,,
2026-09-28,미래에셋 미국 AI TOP3 ETN,520072,주식,0,11,,,,,,,0,1,,,,,,
2026-09-28,신한 인버스 2X 금 선물 ETN,500038,주식,0,16,,,,,,,1,3,,,,,,
2026-09-28,키움 INDXX 미국테크탑10 ETN,760005,주식,0,8,,,,,,,0,0,,,,,,
2026-09-28,메리츠 인버스 3X 국채5년 ETN,610058,주식,0,1,,,,,,,0,0,,,,,,
2026-09-28,메리츠 3X 레버리지 국채5년 ETN,610057,주식,0,1,,,,,,,0,0,,,,,,
2026-09-28,메리츠 레버리지 은 선물 ETN(H),610100,주식,0,6,,,,,,,0,0,,,,,,
2026-09-28,한투 레버리지WTI원유선물 ETN B,570116,주식,0,11,,,,,,,0,1,,,,,,
2026-09-28,한투 인버스2X코스피200선물 ETN,570127,주식,0,4,,,,,,,0,4,,,,,,
2026-09-28,KODEX ESG종합채권(A-이상)액티브,439860,주식,0,27,,,,,,,0,5,,,,,,
2026-09-28,대신 레버리지 미국달러 선물 ETN,510044,주식,0,1,,,,,,,0,0,,,,,,
2026-09-28,메리츠 인버스 미국채10년 ETN(H),610024,주식,0,1,,,,,,,0,0,,,,,,
2026-09-28,유진 챔피언중단기크레딧 X클래스,0120X0,주식,0,1,,,,,,,0,0,,,,,,
2026-09-28,KB 인도 대형 성장주 Select 5 ETN,580066,주식,0,3,,,,,,,0,1,,,,,,
2026-09-28,미래에셋 인버스 천연가스 선물 ETN B,520091,주식,0,5,,,,,,,0,2,,,,,,
2026-09-28,FOCUS 금융반도체지주채권혼합50액티브,0226D0,주식,0,8,,,,,,,0,1,,,,,,
2026-09-28,MIDAS 코스닥액티브,0191B0,주식,0,16,,,,,,,0,7,,,,,,
2026-09-28,메리츠 국채5년 ETN,610049,주식,0,1,,,,,,,0,0,,,,,,
2026-09-28,N2 선진국 1등주 ETN,550087,주식,0,1,,,,,,,0,0,,,,,,
2026-09-28,하나 CD금리투자 ETN,700026,주식,0,1,,,,,,,0,0,,,,,,
2026-09-28,미래에셋 레버리지 WTI원유 선물 ETN,520095,주식,0,0,,,,,,,0,1,,,,,,
2026-09-28,RISE 내수주플러스,326230,주식,0,26,,,,,,,0,1,,,,,,
2026-09-28,KB 미국채 10년 ETN,580059,주식,0,3,,,,,,,0,1,,,,,,
2026-09-28,키움 반도체TOP10 ETN,760012,주식,0,5,,,,,,,0,0,,,,,,
2026-09-28,TIGER 한중전기차(합성),449680,주식,0,20,,,,,,,0,6,,,,,,
2026-09-28,ACE BYD밸류체인액티브,0079X0,주식,0,83,,,,,,,0,21,,,,,,
2026-09-28,KB KIS CD금리투자 ETN,580058,주식,0,2,,,,,,,0,1,,,,,,
2026-09-28,PLUS 국고채30년액티브,451600,주식,0,25,,,,,,,0,5,,,,,,
2026-09-28,메리츠 미국채30년 ETN,610077,주식,0,1,,,,,,,0,1,,,,,,
2026-09-28,하나대체미국부동산1호 A,201BAA,주식,0,0,,,,,,,0,1,,,,,,
2026-09-28,KB 인버스 2X 은 선물 ETN,580081,주식,0,2,,,,,,,0,0,,,,,,
2026-09-28,MIDAS 바이오헬스케어액티브,0214M0,주식,0,7,,,,,,,0,3,,,,,,
2026-09-28,RISE V&S셀렉트밸류채권혼합,241390,주식,0,19,,,,,,,1,5,,,,,,
2026-09-28,메리츠 KAP 중국 위안화 ETN,610071,주식,0,3,,,,,,,0,2,,,,,,
2026-09-28,KB 인버스 2X 구리 선물 ETN(H),580033,주식,0,4,,,,,,,0,0,,,,,,
2026-09-28,하나 인버스 2X K방산TOP10 ETN,700035,주식,0,9,,,,,,,0,0,,,,,,
2026-09-28,한투 레버리지일본엔선물 ETN C,570095,주식,0,15,,,,,,,0,4,,,,,,
2026-09-28,UNICORN 생성형AI강소기업액티브,470310,주식,0,28,,,,,,,0,10,,,,,,
2026-09-28,N2 인버스 2X 코스닥150 선물 ETN,550098,주식,0,4,,,,,,,0,0,,,,,,
2026-09-28,한투 S&P500 VIX S/T선물 ETN(H) B,570114,주식,0,10,,,,,,,0,1,,,,,,
2026-09-28,RISE 인도디지털성장,498610,주식,0,67,,,,,,,0,14,,,,,,
2026-09-28,RISE 헬스케어채권혼합,253290,주식,0,19,,,,,,,0,2,,,,,,
2026-09-28,KODEX 한중전기차(합성),450180,주식,0,21,,,,,,,0,6,,,,,,
2026-09-28,1Q 종합채권(AA-이상)액티브,0017Y0,주식,0,15,,,,,,,0,6,,,,,,
2026-09-28,메리츠 인버스 국채10년 ETN,610020,주식,0,1,,,,,,,0,0,,,,,,
2026-09-28,한투 인버스나스닥100 ETN B,570101,주식,0,8,,,,,,,0,1,,,,,,
2026-09-28,HANARO 미국에이전틱AI TOP2+,0227L0,주식,0,31,,,,,,,0,5,,,,,,
2026-09-28,한투 레버리지나스닥100 ETN B,570102,주식,0,5,,,,,,,0,0,,,,,,
2026-09-28,KB 솔랙티브 천연가스 선물 ETN,580085,주식,0,4,,,,,,,0,0,,,,,,
2026-09-28,N2 레버리지 천연가스 선물 ETN,550099,주식,0,8,,,,,,,0,1,,,,,,
2026-09-28,메리츠 인버스 3X 국채10년 ETN,610060,주식,0,1,,,,,,,0,0,,,,,,
2026-09-28,KB 레버리지 KOSPI 200 선물 ETN,580039,주식,0,7,,,,,,,0,2,,,,,,
2026-09-28,한투 인버스2XS&P500선물 ETN(H),570023,주식,0,19,,,,,,,0,7,,,,,,
2026-09-28,삼성 인버스 코스피 200 선물 ETN,530092,주식,0,23,,,,,,,0,8,,,,,,
2026-09-28,신한 레버리지 10년 국채선물 ETN,500067,주식,0,1,,,,,,,0,1,,,,,,
2026-09-28,신한 인버스 2X 미국달러 선물 ETN,500036,주식,0,4,,,,,,,0,1,,,,,,
2026-09-28,KB 레버리지 2차전지 TOP 10 TR ETN,580070,주식,0,9,,,,,,,0,1,,,,,,
2026-09-28,대신 인버스 천연가스 선물 ETN(H) B,510043,주식,0,5,,,,,,,0,0,,,,,,
2026-09-28,메리츠 인버스 2X 미국채30년 ETN(H),610040,주식,0,3,,,,,,,0,0,,,,,,
2026-09-28,KODEX 아시아달러채권ESG플러스액티브,437070,주식,0,41,,,,,,,1,19,,,,,,
2026-09-28,N2 인버스 레버리지 구리 선물 ETN(H),550070,주식,0,1,,,,,,,0,0,,,,,,
2026-09-28,미래에셋 1.5X S&P500 VIX S/T선물 ETN,520097,주식,0,3,,,,,,,0,1,,,,,,
2026-09-28,메리츠 인도 루피화 ETN,610082,주식,0,1,,,,,,,0,0,,,,,,
2026-09-28,RISE 중장기국공채액티브,272570,주식,0,12,,,,,,,0,3,,,,,,
2026-09-28,KB 인버스 2X 밀 선물 ETN,580052,주식,0,6,,,,,,,0,1,,,,,,
2026-09-28,RISE 코스닥150선물인버스,275750,주식,0,42,,,,,,,0,2,,,,,,
2026-09-28,HK 종합채권(AA-이상)액티브,472920,주식,0,10,,,,,,,0,2,,,,,,
2026-09-28,IBK 미국AI TOP10국채혼합50,0178H0,주식,0,12,,,,,,,0,0,,,,,,
2026-09-28,KIWOOM 코스닥150선물인버스,291620,주식,0,30,,,,,,,0,3,,,,,,
2026-09-28,KIWOOM 미국달러선물인버스2X,230480,주식,0,31,,,,,,,0,7,,,,,,
2026-09-28,KB 레버리지 BYD 밸류체인 ETN,580075,주식,0,1,,,,,,,0,0,,,,,,
2026-09-28,KB 차이나 과창판 STAR 50 ETN,580050,주식,0,3,,,,,,,0,0,,,,,,
2026-09-28,한투한미핵심성장포커스2(A-e),100033,주식,0,0,,,,,,,0,1,,,,,,
2026-09-28,WON 피지컬AI TOP2플러스액티브,0226G0,주식,0,25,,,,,,,0,9,,,,,,
2026-09-28,한투 인도네시아대표원자재 ETN,570085,주식,0,13,,,,,,,0,3,,,,,,
2026-09-28,HANARO 종합채권(AA-이상)액티브,461500,주식,0,9,,,,,,,0,1,,,,,,
2026-09-28,메리츠 대표 농산물 선물 ETN(H),610034,주식,0,5,,,,,,,0,1,,,,,,
2026-09-28,BNK 27-12 특수채(AAA이상)액티브,0193M0,주식,0,5,,,,,,,0,1,,,,,,
2026-09-28,KB 레버리지 KOSDAQ 150 선물 ETN,580043,주식,0,4,,,,,,,0,1,,,,,,
2026-09-28,메리츠 인버스 2X 은 선물 ETN(H),610101,주식,0,1,,,,,,,0,0,,,,,,
2026-09-28,TIGER 중기종합채권(A-이상)액티브,0192Z0,주식,0,4,,,,,,,0,0,,,,,,
2026-09-28,미래에셋 -1.5X 천연가스 선물 ETN,520077,주식,0,4,,,,,,,0,0,,,,,,
2026-09-28,신한 인버스 2X 10년 국채선물 ETN,500068,주식,0,1,,,,,,,0,0,,,,,,
2026-09-28,KIWOOM 미국우주테크TOP2채권혼합50,0216K0,주식,0,26,,,,,,,0,10,,,,,,
2026-09-28,메리츠 3X 레버리지 미국채10년 ETN,610075,주식,0,4,,,,,,,0,1,,,,,,
2026-09-28,메리츠 레버리지 미국채10년 ETN(H),610023,주식,0,7,,,,,,,0,1,,,,,,
2026-09-28,N2 월간 레버리지 방위산업 Top5 ETN,550092,주식,0,3,,,,,,,0,0,,,,,,
2026-09-28,KB 솔랙티브 인버스 천연가스 선물 ETN,580087,주식,0,1,,,,,,,0,0,,,,,,
2026-09-28,미래에셋 레버리지 미국 제약 TOP3 ETN,520079,주식,0,3,,,,,,,0,0,,,,,,
2026-09-28,KIWOOM 현대차그룹TOP3채권혼합50,0220A0,주식,0,20,,,,,,,0,6,,,,,,
2026-09-28,메리츠 3X 레버리지 국채10년 ETN,610059,주식,0,2,,,,,,,0,0,,,,,,
2026-09-28,삼성 레버리지 코스닥150 선물 ETN,530106,주식,0,13,,,,,,,0,2,,,,,,
2026-09-28,한투 인버스유로스탁스50 ETN(H) C,570091,주식,0,3,,,,,,,0,0,,,,,,
2026-09-28,신한 레버리지 코스피 200 선물 ETN,500069,주식,0,1,,,,,,,0,0,,,,,,
2026-09-28,미래에셋 인버스 2X 옥수수 선물 ETN,520047,주식,0,2,,,,,,,0,1,,,,,,
2026-09-28,미래에셋 S&P500 VIX S/T 선물 ETN(H),520088,주식,0,9,,,,,,,0,1,,,,,,
2026-09-28,삼성 인버스 2X 코스피200 선물 ETN B,530148,주식,0,1,,,,,,,0,0,,,,,,
2026-09-28,미래에셋 레버리지 미국 방위산업 TOP3 ETN,520075,주식,0,2,,,,,,,0,1,,,,,,
2026-09-28,삼성 iSelect 조선 TOP10 TR ETN,530139,주식,0,2,,,,,,,0,2,,,,,,
2026-09-28,삼성 인버스 2X S&P500 선물 ETN,530114,주식,0,7,,,,,,,0,0,,,,,,
2026-09-28,한투 레버리지코스닥150선물 ETN,570081,주식,0,3,,,,,,,0,1,,,,,,
2026-09-28,PLUS 글로벌저작권핵심기업액티브,0166T0,주식,0,19,,,,,,,0,2,,,,,,
2026-09-28,메리츠 인버스 일본 국채 10년 ETN,610092,주식,0,2,,,,,,,0,0,,,,,,
2026-09-28,HANARO 중기종합채권(A-이상)액티브,0191W0,주식,0,3,,,,,,,0,0,,,,,,
2026-09-28,IBK 한미대표기업TOP2+채권혼합50액티브,0238C0,주식,0,2,,,,,,,0,0,,,,,,
2026-09-28,미래에셋 2X 미국채울트라30년 선물 ETN,520064,주식,0,2,,,,,,,0,0,,,,,,
2026-09-28,신한 블룸버그 레버리지 WTI원유선물 ETN B,500093,주식,0,3,,,,,,,0,1,,,,,,
2026-09-28,한투 나스닥100 ETN,570051,주식,0,11,,,,,,,0,2,,,,,,
2026-09-28,KB Wise 분할매매 ETN,580010,주식,0,1,,,,,,,0,0,,,,,,
2026-09-28,SOL KRX기후변화솔루션,404650,주식,0,33,,,,,,,0,7,,,,,,
2026-09-28,신한 코스피 200 TR ETN,500085,주식,0,5,,,,,,,0,1,,,,,,
2026-09-28,KODEX K-뉴딜디지털플러스,368680,주식,0,84,,,,,,,0,19,,,,,,
2026-09-28,하나 레버리지 반도체 ETN,700028,주식,0,7,,,,,,,0,2,,,,,,
2026-09-28,KIWOOM TDF2030액티브 적격,435530,주식,0,30,,,,,,,0,4,,,,,,
2026-09-28,KODEX 멀티에셋하이인컴(H),321410,주식,0,11,,,,,,,0,2,,,,,,
2026-09-28,메리츠 KIS CD금리투자 ETN,610063,주식,0,1,,,,,,,0,0,,,,,,
2026-09-28,삼성 항셍테크 TR ETN(H) B,530121,주식,0,1,,,,,,,0,0,,,,,,
2026-09-28,이지스글로벌281호 Class A,701B97,주식,0,6,,,,,,,2,14,,,,,,
2026-09-28,한투 레버리지구리선물 ETN,570072,주식,0,11,,,,,,,0,3,,,,,,
2026-09-28,메리츠 인버스 3X 국채3년 ETN,610056,주식,0,1,,,,,,,0,0,,,,,,
2026-09-28,신한 레버리지 S&P500 선물 ETN,500050,주식,0,8,,,,,,,0,0,,,,,,
2026-09-28,한투 일본니케이225선물 ETN(H),570104,주식,0,1,,,,,,,0,0,,,,,,
2026-09-28,TIGER 단기선진하이일드(합성 H),182490,주식,0,13,,,,,,,1,7,,,,,,
2026-09-28,N2 월간 레버리지 선진국 1등주 ETN,550088,주식,0,2,,,,,,,0,0,,,,,,
2026-09-28,키움히어로즈유럽오피스부동산4호 A,207B98,주식,0,1,,,,,,,0,0,,,,,,
2026-09-28,미래에셋 미국 테크&반도체 TOP3 ETN,520080,주식,0,1,,,,,,,0,0,,,,,,
2026-09-28,KB 국민참여형 국민성장 혼합자산 C-E,900002,주식,0,1,,,,,,,0,1,,,,,,
2026-09-28,N2 월간 레버리지 코스피 200 선물 ETN,550089,주식,0,2,,,,,,,0,0,,,,,,
2026-09-28,메리츠 S&P 유럽탄소배출권 선물 ETN(H),610030,주식,0,1,,,,,,,0,0,,,,,,
2026-09-28,미래에셋 2X 미국 테크&반도체 TOP3 ETN,520081,주식,0,6,,,,,,,0,1,,,,,,
2026-09-28,한국미라클피플사,331660,주식,0,2,,,,,,,0,0,,,,,,
2026-09-28,한투 구리선물 ETN,570071,주식,0,9,,,,,,,0,0,,,,,,
2026-09-28,메리츠 국채30년 ETN,610007,주식,0,3,,,,,,,0,1,,,,,,
2026-09-28,벨기에코어오피스2호,101B96,주식,0,6,,,,,,,0,2,,,,,,
2026-09-28,N2 방위산업 Top5 ETN,550091,주식,0,8,,,,,,,0,1,,,,,,
2026-09-28,ACE K바이오코스닥액티브,0221Z0,주식,0,31,,,,,,,0,9,,,,,,
2026-09-28,HANARO 미국S&P500액티브,0219Z0,주식,0,17,,,,,,,0,3,,,,,,
2026-09-28,KODEX 국채선물3년인버스,292770,주식,0,2,,,,,,,0,0,,,,,,
2026-09-28,RISE 국채선물10년인버스,295020,주식,0,6,,,,,,,0,0,,,,,,
2026-09-28,RISE 팔라듐선물인버스(H),334700,주식,0,8,,,,,,,0,1,,,,,,
2026-09-28,메리츠 미국채10년 ETN(H),610022,주식,0,12,,,,,,,0,0,,,,,,
2026-09-28,KIWOOM 미국달러선물인버스,139660,주식,0,11,,,,,,,0,4,,,,,,
2026-09-28,마이티 다이나믹퀀트액티브,442260,주식,0,13,,,,,,,0,6,,,,,,
2026-09-28,메리츠 WTI원유 선물 ETN(H),610087,주식,0,1,,,,,,,0,1,,,,,,
2026-09-28,KB 레버리지 미국채 30년 ETN,580062,주식,0,1,,,,,,,0,0,,,,,,
2026-09-28,KB 일본 로보틱스 TOP 10 ETN,580056,주식,0,25,,,,,,,0,4,,,,,,
2026-09-28,KIWOOM 미국대형주500월간목표헤지액티브,0084E0,주식,0,27,,,,,,,0,3,,,,,,
2026-09-28,삼성 블룸버그 레버리지 WTI원유선물 ETN B,530133,주식,0,16,,,,,,,0,3,,,,,,
2026-09-28,한투 인버스0.5X S&P500 VIX S/T선물 ETN B,570115,주식,0,3,,,,,,,0,0,,,,,,
2026-09-28,RISE V&S셀렉트밸류,234310,주식,0,4,,,,,,,0,2,,,,,,
2026-09-28,UNICORN R&D 액티브,433250,주식,0,8,,,,,,,0,2,,,,,,
2026-09-28,N2 코스닥 150 TR ETN,550085,주식,0,1,,,,,,,0,0,,,,,,
2026-09-28,PLUS 코리아HBM반도체,0239Y0,주식,0,28,,,,,,,0,7,,,,,,
2026-09-28,국고채권,02G990,채권,1101,3037,,,,,,,4943,3827,,,,,,
2026-09-28,(주)국민은행,005FB3,채권,922,2808,,,,,,,77,16,,,,,,
2026-09-28,국고채권,02GA34,채권,804,3744,,,,,,,7071,7551,,,,,,
2026-09-28,신한은행,011FB4,채권,789,2390,,,,,,,0,0,,,,,,
2026-09-28,우리은행,031F43,채권,594,1645,,,,,,,0,1,,,,,,
2026-09-28,KB금융지주,562EA5,채권,560,1514,,,,,,,0,1,,,,,,
2026-09-28,국민은행,002FA2,채권,486,1169,,,,,,,10,2,,,,,,
2026-09-28,신한은행,01AFA9,채권,461,1252,,,,,,,0,2,,,,,,
2026-09-28,국민은행,001G26,채권,405,1101,,,,,,,63,34,,,,,,
2026-09-28,(주)제이알글로벌위탁관리부동산투자회사,951F26,채권,392,2449,,,,,,,55,278,,,,,,
2026-09-28,주택금융공사MBS,14G6C0,채권,380,1231,,,,,,,0,0,,,,,,
2026-09-28,신한은행,011FA6,채권,341,1078,,,,,,,251,59,,,,,,
2026-09-28,국고채권,02GA67,채권,318,1309,,,,,,,981,784,,,,,,
2026-09-28,삼성증권,362BA4,채권,300,972,,,,,,,0,0,,,,,,
2026-09-28,농협금융지주,262693,채권,300,745,,,,,,,523,44,,,,,,
2026-09-28,한국주택금융공사,14G6A4,채권,298,752,,,,,,,0,0,,,,,,
2026-09-28,기업은행,03AFA5,채권,297,791,,,,,,,0,1,,,,,,
2026-09-28,울산항만공사,01G6A0,채권,294,901,,,,,,,0,2,,,,,,
2026-09-28,한국전력,05G9A0,채권,287,681,,,,,,,0,2,,,,,,
2026-09-28,옐로우퍼피 ,662019,채권,280,160,,,,,,,425,106,,,,,,
2026-09-28,우리은행,031F68,채권,270,975,,,,,,,0,0,,,,,,
2026-09-28,(주)제이알글로벌위탁관리부동산투자회사,952EA5,채권,253,2164,,,,,,,47,215,,,,,,
2026-09-28,뉴스타엘카드제일차 ,383036,채권,252,131,,,,,,,27,1,,,,,,
2026-09-28,한국전력,01GBA5,채권,251,520,,,,,,,14,20,,,,,,
2026-09-28,한국전력,03G9B0,채권,244,674,,,,,,,98,25,,,,,,
2026-09-28,한국수자원공사,01G671,채권,239,765,,,,,,,112,95,,,,,,
2026-09-28,국고채권,02GA91,채권,232,1503,,,,,,,373,502,,,,,,
2026-09-28,애큐온캐피탈,235F96,채권,232,1165,,,,,,,57,167,,,,,,
2026-09-28,(주)제이티비씨,481G25,채권,214,961,,,,,,,37,146,,,,,,
2026-09-28,푸본현대생명보험 주식회사,951E56,채권,206,1063,,,,,,,418,724,,,,,,
2026-09-28,산금,02GEA4,채권,201,681,,,,,,,0,0,,,,,,
2026-09-28,한국철도공사,02GEC8,채권,201,622,,,,,,,0,0,,,,,,
2026-09-28,비에스에프플러스제일차 ,00Y016,채권,201,111,,,,,,,19,1,,,,,,
2026-09-28,국민은행,005F64,채권,200,593,,,,,,,0,1,,,,,,
2026-09-28,우리금융캐피탈(주),666FC4,채권,200,748,,,,,,,0,0,,,,,,
2026-09-28,(주)하나금융지주,7936A1,채권,200,632,,,,,,,0,0,,,,,,
2026-09-28,엔에이치투자,942BA6,채권,200,739,,,,,,,0,0,,,,,,
2026-09-28,아이엠뱅크,272F65,채권,200,734,,,,,,,0,0,,,,,,
2026-09-28,국민은행,003F41,채권,199,627,,,,,,,0,1,,,,,,
2026-09-28,미래에셋캐피탈,973C10,채권,199,766,,,,,,,0,0,,,,,,
2026-09-28,SK,732BB4,채권,199,741,,,,,,,0,0,,,,,,
2026-09-28,하나은행,944F41,채권,199,569,,,,,,,0,0,,,,,,
2026-09-28,국민은행,002F67,채권,199,472,,,,,,,0,0,,,,,,
2026-09-28,(주)하나은행,942FB6,채권,199,501,,,,,,,5,2,,,,,,
2026-09-28,(주)케이비국민카드,174BA2,채권,199,736,,,,,,,0,0,,,,,,
2026-09-28,주택금융공사MBS,06G6B2,채권,198,544,,,,,,,0,0,,,,,,
2026-09-28,공급망안정화기금,02AG27,채권,198,574,,,,,,,0,0,,,,,,
2026-09-28,농금채,04G725,채권,198,541,,,,,,,0,0,,,,,,
2026-09-28,하나증권,754A16,채권,197,670,,,,,,,2,1,,,,,,
2026-09-28,서울교통공사,02GBB9,채권,197,789,,,,,,,0,0,,,,,,
2026-09-28,엠에이치수표제일차 ,15B003,채권,196,98,,,,,,,2,1,,,,,,
2026-09-28,한국전력공사(주),02GC17,채권,195,578,,,,,,,1,2,,,,,,
2026-09-28,애큐온캐피탈,231F66,채권,195,1014,,,,,,,3,6,,,,,,
2026-09-28,엠지캐피탈,291G24,채권,194,809,,,,,,,2,5,,,,,,
2026-09-28,삼척블루파워,351E98,채권,193,1370,,,,,,,114,539,,,,,,
2026-09-28,삼척블루파워(주),351G21,채권,193,837,,,,,,,83,154,,,,,,
2026-09-28,농금채,01G6B3,채권,191,433,,,,,,,1,2,,,,,,
2026-09-28,삼척블루파워(주),351E64,채권,190,1398,,,,,,,137,500,,,,,,
2026-09-28,삼척블루파워,351F48,채권,190,1202,,,,,,,169,385,,,,,,
2026-09-28,(주)아이비케이캐피탈,451FB1,채권,185,764,,,,,,,0,0,,,,,,
2026-09-28,(주)제이알글로벌위탁관리부동산투자회사,951F75,채권,183,1269,,,,,,,10,105,,,,,,
2026-09-28,신한은행,014F44,채권,178,605,,,,,,,1,2,,,,,,
2026-09-28,롯데건설(주),822F61,채권,177,1416,,,,,,,31,128,,,,,,
2026-09-28,롯데손해보험(주),401DC0,채권,173,1182,,,,,,,74,256,,,,,,
2026-09-28,농업금융채권,04GFB3,채권,173,686,,,,,,,0,3,,,,,,
2026-09-28,에프엔삼계제일차 ,48D007,채권,172,93,,,,,,,2,1,,,,,,
2026-09-28,(주)제이알글로벌위탁관리부동산투자회사,951EA7,채권,169,1393,,,,,,,28,122,,,,,,
2026-09-28,한국전력,03GBB9,채권,168,441,,,,,,,3,5,,,,,,
2026-09-28,주택금융공사MBS,14G6B2,채권,167,542,,,,,,,521,62,,,,,,
2026-09-28,애큐온캐피탈,234F30,채권,163,983,,,,,,,29,94,,,,,,
2026-09-28,에이치디씨현대산업개발(주),871F60,채권,158,848,,,,,,,6,15,,,,,,
2026-09-28,인천교통공사,01GBA4,채권,152,450,,,,,,,35,46,,,,,,
2026-09-28,국민주택1종채권,01DD88,채권,151,899,,,,,,,526,368,,,,,,
2026-09-28,여천NCC(주),711EA8,채권,150,1423,,,,,,,26,104,,,,,,
2026-09-28,국고채권,02G9C8,채권,149,765,,,,,,,675,417,,,,,,
2026-09-28,롯데캐피탈(주),69DE48,채권,145,1125,,,,,,,284,738,,,,,,
2026-09-28,삼척블루파워,351F89,채권,145,946,,,,,,,55,190,,,,,,
2026-09-28,롯데건설(주),821EA1,채권,144,1072,,,,,,,268,442,,,,,,
2026-09-28,에프엔업타운제일차 ,08J004,채권,144,44,,,,,,,286,37,,,,,,
2026-09-28,(주)하림지주,381F43,채권,142,1161,,,,,,,7,24,,,,,,
2026-09-28,롯데손해보험(주),401EB0,채권,134,783,,,,,,,876,1648,,,,,,
2026-09-28,에이치디현대오일뱅크,0529A4,채권,131,491,,,,,,,97,23,,,,,,
2026-09-28,산금,04AFB8,채권,131,407,,,,,,,0,2,,,,,,
2026-09-28,롯데손해보험(주),401C97,채권,129,989,,,,,,,292,464,,,,,,
2026-09-28,농업금융채권,01GFB9,채권,129,473,,,,,,,72,37,,,,,,
2026-09-28,와이오비뉴원 ,967026,채권,128,76,,,,,,,0,0,,,,,,
2026-09-28,에스케이하이닉스,663A27,채권,128,407,,,,,,,84,59,,,,,,
2026-09-28,흥국화재해상보험(주),541E96,채권,125,669,,,,,,,68,189,,,,,,
2026-09-28,푸본현대생명보험 주식회사,951D65,채권,119,714,,,,,,,403,826,,,,,,
2026-09-28,롯데손해보험(주),401E61,채권,118,831,,,,,,,642,1334,,,,,,
2026-09-28,한국캐피탈,764EA6,채권,116,848,,,,,,,73,145,,,,,,
2026-09-28,한국철도공사,01GBA0,채권,115,412,,,,,,,79,39,,,,,,
2026-09-28,크루그제일차 ,67F003,채권,115,62,,,,,,,4,1,,,,,,
2026-09-28,제이티비씨 주식회사,483F24,채권,111,1026,,,,,,,51,192,,,,,,
2026-09-28,에이비엘생명보험(주),481E96,채권,110,502,,,,,,,1060,1925,,,,,,
2026-09-28,삼성카드(주),7819C5,채권,110,527,,,,,,,76,53,,,,,,
2026-09-28,한국전력,03GA18,채권,108,779,,,,,,,55,54,,,,,,
2026-09-28,국고채권,02GD31,채권,107,503,,,,,,,49,100,,,,,,
2026-09-28,에이비엘생명보험(주),481D30,채권,106,943,,,,,,,920,1779,,,,,,
2026-09-28,국민주택1종채권,01DG10,채권,105,439,,,,,,,161,250,,,,,,
2026-09-28,푸본현대생명보험 주식회사,951E31,채권,105,729,,,,,,,70,167,,,,,,
2026-09-28,국고채권,02G693,채권,104,629,,,,,,,137,201,,,,,,
2026-09-28,국고채권,02G6C4,채권,103,270,,,,,,,15099,2512,,,,,,
2026-09-28,국민은행,001FA4,채권,101,227,,,,,,,0,0,,,,,,
2026-09-28,우리카드,146E49,채권,101,521,,,,,,,0,0,,,,,,
2026-09-28,산은캐피탈,279E48,채권,101,351,,,,,,,0,0,,,,,,
2026-09-28,에이비엘생명보험(주),481C98,채권,101,550,,,,,,,280,588,,,,,,
2026-09-28,롯데손해보험(주),401E20,채권,101,718,,,,,,,45,165,,,,,,
2026-09-28,인천국제공항공사,01GBA1,채권,101,252,,,,,,,0,0,,,,,,
2026-09-28,제이티비씨 주식회사,481F83,채권,101,963,,,,,,,33,152,,,,,,
2026-09-28,현대캐피탈(주),88BEA6,채권,100,336,,,,,,,0,0,,,,,,
2026-09-28,삼성바이오로직스(주),941EA8,채권,100,341,,,,,,,0,0,,,,,,
2026-09-28,서울주택도시개발공사,01GFA7,채권,100,321,,,,,,,0,0,,,,,,
2026-09-28,메리츠금융지주,042BC1,채권,100,381,,,,,,,0,0,,,,,,
2026-09-28,국민주택1종채권,01DDA1,채권,100,595,,,,,,,488,648,,,,,,
2026-09-28,주식회사 애큐온캐피탈,236G78,채권,100,434,,,,,,,0,0,,,,,,
2026-09-28,한화토탈에너지스,9539A2,채권,100,281,,,,,,,1,1,,,,,,
2026-09-28,한국수자원공사,02G729,채권,100,322,,,,,,,0,0,,,,,,
2026-09-28,국가철도공단채권,02GEB0,채권,100,356,,,,,,,0,0,,,,,,
2026-09-28,주식회사 애큐온캐피탈,239F35,채권,100,509,,,,,,,0,2,,,,,,
2026-09-28,케이비국민카드,175E77,채권,100,348,,,,,,,0,0,,,,,,
2026-09-28,하나캐피탈(주),802E41,채권,100,397,,,,,,,0,0,,,,,,
2026-09-28,농업금융채권,02GFB7,채권,100,340,,,,,,,0,0,,,,,,
2026-09-28,기업은행,17GBA1,채권,100,253,,,,,,,0,0,,,,,,
2026-09-28,우리은행,033FB8,채권,100,338,,,,,,,0,0,,,,,,
2026-09-28,농협은행(주),09GFB2,채권,100,398,,,,,,,0,0,,,,,,
2026-09-28,산금,07GBC5,채권,100,305,,,,,,,0,0,,,,,,
2026-09-28,LSELECTRIC,122C11,채권,100,444,,,,,,,0,0,,,,,,
2026-09-28,산금,02GF66,채권,100,305,,,,,,,0,0,,,,,,
2026-09-28,키움증권,492BA2,채권,100,263,,,,,,,0,0,,,,,,
2026-09-28,현대커머셜,925F42,채권,100,490,,,,,,,0,0,,,,,,
2026-09-28,신한은행,014F85,채권,100,355,,,,,,,0,0,,,,,,
2026-09-28,롯데카드(주),627E58,채권,100,534,,,,,,,554,991,,,,,,
2026-09-28,한국서부발전,622BB1,채권,100,379,,,,,,,0,0,,,,,,
2026-09-28,신한은행,015F76,채권,100,359,,,,,,,0,0,,,,,,
2026-09-28,(주)국민은행,002EC1,채권,100,218,,,,,,,0,0,,,,,,
2026-09-28,(주)하나은행,941F51,채권,100,172,,,,,,,299,66,,,,,,
2026-09-28,도로공사,02G9B5,채권,100,334,,,,,,,0,0,,,,,,
2026-09-28,신세계,172BA1,채권,100,415,,,,,,,0,0,,,,,,
2026-09-28,서울교통공사,02GFB0,채권,100,378,,,,,,,0,0,,,,,,
2026-09-28,키움캐피탈,103F15,채권,100,334,,,,,,,0,1,,,,,,
2026-09-28,애큐온캐피탈,231FB4,채권,100,646,,,,,,,0,1,,,,,,
2026-09-28,도로공사,01GBB0,채권,100,318,,,,,,,0,1,,,,,,
2026-09-28,하나카드,491E42,채권,100,484,,,,,,,0,0,,,,,,
2026-09-28,엠에스울산제이차 ,569022,채권,100,64,,,,,,,0,0,,,,,,
2026-09-28,하나캐피탈(주),802EA0,채권,100,457,,,,,,,0,0,,,,,,
2026-09-28,(주)아이비케이캐피탈,456F98,채권,100,402,,,,,,,0,0,,,,,,
2026-09-28,(주)엔켐,371EB6,채권,99,244,,,,,,,333,210,,,,,,
2026-09-28,메리츠캐피탈(주),373G74,채권,99,440,,,,,,,1,1,,,,,,
2026-09-28,국민은행,005G22,채권,99,278,,,,,,,0,0,,,,,,
2026-09-28,신한은행,017FA3,채권,99,298,,,,,,,0,0,,,,,,
2026-09-28,미래에셋증권,803A17,채권,99,311,,,,,,,0,0,,,,,,
2026-09-28,한국전력,06GEB6,채권,99,350,,,,,,,0,1,,,,,,
2026-09-28,애큐온캐피탈,232F65,채권,99,621,,,,,,,0,0,,,,,,
2026-09-28,국민은행,003F90,채권,99,304,,,,,,,0,0,,,,,,
2026-09-28,한국남동발전,981F23,채권,99,437,,,,,,,0,0,,,,,,
2026-09-28,하나증권,751EB2,채권,99,379,,,,,,,0,0,,,,,,
2026-09-28,산금,01AFB4,채권,99,303,,,,,,,0,0,,,,,,
2026-09-28,SK이노베이션,553A14,채권,99,253,,,,,,,0,0,,,,,,
2026-09-28,우리금융지주,142F64,채권,99,279,,,,,,,0,0,,,,,,
2026-09-28,현대카드,901FB8,채권,99,419,,,,,,,0,0,,,,,,
2026-09-28,한국전력,01GEA9,채권,99,231,,,,,,,7,1,,,,,,
2026-09-28,기업은행,04AFB1,채권,99,292,,,,,,,0,0,,,,,,
2026-09-28,인천도시공사,01GBA7,채권,99,367,,,,,,,0,0,,,,,,
2026-09-28,엠지캐피탈,291FA0,채권,99,509,,,,,,,0,2,,,,,,
2026-09-28,경기주택도시공사,04GG10,채권,99,380,,,,,,,1,1,,,,,,
2026-09-28,비엔케이캐피탈(주),765E49,채권,99,426,,,,,,,0,0,,,,,,
2026-09-28,(주)JB금융지주,334F70,채권,99,302,,,,,,,0,0,,,,,,
2026-09-28,스파클링제일차 ,430004,채권,99,51,,,,,,,0,0,,,,,,
2026-09-28,주식회사 애큐온캐피탈,233F72,채권,99,530,,,,,,,0,0,,,,,,
2026-09-28,한국수출입금융,01AG69,채권,99,279,,,,,,,0,0,,,,,,
2026-09-28,에이치씨디제육차 ,274116,채권,99,59,,,,,,,0,0,,,,,,
2026-09-28,기업은행,18GEB1,채권,99,333,,,,,,,0,0,,,,,,
2026-09-28,주택금융공사MBS,05G9B7,채권,98,151,,,,,,,2,2,,,,,,
2026-09-28,하나캐피탈(주),801EC8,채권,98,319,,,,,,,0,0,,,,,,
2026-09-28,산금 조건부,14G6A8,채권,98,265,,,,,,,5,9,,,,,,
2026-09-28,한국전력,05GEA0,채권,98,386,,,,,,,0,2,,,,,,
2026-09-28,한국전력,01GEC5,채권,98,380,,,,,,,1,1,,,,,,
2026-09-28,키움캐피탈 주식회사,102G15,채권,97,499,,,,,,,0,2,,,,,,
2026-09-28,서울특별시채권,041BC6,채권,97,398,,,,,,,2,3,,,,,,
2026-09-28,케이디비생명보험(주),801E80,채권,97,593,,,,,,,303,558,,,,,,
2026-09-28,수산금융채권,02GBB2,채권,97,301,,,,,,,0,1,,,,,,
2026-09-28,(주)하나은행,941F69,채권,97,382,,,,,,,0,0,,,,,,
2026-09-28,한국캐피탈,762F73,채권,97,493,,,,,,,1,6,,,,,,
2026-09-28,엠지캐피탈,293G22,채권,97,453,,,,,,,2,4,,,,,,
2026-09-28,주식회사 애큐온캐피탈,231FC2,채권,97,546,,,,,,,1,4,,,,,,
2026-09-28,케이비캐피탈(주),966EB7,채권,96,425,,,,,,,0,1,,,,,,
2026-09-28,한국자산신탁(주),892E42,채권,96,1060,,,,,,,39,165,,,,,,
2026-09-28,기업은행,04AFA3,채권,95,375,,,,,,,0,0,,,,,,
2026-09-28,기업은행,12GF87,채권,95,275,,,,,,,0,1,,,,,,
2026-09-28,한국캐피탈,763F31,채권,94,625,,,,,,,4,9,,,,,,
2026-09-28,S-Oil,9529B0,채권,94,356,,,,,,,6,5,,,,,,
2026-09-28,애큐온캐피탈,234F22,채권,94,637,,,,,,,4,13,,,,,,
2026-09-28,산금,02AFA4,채권,94,149,,,,,,,0,1,,,,,,
2026-09-28,한국캐피탈(주),765F54,채권,93,579,,,,,,,2,2,,,,,,
2026-09-28,국민주택1종채권,01DG44,채권,93,240,,,,,,,293,232,,,,,,
2026-09-28,농금채,03GFC1,채권,92,412,,,,,,,1,2,,,,,,
2026-09-28,애큐온캐피탈,23AF36,채권,92,719,,,,,,,4,15,,,,,,
2026-09-28,한국캐피탈,766F46,채권,92,505,,,,,,,7,9,,,,,,
2026-09-28,하나카드,492EB2,채권,92,420,,,,,,,0,0,,,,,,
2026-09-28,엠지캐피탈,291G16,채권,91,459,,,,,,,0,1,,,,,,
2026-09-28,키움캐피탈,105F54,채권,91,599,,,,,,,5,15,,,,,,
2026-09-28,한국동서발전,172BB2,채권,90,267,,,,,,,1,2,,,,,,
2026-09-28,국민주택1종채권,01DCB1,채권,90,206,,,,,,,1147,463,,,,,,
2026-09-28,엠캐피탈,297F29,채권,90,561,,,,,,,5,10,,,,,,
2026-09-28,현대카드,90PEA6,채권,90,387,,,,,,,0,1,,,,,,
2026-09-28,케이비국민카드,175B21,채권,90,306,,,,,,,6,6,,,,,,
2026-09-28,엠지캐피탈(주),292FC4,채권,89,442,,,,,,,10,24,,,,,,
2026-09-28,애큐온캐피탈,233G22,채권,89,502,,,,,,,0,0,,,,,,
2026-09-28,키움캐피탈 주식회사,107F60,채권,89,747,,,,,,,235,597,,,,,,
2026-09-28,여천NCC(주),712EA6,채권,88,854,,,,,,,32,120,,,,,,
2026-09-28,기업은행,12AG17,채권,88,202,,,,,,,0,2,,,,,,
2026-09-28,키움에프앤아이(주),592FB5,채권,87,442,,,,,,,7,14,,,,,,
2026-09-28,한국캐피탈,768G27,채권,87,400,,,,,,,11,29,,,,,,
2026-09-28,엠지캐피탈,295G46,채권,87,384,,,,,,,3,6,,,,,,
2026-09-28,국민주택1종채권,01DG51,채권,86,298,,,,,,,205,252,,,,,,
2026-09-28,산금,03AFB0,채권,86,312,,,,,,,12,7,,,,,,
2026-09-28,우리카드,141EC0,채권,86,364,,,,,,,0,1,,,,,,
2026-09-28,한국동서발전(주),175BB5,채권,85,263,,,,,,,0,1,,,,,,
2026-09-28,엠지캐피탈 주식회사,295G12,채권,85,395,,,,,,,13,27,,,,,,
2026-09-28,푸본현대생명보험 주식회사,951C66,채권,84,708,,,,,,,664,1251,,,,,,
2026-09-28,한국토지신탁,832E28,채권,83,940,,,,,,,27,147,,,,,,
2026-09-28,한국전력,01G9C0,채권,83,131,,,,,,,185,122,,,,,,
2026-09-28,롯데캐피탈,693BB5,채권,82,640,,,,,,,5,13,,,,,,
2026-09-28,에프엔관수 ,03L006,채권,80,40,,,,,,,0,0,,,,,,
2026-09-28,산금,08GF52,채권,79,130,,,,,,,7,6,,,,,,
2026-09-28,한국캐피탈(주),762F99,채권,78,405,,,,,,,2,6,,,,,,
2026-09-28,(주)한국토지신탁,832E85,채권,77,854,,,,,,,32,126,,,,,,
2026-09-28,한국캐피탈,765G38,채권,77,361,,,,,,,1,4,,,,,,
2026-09-28,국민주택1종채권,01DG36,채권,77,306,,,,,,,270,271,,,,,,
2026-09-28,한화생명보험(주),351D83,채권,77,560,,,,,,,482,951,,,,,,
2026-09-28,한국캐피탈,769G67,채권,76,300,,,,,,,0,0,,,,,,
2026-09-28,한국캐피탈,763F56,채권,76,385,,,,,,,20,41,,,,,,
2026-09-28,농업금융채권,03GEB8,채권,75,206,,,,,,,0,2,,,,,,
2026-09-28,롯데손해보험(주),401A57,채권,74,435,,,,,,,386,930,,,,,,
2026-09-28,인천국제공항공사,01GA49,채권,74,533,,,,,,,100,71,,,,,,
2026-09-28,롯데손해보험(주),401D70,채권,74,776,,,,,,,25,137,,,,,,
2026-09-28,국민주택1종채권,01DFC2,채권,73,273,,,,,,,92,155,,,,,,
2026-09-28,씨제이 씨지브이,161F72,채권,73,585,,,,,,,24,69,,,,,,
2026-09-28,국민주택1종채권,01DG77,채권,73,309,,,,,,,278,327,,,,,,
2026-09-28,중소벤처기업진흥공단,04G6B8,채권,72,197,,,,,,,28,10,,,,,,
2026-09-28,에스엘엘중앙 주식회사,331G13,채권,72,498,,,,,,,32,81,,,,,,
2026-09-28,에이치엘홀딩스,982F46,채권,72,436,,,,,,,4,3,,,,,,
2026-09-28,SK에코플랜트,344G22,채권,71,437,,,,,,,151,307,,,,,,
2026-09-28,비엔케이썸제십구차 ,958002,채권,70,49,,,,,,,4,1,,,,,,
2026-09-28,한국남동발전,982B42,채권,69,251,,,,,,,197,242,,,,,,
2026-09-28,주식회사 애큐온캐피탈,235G46,채권,69,354,,,,,,,29,73,,,,,,
2026-09-28,국민주택1종채권,01DD96,채권,69,431,,,,,,,69,103,,,,,,
2026-09-28,뉴스타웨이브제일차 ,275061,채권,69,39,,,,,,,0,0,,,,,,
2026-09-28,(주)제이티비씨,482E83,채권,66,783,,,,,,,46,101,,,,,,
2026-09-28,한국전력,04GA25,채권,66,228,,,,,,,193,173,,,,,,
2026-09-28,한양증권 ,17509V,채권,66,41,,,,,,,81,39,,,,,,
2026-09-28,한국도로공사,07GBA9,채권,66,293,,,,,,,34,15,,,,,,
2026-09-28,국민주택1종채권,01DCA3,채권,65,401,,,,,,,1321,682,,,,,,
2026-09-28,주식회사 애큐온캐피탈,232G72,채권,65,301,,,,,,,0,0,,,,,,
2026-09-28,엠지캐피탈,295G53,채권,64,311,,,,,,,13,19,,,,,,
2026-09-28,국민주택1종채권,01DF94,채권,63,294,,,,,,,130,170,,,,,,
2026-09-28,에이치엔제일차 ,58L005,채권,62,26,,,,,,,212,52,,,,,,
2026-09-28,SK에코플랜트,341G74,채권,61,298,,,,,,,1,11,,,,,,
2026-09-28,엠지캐피탈(주),297FA7,채권,61,483,,,,,,,133,364,,,,,,
2026-09-28,엠지캐피탈(주),297G28,채권,60,342,,,,,,,14,50,,,,,,
2026-09-28,(주)메리츠금융지주,041E24,채권,59,269,,,,,,,488,848,,,,,,
2026-09-28,롯데건설,822EA9,채권,59,531,,,,,,,13,64,,,,,,
2026-09-28,푸본현대생명보험 주식회사,951D40,채권,59,405,,,,,,,345,590,,,,,,
2026-09-28,농협금융지주,263C10,채권,58,226,,,,,,,0,0,,,,,,
2026-09-28,신한은행,016EB6,채권,58,132,,,,,,,0,0,,,,,,
2026-09-28,주식회사 애큐온캐피탈,233G48,채권,57,258,,,,,,,6,22,,,,,,
2026-09-28,국고채권,02GAC2,채권,57,280,,,,,,,133,147,,,,,,
2026-09-28,국민주택1종채권,01DFA6,채권,57,224,,,,,,,186,191,,,,,,
2026-09-28,키움캐피탈 주식회사,101FA0,채권,55,408,,,,,,,44,111,,,,,,
2026-09-28,씨제이 씨지브이,162F71,채권,54,514,,,,,,,15,75,,,,,,
2026-09-28,중앙일보(주),043G29,채권,54,392,,,,,,,27,73,,,,,,
2026-09-28,한진칼,641F45,채권,54,235,,,,,,,0,0,,,,,,
2026-09-28,한국중부발전,5626B0,채권,54,152,,,,,,,128,145,,,,,,
2026-09-28,(주)JB금융지주,332F72,채권,54,256,,,,,,,19,37,,,,,,
2026-09-28,신한자산신탁 주식회사,291F86,채권,53,339,,,,,,,474,631,,,,,,
2026-09-28,국고채권,02GD98,채권,53,211,,,,,,,26,53,,,,,,
2026-09-28,케이디비생명보험(주),801D99,채권,53,410,,,,,,,257,500,,,,,,
2026-09-28,국민주택1종채권,01DC14,채권,53,82,,,,,,,1378,257,,,,,,
2026-09-28,한국투자캐피탈,341G28,채권,52,362,,,,,,,196,400,,,,,,
2026-09-28,에스케이인천석유화학(주),651DA5,채권,52,414,,,,,,,101,153,,,,,,
2026-09-28,(주)우리카드,14EE95,채권,50,220,,,,,,,0,0,,,,,,
2026-09-28,흥국생명보험(주),081C94,채권,50,337,,,,,,,209,352,,,,,,
2026-09-28,하나캐피탈(주),806E47,채권,49,235,,,,,,,0,0,,,,,,
2026-09-28,메리츠캐피탈,371G50,채권,48,188,,,,,,,25,61,,,,,,
2026-09-28,한국캐피탈,763F64,채권,48,355,,,,,,,1,3,,,,,,
2026-09-28,현대제철,023A16,채권,48,218,,,,,,,83,78,,,,,,
2026-09-28,국민주택1종채권,01DE12,채권,47,188,,,,,,,319,271,,,,,,
2026-09-28,DB생명보험(주),291F23,채권,47,261,,,,,,,17,70,,,,,,
2026-09-28,흥국화재해상보험(주),541F38,채권,45,304,,,,,,,830,1465,,,,,,
2026-09-28,국민주택1종채권,01DG28,채권,44,163,,,,,,,60,106,,,,,,
2026-09-28,롯데손해보험(주),401BC4,채권,43,488,,,,,,,41,127,,,,,,
2026-09-28,한국전력공사(주),08GB79,채권,43,308,,,,,,,3,10,,,,,,
2026-09-28,키움캐피탈(주),103FA6,채권,42,256,,,,,,,44,143,,,,,,
2026-09-28,씨제이씨지브이(주),161C75,채권,42,625,,,,,,,235,358,,,,,,
2026-09-28,애큐온캐피탈,235FB5,채권,42,276,,,,,,,49,160,,,,,,
2026-09-28,농협은행(주),02GG19,채권,42,151,,,,,,,0,0,,,,,,
2026-09-28,신한은행,011EB7,채권,42,197,,,,,,,0,0,,,,,,
2026-09-28,한국지역난방공사,01GD91,채권,42,151,,,,,,,13,48,,,,,,
2026-09-28,(주)신한금융지주회사,551D72,채권,41,249,,,,,,,125,218,,,,,,
2026-09-28,중앙일보(주),041F71,채권,41,494,,,,,,,35,117,,,,,,
2026-09-28,국민주택1종채권,01DCC9,채권,40,195,,,,,,,540,347,,,,,,
2026-09-28,국민주택1종채권,01DC71,채권,40,110,,,,,,,536,196,,,,,,
2026-09-28,경기지역개발,022CA7,채권,40,200,,,,,,,50,53,,,,,,
2026-09-28,한국캐피탈,766G45,채권,40,214,,,,,,,0,0,,,,,,
2026-09-28,(주)제주은행,221C92,채권,40,229,,,,,,,31,89,,,,,,
2026-09-28,수산금융채권,03G6B7,채권,40,143,,,,,,,4,4,,,,,,
2026-09-28,국민주택1종채권,01DF86,채권,38,175,,,,,,,87,101,,,,,,
2026-09-28,산은캐피탈,274F83,채권,38,171,,,,,,,43,29,,,,,,
2026-09-28,농금채,07GC17,채권,38,153,,,,,,,0,0,,,,,,
2026-09-28,엠지캐피탈,292G15,채권,38,280,,,,,,,123,242,,,,,,
2026-09-28,에이치앤엘어드밴스드,592C12,채권,37,318,,,,,,,8,31,,,,,,
2026-09-28,(주)KB금융지주,561D24,채권,36,277,,,,,,,39,93,,,,,,
2026-09-28,서울교통공사,01GB67,채권,36,128,,,,,,,0,0,,,,,,
2026-09-28,한국전력,07GA30,채권,36,191,,,,,,,142,179,,,,,,
2026-09-28,동화기업,901F39,채권,36,526,,,,,,,32,68,,,,,,
2026-09-28,한국캐피탈(주),763F49,채권,35,239,,,,,,,31,69,,,,,,
2026-09-28,에이비엘생명보험(주),481F38,채권,35,216,,,,,,,873,1575,,,,,,
2026-09-28,흥국화재해상보험(주),541C56,채권,35,284,,,,,,,25,75,,,,,,
2026-09-28,(주)JB금융지주,331E90,채권,34,148,,,,,,,296,500,,,,,,
2026-09-28,HD현대,252EA7,채권,34,153,,,,,,,0,2,,,,,,
2026-09-28,국고채권,02GC99,채권,34,232,,,,,,,12,37,,,,,,
2026-09-28,미래에셋증권,802C16,채권,34,179,,,,,,,1,4,,,,,,
2026-09-28,롯데카드(주),625E76,채권,34,285,,,,,,,523,1017,,,,,,
2026-09-28,국민주택1종채권,01DG85,채권,33,76,,,,,,,210,179,,,,,,
2026-09-28,한화생명보험(주),351E74,채권,33,209,,,,,,,655,1032,,,,,,
2026-09-28,국민주택1종채권,01DC97,채권,32,228,,,,,,,883,268,,,,,,
2026-09-28,국민주택1종채권,01DD21,채권,32,116,,,,,,,354,158,,,,,,
2026-09-28,한화손해보험(주),371C93,채권,32,240,,,,,,,186,323,,,,,,
2026-09-28,국민주택1종채권,01DFB4,채권,32,135,,,,,,,135,124,,,,,,
2026-09-28,교보생명보험(주),981D59,채권,31,213,,,,,,,270,527,,,,,,
2026-09-28,대한항공,492DB8,채권,31,255,,,,,,,138,274,,,,,,
2026-09-28,국민주택1종채권,01DDB9,채권,31,186,,,,,,,216,186,,,,,,
2026-09-28,국고채권,02GB33,채권,30,322,,,,,,,478,636,,,,,,
2026-09-28,중앙일보(주),041FB5,채권,29,308,,,,,,,17,71,,,,,,
2026-09-28,대한항공,491F16,채권,29,205,,,,,,,92,134,,,,,,
2026-09-28,롯데카드(주),624FC6,채권,29,247,,,,,,,51,105,,,,,,
2026-09-28,주식회사 애큐온캐피탈,232F73,채권,28,333,,,,,,,46,178,,,,,,
2026-09-28,한국투자캐피탈(주),343G34,채권,28,195,,,,,,,149,315,,,,,,
2026-09-28,국고채권,02GDC6,채권,28,118,,,,,,,8,18,,,,,,
2026-09-28,국고채권,02GF39,채권,28,177,,,,,,,82,35,,,,,,
2026-09-28,엠지캐피탈,293F23,채권,28,239,,,,,,,45,137,,,,,,
2026-09-28,서울도시철도,024C70,채권,28,82,,,,,,,26,61,,,,,,
2026-09-28,(주)한국토지신탁,832F43,채권,27,317,,,,,,,15,43,,,,,,
2026-09-28,(주)메리츠금융지주,041F49,채권,27,135,,,,,,,610,880,,,,,,
2026-09-28,에스케이온 주식회사,711FB1,채권,27,210,,,,,,,48,127,,,,,,
2026-09-28,서울도시철도,024CB2,채권,27,187,,,,,,,94,161,,,,,,
2026-09-28,(주)DGB캐피탈,942E57,채권,27,186,,,,,,,28,79,,,,,,
2026-09-28,서울도시철도,024CA4,채권,27,166,,,,,,,96,138,,,,,,
2026-09-28,(주)KB손해보험,551C67,채권,27,159,,,,,,,140,290,,,,,,
2026-09-28,농협생명보험(주),181C34,채권,26,158,,,,,,,430,654,,,,,,
2026-09-28,흥국생명보험(주),081F26,채권,26,144,,,,,,,855,1533,,,,,,
2026-09-28,(주)엘앤에프,971F95,채권,26,3662,,,,,,,25,1237,,,,,,
2026-09-28,한국캐피탈(주),764F55,채권,26,279,,,,,,,145,342,,,,,,
2026-09-28,(주)제주은행,221E25,채권,26,140,,,,,,,166,322,,,,,,
2026-09-28,한국캐피탈(주),763FC1,채권,26,161,,,,,,,49,118,,,,,,
2026-09-28,두산퓨얼셀(주),262F82,채권,25,224,,,,,,,155,299,,,,,,
2026-09-28,국민주택1종채권,01DC63,채권,25,178,,,,,,,538,362,,,,,,
2026-09-28,(주)BNK금융지주,931D93,채권,25,122,,,,,,,57,132,,,,,,
2026-09-28,주택금융공사MBS,14G9B6,채권,25,120,,,,,,,473,78,,,,,,
2026-09-28,메리츠캐피탈(주),371E60,채권,25,135,,,,,,,200,404,,,,,,
2026-09-28,한화오션(주),662F25,채권,25,161,,,,,,,221,473,,,,,,
2026-09-28,한국캐피탈,761G40,채권,25,125,,,,,,,34,45,,,,,,
2026-09-28,농금채,01GA31,채권,25,63,,,,,,,248,123,,,,,,
2026-09-28,국고채권,02GC65,채권,25,286,,,,,,,56,59,,,,,,
2026-09-28,(주)JB금융지주,331D26,채권,25,202,,,,,,,188,398,,,,,,
2026-09-28,한화손해보험(주),371F17,채권,25,149,,,,,,,663,1105,,,,,,
2026-09-28,교보생명보험(주),981E82,채권,24,171,,,,,,,218,304,,,,,,
2026-09-28,국민주택1종채권,01DD70,채권,24,113,,,,,,,161,139,,,,,,
2026-09-28,KB금융지주,564A81,채권,24,115,,,,,,,72,37,,,,,,
2026-09-28,국고채권,04GD96,채권,24,113,,,,,,,15,21,,,,,,
2026-09-28,(주)시스웍,621BB5,채권,24,1146,,,,,,,29,389,,,,,,
2026-09-28,이지스자산운용주식회사,153F58,채권,23,261,,,,,,,4,26,,,,,,
2026-09-28,엠지캐피탈 주식회사,293G63,채권,23,121,,,,,,,26,68,,,,,,
2026-09-28,KB금융지주,563A66,채권,23,92,,,,,,,65,72,,,,,,
2026-09-28,서울교통공사,03GAB9,채권,23,132,,,,,,,65,53,,,,,,
2026-09-28,엠지캐피탈,296G52,채권,23,148,,,,,,,55,79,,,,,,
2026-09-28,대신자산신탁,7K1G22,채권,23,146,,,,,,,87,143,,,,,,
2026-09-28,주식회사 애큐온캐피탈,233G97,채권,22,130,,,,,,,0,0,,,,,,
2026-09-28,한국남동발전,981B19,채권,22,138,,,,,,,55,66,,,,,,
2026-09-28,한국캐피탈,762G23,채권,22,151,,,,,,,65,170,,,,,,
2026-09-28,롯데쇼핑,531F40,채권,22,149,,,,,,,58,93,,,,,,
2026-09-28,한국전력,05G9C6,채권,22,141,,,,,,,67,81,,,,,,
2026-09-28,서울교통공사,01GAB3,채권,22,113,,,,,,,149,91,,,,,,
2026-09-28,(주)우리금융지주,141995,채권,21,104,,,,,,,217,230,,,,,,
2026-09-28,국민주택1종채권,01DE20,채권,21,105,,,,,,,104,114,,,,,,
2026-09-28,국고채권,04GC97,채권,21,139,,,,,,,20,32,,,,,,
2026-09-28,농금채,01GA98,채권,21,91,,,,,,,170,124,,,,,,
2026-09-28,엠캐피탈(주),297F11,채권,21,268,,,,,,,31,100,,,,,,
2026-09-28,(주)KB손해보험,551F31,채권,20,108,,,,,,,402,604,,,,,,
2026-09-28,수협은행,01GE34,채권,20,119,,,,,,,243,464,,,,,,
2026-09-28,한국전력공사(주),02G924,채권,20,115,,,,,,,61,97,,,,,,
2026-09-28,(주)우리금융지주,142993,채권,20,131,,,,,,,129,235,,,,,,
2026-09-28,한국캐피탈(주),767G28,채권,20,108,,,,,,,65,131,,,,,,
2026-09-28,(주)한국중부발전,561A70,채권,20,96,,,,,,,98,129,,,,,,
2026-09-28,아이비케이캐피탈,455F81,채권,20,126,,,,,,,2,7,,,,,,
2026-09-28,국민주택1종채권,01DG69,채권,20,69,,,,,,,167,145,,,,,,
2026-09-28,에이비엘생명보험(주),481EC1,채권,20,122,,,,,,,754,1290,,,,,,
2026-09-28,동양생명보험(주),641EA4,채권,20,120,,,,,,,245,495,,,,,,
2026-09-28,이마트,483B46,채권,20,198,,,,,,,48,88,,,,,,
2026-09-28,메리츠캐피탈,378EA9,채권,20,214,,,,,,,58,148,,,,,,
2026-09-28,국고채권,02GE30,채권,20,149,,,,,,,19,40,,,,,,
2026-09-28,신한금융지주,552766,채권,20,54,,,,,,,70,85,,,,,,
2026-09-28,국민주택1종채권,01DD39,채권,20,70,,,,,,,105,93,,,,,,
2026-09-28,씨제이씨지브이(주),161F56,채권,19,196,,,,,,,109,269,,,,,,
2026-09-28,한국중부발전,561939,채권,19,56,,,,,,,58,59,,,,,,
2026-09-28,국민주택1종채권,01DE46,채권,19,110,,,,,,,158,151,,,,,,
2026-09-28,서울주택도시공사,01DF21,채권,19,122,,,,,,,58,68,,,,,,
2026-09-28,(주)이마트24,051EB1,채권,19,101,,,,,,,216,405,,,,,,
2026-09-28,에이치디현대오일뱅크,053A27,채권,19,65,,,,,,,108,75,,,,,,
2026-09-28,두산에너빌리티(주),022E93,채권,19,157,,,,,,,170,277,,,,,,
2026-09-28,메리츠화재해상보험(주),061E88,채권,19,135,,,,,,,297,450,,,,,,
2026-09-28,엠지캐피탈,293F72,채권,19,259,,,,,,,55,172,,,,,,
2026-09-28,(주)KB금융지주,561C58,채권,19,102,,,,,,,231,286,,,,,,
2026-09-28,한국중부발전,5619B5,채권,18,98,,,,,,,42,56,,,,,,
2026-09-28,한국투자캐피탈,349G61,채권,18,147,,,,,,,260,459,,,,,,
2026-09-28,풀무원식품(주),161EB6,채권,18,170,,,,,,,12,34,,,,,,
2026-09-28,국민주택1종채권,01DD62,채권,18,94,,,,,,,67,102,,,,,,
2026-09-28,엠지캐피탈(주),299FB1,채권,18,120,,,,,,,36,104,,,,,,
2026-09-28,(주)이랜드월드,651G21,채권,18,220,,,,,,,4,31,,,,,,
2026-09-28,서울도시철도,024C96,채권,18,131,,,,,,,38,72,,,,,,
2026-09-28,국민주택1종채권,01DC89,채권,18,136,,,,,,,621,233,,,,,,
2026-09-28,에스케이인천석유화학,652BA7,채권,18,159,,,,,,,43,118,,,,,,
2026-09-28,국민주택1종채권,01DB98,채권,18,36,,,,,,,6,14,,,,,,
2026-09-28,서울도시철도,024CC0,채권,18,110,,,,,,,82,94,,,,,,
2026-09-28,엠지캐피탈,293G89,채권,18,153,,,,,,,40,122,,,,,,
2026-09-28,한국캐피탈(주),766F20,채권,18,187,,,,,,,76,177,,,,,,
2026-09-28,롯데캐피탈(주),692F59,채권,17,135,,,,,,,10,36,,,,,,
2026-09-28,(주)KB금융지주,563B24,채권,17,39,,,,,,,3,10,,,,,,
2026-09-28,롯데캐피탈(주),694G64,채권,17,141,,,,,,,65,126,,,,,,
2026-09-28,엠지캐피탈,291G65,채권,17,138,,,,,,,80,132,,,,,,
2026-09-28,NH농협금융지주(주),261C38,채권,17,106,,,,,,,389,562,,,,,,
2026-09-28,(주)메리츠금융지주,041G14,채권,17,125,,,,,,,218,301,,,,,,
2026-09-28,한국중부발전,561962,채권,17,71,,,,,,,77,78,,,,,,
2026-09-28,(주)메리츠금융지주,041C26,채권,17,122,,,,,,,346,571,,,,,,
2026-09-28,엠지캐피탈 주식회사,294G70,채권,16,129,,,,,,,25,63,,,,,,
2026-09-28,한화생명보험(주),351E90,채권,16,113,,,,,,,263,456,,,,,,
2026-09-28,경기지역개발,022C49,채권,16,15,,,,,,,62,31,,,,,,
2026-09-28,경기지역개발,022G11,채권,16,105,,,,,,,4,24,,,,,,
2026-09-28,신한카드,71AA61,채권,16,76,,,,,,,82,64,,,,,,
2026-09-28,국고채권,03GB99,채권,16,164,,,,,,,4,24,,,,,,
2026-09-28,한국투자캐피탈,342F69,채권,15,194,,,,,,,156,320,,,,,,
2026-09-28,한국투자캐피탈,345FC6,채권,15,163,,,,,,,93,232,,,,,,
2026-09-28,국민주택1종채권,01DE53,채권,15,92,,,,,,,76,96,,,,,,
2026-09-28,국민주택1종채권,01DG93,채권,15,90,,,,,,,52,69,,,,,,
2026-09-28,국민주택1종채권,01DBA5,채권,15,167,,,,,,,668,110,,,,,,
2026-09-28,(주)하나금융지주,791C60,채권,15,90,,,,,,,75,100,,,,,,
2026-09-28,유니켐,331FB3,채권,15,98,,,,,,,19,12,,,,,,
2026-09-28,농협금융지주,263B11,채권,15,59,,,,,,,177,151,,,,,,
2026-09-28,SK에코플랜트,343F24,채권,15,151,,,,,,,7,33,,,,,,
2026-09-28,메리츠캐피탈,378F47,채권,15,168,,,,,,,33,65,,,,,,
2026-09-28,국고채권,02G3C1,채권,15,118,,,,,,,4,20,,,,,,
2026-09-28,한화생명보험(주),351C68,채권,14,132,,,,,,,207,434,,,,,,
2026-09-28,서울도시철도,024C88,채권,14,79,,,,,,,17,38,,,,,,
2026-09-28,키움캐피탈 주식회사,103G22,채권,14,121,,,,,,,65,150,,,,,,
2026-09-28,국민주택1종채권,01DE38,채권,14,67,,,,,,,64,70,,,,,,
2026-09-28,국민주택1종채권,01DF45,채권,14,87,,,,,,,152,92,,,,,,
2026-09-28,한국투자캐피탈(주),342F36,채권,14,156,,,,,,,250,480,,,,,,
2026-09-28,국민주택1종채권,01DE61,채권,14,86,,,,,,,147,105,,,,,,
2026-09-28,한국투자캐피탈(주),342EA0,채권,14,202,,,,,,,204,423,,,,,,
2026-09-28,주식회사 애큐온캐피탈,231G65,채권,14,135,,,,,,,33,96,,,,,,
2026-09-28,(주)우리금융지주,141C76,채권,14,46,,,,,,,7,14,,,,,,
2026-09-28,국민주택1종채권,01DC48,채권,14,55,,,,,,,233,87,,,,,,
2026-09-28,코리안리재보험(주),691D32,채권,14,136,,,,,,,59,127,,,,,,
2026-09-28,(주)대한항공,492E24,채권,14,97,,,,,,,86,126,,,,,,
2026-09-28,서울도시철도,024E94,채권,14,160,,,,,,,12,65,,,,,,
2026-09-28,S-Oil,952A34,채권,14,75,,,,,,,83,75,,,,,,
2026-09-28,중소기업은행,02GC82,채권,14,79,,,,,,,72,84,,,,,,
2026-09-28,(주)대한항공,492E65,채권,14,140,,,,,,,51,77,,,,,,
2026-09-28,서울도시철도,024G68,채권,14,82,,,,,,,7,38,,,,,,
2026-09-28,에스엘엘중앙 주식회사,331G47,채권,14,70,,,,,,,3,16,,,,,,
2026-09-28,국민주택1종채권,01DF60,채권,13,36,,,,,,,32,42,,,,,,
2026-09-28,한국캐피탈,762F57,채권,13,156,,,,,,,77,182,,,,,,
2026-09-28,경기주택도시공사,02DG98,채권,13,1,,,,,,,1,1,,,,,,
2026-09-28,원에프디제일차 ,95V004,채권,13,4,,,,,,,9,5,,,,,,
2026-09-28,(주)메리츠금융지주,041B92,채권,13,99,,,,,,,260,331,,,,,,
2026-09-28,중앙일보(주),042EB6,채권,13,227,,,,,,,21,71,,,,,,
2026-09-28,(주)이랜드월드,652F88,채권,13,241,,,,,,,1,20,,,,,,
2026-09-28,메리츠캐피탈(주),378F21,채권,13,124,,,,,,,30,92,,,,,,
2026-09-28,우리은행조건부,032A62,채권,13,106,,,,,,,122,180,,,,,,
2026-09-28,랜드마크경산제일차 ,985014,채권,13,7,,,,,,,90,31,,,,,,
2026-09-28,금호타이어(주),242F45,채권,13,76,,,,,,,11,36,,,,,,
2026-09-28,엠지캐피탈,292G64,채권,13,89,,,,,,,36,83,,,,,,
2026-09-28,경기지역개발,022CB5,채권,13,86,,,,,,,63,91,,,,,,
2026-09-28,서울도시철도,024G35,채권,13,65,,,,,,,7,24,,,,,,
2026-09-28,농협은행(주),01GD70,채권,13,123,,,,,,,61,154,,,,,,
2026-09-28,(주)국민은행,005C67,채권,13,80,,,,,,,8,32,,,,,,
2026-09-28,한국캐피탈,764F48,채권,13,122,,,,,,,75,190,,,,,,
2026-09-28,신한금융지주,5539A0,채권,13,65,,,,,,,99,77,,,,,,
2026-09-28,서울도시철도,024G76,채권,13,99,,,,,,,23,42,,,,,,
2026-09-28,(주)하나금융지주,791D85,채권,13,87,,,,,,,9,23,,,,,,
2026-09-28,엠지캐피탈(주),291FC6,채권,12,135,,,,,,,37,84,,,,,,
2026-09-28,신한금융지주,553749,채권,12,61,,,,,,,33,32,,,,,,
2026-09-28,흥국생명보험(주),081C37,채권,12,76,,,,,,,191,292,,,,,,
2026-09-28,에스케이온 주식회사,712DA6,채권,12,117,,,,,,,7,17,,,,,,
2026-09-28,농협은행(주),02GC70,채권,12,69,,,,,,,15,21,,,,,,
2026-09-28,대한항공,493E23,채권,12,87,,,,,,,11,21,,,,,,
2026-09-28,에스엘엘중앙,332F39,채권,12,106,,,,,,,2,14,,,,,,
2026-09-28,SK에코플랜트,343G72,채권,12,89,,,,,,,36,75,,,,,,
2026-09-28,(주)한진해운,931164,채권,12,58,,,,,,,12,41,,,,,,
2026-09-28,(주)JB금융지주,331EC6,채권,12,96,,,,,,,252,524,,,,,,
2026-09-28,현대제철,023B15,채권,12,80,,,,,,,158,171,,,,,,
2026-09-28,한화오션,662F74,채권,12,128,,,,,,,65,128,,,,,,
2026-09-28,국고채권,02G594,채권,12,56,,,,,,,4,13,,,,,,
2026-09-28,서울도시철도,024DC8,채권,12,79,,,,,,,52,75,,,,,,
2026-09-28,(주)아티타야,6D1F37,채권,12,2,,,,,,,5,3,,,,,,
2026-09-28,(주)오텍,171G17,채권,12,28,,,,,,,6,8,,,,,,
2026-09-28,서울도시철도,024DA2,채권,12,116,,,,,,,42,80,,,,,,
2026-09-28,대한항공,492G63,채권,12,61,,,,,,,4,15,,,,,,
2026-09-28,한화손해보험(주),371E83,채권,12,139,,,,,,,275,479,,,,,,
2026-09-28,한국투자금융지주(주),051F98,채권,11,62,,,,,,,14,17,,,,,,
2026-09-28,한국철도공사,02GB23,채권,11,67,,,,,,,119,83,,,,,,
2026-09-28,키움캐피탈 주식회사,102FC4,채권,11,80,,,,,,,2,13,,,,,,
2026-09-28,인천국제공항공사,01GA80,채권,11,73,,,,,,,178,153,,,,,,
2026-09-28,CJ대한통운,123B20,채권,11,1,,,,,,,0,0,,,,,,
2026-09-28,엠지캐피탈 주식회사,294FB2,채권,11,91,,,,,,,8,28,,,,,,
2026-09-28,서울도시철도,024D95,채권,11,159,,,,,,,17,83,,,,,,
2026-09-28,서울도시철도,024DB0,채권,11,102,,,,,,,32,84,,,,,,
2026-09-28,엠지캐피탈,294G47,채권,11,128,,,,,,,67,144,,,,,,
2026-09-28,엠지캐피탈(주),296G29,채권,11,84,,,,,,,16,49,,,,,,
2026-09-28,한국투자캐피탈(주),343F43,채권,10,146,,,,,,,161,305,,,,,,
2026-09-28,서울도시철도,284AB6,채권,10,26,,,,,,,104,49,,,,,,
2026-09-28,제이스코홀딩스,441G71,채권,10,1,,,,,,,0,0,,,,,,
2026-09-28,키움캐피탈 주식회사,101F58,채권,10,103,,,,,,,35,70,,,,,,
2026-09-28,한국전력공사(주),13GBC6,채권,10,93,,,,,,,53,67,,,,,,
2026-09-28,토지주택채권,01DG22,채권,10,28,,,,,,,14,18,,,,,,
2026-09-28,메리츠캐피탈(주),376F64,채권,10,51,,,,,,,258,405,,,,,,
2026-09-28,인천국제공항공사,01GB14,채권,10,63,,,,,,,88,46,,,,,,
2026-09-28,메리츠화재해상보험(주),061F20,채권,10,73,,,,,,,201,376,,,,,,
2026-09-28,한국캐피탈,765G20,채권,10,54,,,,,,,55,93,,,,,,
2026-09-28,대한항공,493F97,채권,10,53,,,,,,,11,8,,,,,,
2026-09-28,서울도시철도,024F85,채권,10,73,,,,,,,6,20,,,,,,
2026-09-28,서울도시철도,024E11,채권,10,74,,,,,,,30,57,,,,,,
2026-09-28,서울도시철도,024C47,채권,10,67,,,,,,,14,34,,,,,,
2026-09-28,한화오션,662EB7,채권,10,101,,,,,,,40,93,,,,,,
2026-09-28,한국전력,01GC26,채권,10,64,,,,,,,95,99,,,,,,
2026-09-28,(주)한진해운,931263,채권,10,54,,,,,,,9,32,,,,,,
2026-09-28,국고채권,02GCC8,채권,10,141,,,,,,,8,19,,,,,,
2026-09-28,SKC(주),791G23,채권,10,74,,,,,,,9,31,,,,,,
2026-09-28,(주)JB금융지주,331E41,채권,10,62,,,,,,,165,328,,,,,,
2026-09-28,두산퓨얼셀(주),262F33,채권,9,96,,,,,,,86,139,,,,,,
2026-09-28,한국캐피탈,767F37,채권,9,48,,,,,,,74,168,,,,,,
2026-09-28,흥국생명보험(주),081FC1,채권,9,100,,,,,,,379,665,,,,,,
2026-09-28,한국투자캐피탈(주),342F28,채권,9,94,,,,,,,138,277,,,,,,
2026-09-28,흥국화재해상보험(주),541G37,채권,9,71,,,,,,,148,255,,,,,,
2026-09-28,한국유니온제약(주),072001,채권,9,33,,,,,,,6,14,,,,,,
2026-09-28,엠지캐피탈 주식회사,294G96,채권,9,75,,,,,,,60,123,,,,,,
2026-09-28,국민주택1종채권,01DBB3,채권,9,50,,,,,,,604,79,,,,,,
2026-09-28,인천국제공항공사,01GAA3,채권,9,25,,,,,,,89,48,,,,,,
2026-09-28,키움캐피탈 주식회사,102FB6,채권,9,37,,,,,,,29,75,,,,,,
2026-09-28,LG화학,913B27,채권,9,32,,,,,,,163,112,,,,,,
2026-09-28,서울도시철도,024C62,채권,9,49,,,,,,,15,39,,,,,,
2026-09-28,(주)태영건설,411B71,채권,9,500,,,,,,,2,60,,,,,,
2026-09-28,우리카드,141A30,채권,9,36,,,,,,,85,53,,,,,,
2026-09-28,한진,322G12,채권,9,23,,,,,,,40,53,,,,,,
2026-09-28,한국서부발전,622AC1,채권,9,45,,,,,,,62,64,,,,,,
2026-09-28,(주)KB금융지주,561F14,채권,9,77,,,,,,,140,121,,,,,,
2026-09-28,아이에스동서 ,078051,채권,9,2,,,,,,,17,10,,,,,,
2026-09-28,경기지역개발,022D97,채권,9,68,,,,,,,11,52,,,,,,
2026-09-28,(주)이랜드월드,651G47,채권,9,107,,,,,,,2,14,,,,,,
2026-09-28,에이치앤엘어드밴스드,592E28,채권,8,126,,,,,,,8,32,,,,,,
2026-09-28,국고채권,02GD64,채권,8,107,,,,,,,11,15,,,,,,
2026-09-28,충청남도개발공사,01DFC3,채권,8,2,,,,,,,0,0,,,,,,
2026-09-28,토지주택채권,01DFB5,채권,8,80,,,,,,,32,42,,,,,,
2026-09-28,국민주택1종채권,01DD13,채권,8,58,,,,,,,105,96,,,,,,
2026-09-28,국민주택1종채권,01DD54,채권,8,57,,,,,,,42,50,,,,,,
2026-09-28,두산에너빌리티(주),022F68,채권,8,73,,,,,,,82,123,,,,,,
2026-09-28,토지주택채권,03GB14,채권,8,37,,,,,,,88,51,,,,,,
2026-09-28,엔에이치에프제3호비공공임대유동화전문(유),191514,채권,8,47,,,,,,,6,11,,,,,,
2026-09-28,비나리제이차 ,43V004,채권,8,6,,,,,,,87,23,,,,,,
2026-09-28,위드지엠제사십이차 ,04B001,채권,8,5,,,,,,,20,7,,,,,,
2026-09-28,엠지캐피탈,293F56,채권,8,86,,,,,,,45,112,,,,,,
2026-09-28,경기지역개발,022G37,채권,8,68,,,,,,,4,25,,,,,,
2026-09-28,강원지역개발,022G43,채권,8,52,,,,,,,3,12,,,,,,
2026-09-28,(주)우리은행,036DA8,채권,8,64,,,,,,,4,14,,,,,,
2026-09-28,경기지역개발,022CC3,채권,8,67,,,,,,,51,54,,,,,,
2026-09-28,대한항공,492EA8,채권,8,64,,,,,,,2,10,,,,,,
2026-09-28,국고채권,02GE63,채권,8,71,,,,,,,12,14,,,,,,
2026-09-28,서울도시철도,024D87,채권,8,73,,,,,,,9,42,,,,,,
2026-09-28,부산항만공사,01GG26,채권,8,39,,,,,,,0,1,,,,,,
2026-09-28,한국캐피탈,763G89,채권,8,63,,,,,,,91,194,,,,,,
2026-09-28,한국동서발전,173741,채권,8,40,,,,,,,53,56,,,,,,
2026-09-28,한국자산신탁,892F25,채권,8,113,,,,,,,4,18,,,,,,
2026-09-28,(주)경남은행,521C55,채권,8,60,,,,,,,7,16,,,,,,
2026-09-28,지원제일차 ,158033,채권,8,3,,,,,,,95,18,,,,,,
2026-09-28,풀무원식품,161BA4,채권,8,135,,,,,,,1,15,,,,,,
2026-09-28,서울주택도시공사,01DE71,채권,8,27,,,,,,,0,0,,,,,,
2026-09-28,국민주택1종채권,01DE79,채권,7,55,,,,,,,44,56,,,,,,
2026-09-28,하림지주,382F42,채권,7,114,,,,,,,50,133,,,,,,
2026-09-28,(주)우리금융지주,141CA7,채권,7,56,,,,,,,9,15,,,,,,
2026-09-28,뉴스타서킷제일차 ,59A004,채권,7,3,,,,,,,80,21,,,,,,
2026-09-28,한국전력공사(주),01GA36,채권,7,51,,,,,,,51,69,,,,,,
2026-09-28,충북지역개발,022G30,채권,7,55,,,,,,,6,18,,,,,,
2026-09-28,(주)KB금융지주,562BA1,채권,7,34,,,,,,,59,67,,,,,,
2026-09-28,국민주택1종채권,01DC55,채권,7,46,,,,,,,5,22,,,,,,
2026-09-28,(주)KB금융지주,561C82,채권,7,53,,,,,,,64,107,,,,,,
2026-09-28,한국투자캐피탈,342G50,채권,7,42,,,,,,,75,145,,,,,,
2026-09-28,인천국제공항공사,01GG50,채권,7,61,,,,,,,8,23,,,,,,
2026-09-28,국민주택1종채권,01DBC1,채권,7,30,,,,,,,1017,127,,,,,,
2026-09-28,에이치엘디앤아이한라(주),792F68,채권,7,155,,,,,,,6,35,,,,,,
2026-09-28,한국철도공사,03G778,채권,7,38,,,,,,,84,75,,,,,,
2026-09-28,케이지모빌리티,622DC8,채권,7,47,,,,,,,6,10,,,,,,
2026-09-28,(주)하나금융지주,791E27,채권,7,50,,,,,,,43,108,,,,,,
2026-09-28,한국전력공사(주),02G957,채권,7,22,,,,,,,43,34,,,,,,
2026-09-28,한국투자캐피탈,344G90,채권,7,48,,,,,,,72,124,,,,,,
2026-09-28,국민주택1종채권,01DEC5,채권,7,34,,,,,,,81,54,,,,,,
2026-09-28,한국투자캐피탈(주),348E49,채권,7,120,,,,,,,71,192,,,,,,
2026-09-28,주택금융공사MBS,08GC85,채권,7,72,,,,,,,4,16,,,,,,
2026-09-28,(주)스피어코퍼레이션,701G12,채권,7,2,,,,,,,0,0,,,,,,
2026-09-28,서울도시철도,024F10,채권,7,48,,,,,,,2,15,,,,,,
2026-09-28,에코프로,522F22,채권,7,124,,,,,,,5,12,,,,,,
2026-09-28,삼성중공업,141F98,채권,7,50,,,,,,,38,72,,,,,,
2026-09-28,삼성카드(주),785B51,채권,7,38,,,,,,,82,108,,,,,,
2026-09-28,(주)두산,153F11,채권,7,99,,,,,,,80,197,,,,,,
2026-09-28,경기지역개발,022C98,채권,7,36,,,,,,,13,15,,,,,,
2026-09-28,서울도시철도,274A61,채권,7,23,,,,,,,49,30,,,,,,
2026-09-28,서울도시철도,024B89,채권,7,56,,,,,,,17,48,,,,,,
2026-09-28,울산지역개발,012G42,채권,7,63,,,,,,,4,13,,,,,,
2026-09-28,서울도시철도,0249C5,채권,7,20,,,,,,,99,39,,,,,,
2026-09-28,한국캐피탈,763F15,채권,7,80,,,,,,,86,197,,,,,,
2026-09-28,신한라이프생명보험주식회사,261D64,채권,7,37,,,,,,,3,7,,,,,,
2026-09-28,한국철도공사,02G689,채권,6,24,,,,,,,62,43,,,,,,
2026-09-28,(주)DGB금융지주,131D65,채권,6,66,,,,,,,63,135,,,,,,
2026-09-28,DB손보신종자본증권 ,831G68,채권,6,33,,,,,,,75,105,,,,,,
2026-09-28,(주)한국토지신탁,831F44,채권,6,66,,,,,,,4,12,,,,,,
2026-09-28,한화호텔앤드리조트(주),612G48,채권,6,49,,,,,,,8,18,,,,,,
2026-09-28,엠지캐피탈(주),294G88,채권,6,33,,,,,,,13,28,,,,,,
2026-09-28,국민주택1종채권,01DDC7,채권,6,68,,,,,,,192,163,,,,,,
2026-09-28,한국투자캐피탈(주),341F37,채권,6,91,,,,,,,57,156,,,,,,
2026-09-28,에스케이인천석유화학,653E15,채권,6,46,,,,,,,1,3,,,,,,
2026-09-28,국민주택1종채권,01DF11,채권,6,35,,,,,,,34,25,,,,,,
2026-09-28,포스코홀딩스(주),4939A8,채권,6,39,,,,,,,168,176,,,,,,
2026-09-28,한국캐피탈(주),765G46,채권,6,43,,,,,,,81,162,,,,,,
2026-09-28,(주)케이비국민카드,171E48,채권,6,44,,,,,,,10,18,,,,,,
2026-09-28,한국가스공사,01G996,채권,6,17,,,,,,,91,62,,,,,,
2026-09-28,국민주택1종채권,01DC30,채권,6,43,,,,,,,325,69,,,,,,
2026-09-28,SK,733A22,채권,6,34,,,,,,,93,53,,,,,,
2026-09-28,국고채권,02GF62,채권,6,38,,,,,,,1,11,,,,,,
2026-09-28,충남지역개발,022G41,채권,6,24,,,,,,,1,6,,,,,,
2026-09-28,국고채권,02GE97,채권,6,75,,,,,,,33,30,,,,,,
2026-09-28,(주)대한항공,493E64,채권,6,46,,,,,,,4,12,,,,,,
2026-09-28,한국캐피탈,762FC3,채권,6,47,,,,,,,73,148,,,,,,
2026-09-28,(주)신한은행,012C56,채권,6,55,,,,,,,87,127,,,,,,
2026-09-28,한국캐피탈,763G30,채권,6,59,,,,,,,90,172,,,,,,
2026-09-28,한국캐피탈,763FA5,채권,6,63,,,,,,,47,106,,,,,,
2026-09-28,NHF제,131629,채권,6,48,,,,,,,3,7,,,,,,
2026-09-28,삼성제약(주),362F81,채권,6,2,,,,,,,2,1,,,,,,
2026-09-28,한국캐피탈,769G91,채권,6,63,,,,,,,51,121,,,,,,
2026-09-28,서울도시철도,024B97,채권,6,36,,,,,,,53,47,,,,,,
2026-09-28,SK에코플랜트,344F72,채권,6,57,,,,,,,13,22,,,,,,
2026-09-28,LG전자,574528,채권,6,38,,,,,,,1,5,,,,,,
2026-09-28,서울도시철도,034BB3,채권,6,43,,,,,,,55,40,,,,,,
2026-09-28,서울도시철도,024BA6,채권,6,23,,,,,,,64,38,,,,,,
2026-09-28,서울도시철도,274AA9,채권,6,15,,,,,,,105,52,,,,,,
2026-09-28,경기지역개발,022DB3,채권,6,32,,,,,,,17,25,,,,,,
2026-09-28,한국캐피탈,762EB8,채권,6,51,,,,,,,90,172,,,,,,
2026-09-28,서울도시철도,024G43,채권,6,32,,,,,,,15,13,,,,,,
2026-09-28,서울도시철도,024B55,채권,6,39,,,,,,,60,60,,,,,,
2026-09-28,경기지역개발,022DC1,채권,6,47,,,,,,,8,33,,,,,,
2026-09-28,AJ네트웍스,572F22,채권,6,66,,,,,,,6,17,,,,,,
2026-09-28,코리안리재보험(주),691C58,채권,5,46,,,,,,,50,90,,,,,,
2026-09-28,한국캐피탈,762G56,채권,5,40,,,,,,,41,103,,,,,,
2026-09-28,엠지캐피탈 주식회사,292G98,채권,5,46,,,,,,,24,57,,,,,,
2026-09-28,키움캐피탈 주식회사,102F57,채권,5,91,,,,,,,42,32,,,,,,
2026-09-28,충남지역개발,022CB1,채권,5,23,,,,,,,12,10,,,,,,
2026-09-28,토지주택채권,01DG14,채권,5,13,,,,,,,52,4,,,,,,
2026-09-28,에이케이비제일차 ,506026,채권,5,3,,,,,,,20,9,,,,,,
2026-09-28,키움캐피탈(주),103G71,채권,5,54,,,,,,,64,123,,,,,,
2026-09-28,한국투자캐피탈,344FA3,채권,5,67,,,,,,,49,109,,,,,,
2026-09-28,한화손해보험(주),371C36,채권,5,55,,,,,,,77,141,,,,,,
2026-09-28,한국투자캐피탈(주),344E50,채권,5,75,,,,,,,69,181,,,,,,
2026-09-28,화이트보어오류 ,182027,채권,5,3,,,,,,,9,4,,,,,,
2026-09-28,한국캐피탈(주),764EC2,채권,5,54,,,,,,,43,122,,,,,,
2026-09-28,골든파크에스티 ,823008,채권,5,5,,,,,,,69,22,,,,,,
2026-09-28,하나캐피탈(주),801F82,채권,5,43,,,,,,,78,94,,,,,,
2026-09-28,한국캐피탈(주),76AG79,채권,5,33,,,,,,,14,41,,,,,,
2026-09-28,주택도시보증공사,01GEB1,채권,5,37,,,,,,,57,62,,,,,,
2026-09-28,한국투자캐피탈(주),344G58,채권,5,27,,,,,,,44,70,,,,,,
2026-09-28,한국가스공사,01G962,채권,5,20,,,,,,,71,36,,,,,,
2026-09-28,SK지오센트릭(주),102G93,채권,5,30,,,,,,,5,16,,,,,,
2026-09-28,(주)BNK금융지주,931E27,채권,5,66,,,,,,,105,215,,,,,,
2026-09-28,서울주택도시개발공사,01DG61,채권,5,29,,,,,,,33,10,,,,,,
2026-09-28,주식회사 애큐온캐피탈,232F16,채권,5,91,,,,,,,0,3,,,,,,
2026-09-28,(주)KB금융지주,561C25,채권,5,25,,,,,,,120,71,,,,,,
2026-09-28,엠지캐피탈(주),296F87,채권,5,62,,,,,,,21,51,,,,,,
2026-09-28,한국투자캐피탈,341F60,채권,5,99,,,,,,,71,148,,,,,,
2026-09-28,에스케이하이닉스,664B41,채권,5,55,,,,,,,43,82,,,,,,
2026-09-28,(주)우리금융지주,141E66,채권,5,15,,,,,,,1,3,,,,,,
2026-09-28,롯데건설 ,082057,채권,5,3,,,,,,,116,38,,,,,,
2026-09-28,키움캐피탈,105F39,채권,5,24,,,,,,,15,29,,,,,,
2026-09-28,LG화학,913A28,채권,5,28,,,,,,,92,52,,,,,,
2026-09-28,대전도시공사,01DG26,채권,5,2,,,,,,,0,1,,,,,,
2026-09-28,한국캐피탈,762G72,채권,5,53,,,,,,,51,120,,,,,,
2026-09-28,동화기업,901G61,채권,5,69,,,,,,,1,8,,,,,,
2026-09-28,SKC(주),792G22,채권,5,46,,,,,,,8,15,,,,,,
2026-09-28,엠캐피탈(주),294EA7,채권,5,68,,,,,,,6,18,,,,,,
2026-09-28,농협은행(주),04GE50,채권,5,47,,,,,,,118,164,,,,,,
2026-09-28,경기지역개발,022DA5,채권,5,44,,,,,,,18,39,,,,,,
2026-09-28,(주)대한항공,492F56,채권,5,27,,,,,,,57,101,,,,,,
2026-09-28,노원제일차 ,88X027,채권,5,2,,,,,,,35,14,,,,,,
2026-09-28,엠지캐피탈,291G81,채권,5,74,,,,,,,35,94,,,,,,
2026-09-28,롯데캐피탈,696B26,채권,5,48,,,,,,,11,9,,,,,,
2026-09-28,에스파워,003A29,채권,5,32,,,,,,,85,83,,,,,,
2026-09-28,국고채권,02GEC4,채권,5,36,,,,,,,1,10,,,,,,
2026-09-28,SK가스,673A68,채권,5,39,,,,,,,92,65,,,,,,
2026-09-28,농협은행(주),02GC47,채권,5,36,,,,,,,64,70,,,,,,
2026-09-28,한진,321F14,채권,5,34,,,,,,,36,66,,,,,,
2026-09-28,토지주택채권,02DG62,채권,5,29,,,,,,,28,23,,,,,,
2026-09-28,충북지역개발,022G14,채권,5,62,,,,,,,3,20,,,,,,
2026-09-28,SK지오센트릭,104965,채권,5,72,,,,,,,34,85,,,,,,
2026-09-28,한국캐피탈,764G88,채권,5,42,,,,,,,30,57,,,,,,
2026-09-28,국고채권,02GG95,채권,5,30,,,,,,,3,9,,,,,,
2026-09-28,KB금융지주,5629C8,채권,5,33,,,,,,,66,89,,,,,,
2026-09-28,국고채권,02GBC0,채권,5,81,,,,,,,29,12,,,,,,
2026-09-28,한화에너지,722921,채권,5,37,,,,,,,1,4,,,,,,
2026-09-28,서울도시철도,094B35,채권,5,38,,,,,,,89,61,,,,,,
2026-09-28,서울도시철도,024C54,채권,5,39,,,,,,,3,11,,,,,,
2026-09-28,SK렌터카,402EB7,채권,5,58,,,,,,,1,3,,,,,,
2026-09-28,서울도시철도,024C39,채권,5,35,,,,,,,3,14,,,,,,
2026-09-28,(주)광주은행,531FC7,채권,5,39,,,,,,,39,84,,,,,,
2026-09-28,한국캐피탈,763G48,채권,5,40,,,,,,,57,103,,,,,,
2026-09-28,한국투자캐피탈(주),343G59,채권,5,26,,,,,,,75,120,,,,,,
2026-09-28,(주)하나금융지주,792B94,채권,4,14,,,,,,,0,3,,,,,,
2026-09-28,중소기업은행,03G6B6,채권,4,18,,,,,,,24,33,,,,,,
2026-09-28,(주)중소기업은행,07GFB1,채권,4,2,,,,,,,1,2,,,,,,
2026-09-28,(주)우리금융지주,141C27,채권,4,35,,,,,,,82,31,,,,,,
2026-09-28,토지주택채권,01DDB0,채권,4,16,,,,,,,23,9,,,,,,
2026-09-28,전북지역개발,012CB2,채권,4,23,,,,,,,24,12,,,,,,
2026-09-28,웅진에너지(주),131829,채권,4,1,,,,,,,0,0,,,,,,
2026-09-28,충청남도개발공사,01DG37,채권,4,1,,,,,,,0,0,,,,,,
2026-09-28,현대해상화재보험(주),451F34,채권,4,27,,,,,,,4,6,,,,,,
2026-09-28,엠지캐피탈(주),292G49,채권,4,68,,,,,,,4,19,,,,,,
2026-09-28,에스케이인천석유화학,652E16,채권,4,60,,,,,,,13,52,,,,,,
2026-09-28,엠지캐피탈 주식회사,299G59,채권,4,45,,,,,,,21,36,,,,,,
2026-09-28,(주)메리츠금융지주,041F98,채권,4,33,,,,,,,129,151,,,,,,
2026-09-28,웅진에너지(주),131639,채권,4,26,,,,,,,8,28,,,,,,
2026-09-28,국민주택1종채권,01DEA9,채권,4,44,,,,,,,17,26,,,,,,
2026-09-28,국민주택1종채권,01DF29,채권,4,19,,,,,,,45,17,,,,,,
2026-09-28,농협생명보험(주),182744,채권,4,39,,,,,,,5,24,,,,,,
2026-09-28,엠지캐피탈 주식회사,298FA5,채권,4,40,,,,,,,11,24,,,,,,
2026-09-28,(주)신한금융지주회사,553E12,채권,4,16,,,,,,,21,23,,,,,,
2026-09-28,키움캐피탈(주),104G70,채권,4,37,,,,,,,46,61,,,,,,
2026-09-28,(주)신한금융지주회사,553C89,채권,4,37,,,,,,,25,42,,,,,,
2026-09-28,서울도시철도,024C13,채권,4,32,,,,,,,13,34,,,,,,
2026-09-28,서울도시철도,024FB5,채권,4,24,,,,,,,1,11,,,,,,
2026-09-28,키움캐피탈,102G31,채권,4,29,,,,,,,23,47,,,,,,
2026-09-28,삼성증권,363B25,채권,4,31,,,,,,,92,96,,,,,,
2026-09-28,국고채권,02G966,채권,4,18,,,,,,,0,3,,,,,,
2026-09-28,중소기업은행,01G736,채권,4,7,,,,,,,3,4,,,,,,
2026-09-28,LG전자,574924,채권,4,45,,,,,,,6,14,,,,,,
2026-09-28,서울도시철도,044B44,채권,4,23,,,,,,,48,22,,,,,,
2026-09-28,경기지역개발,022F53,채권,4,23,,,,,,,5,10,,,,,,
2026-09-28,(주)루트락,611F79,채권,4,3,,,,,,,3,2,,,,,,
2026-09-28,충북지역개발,022CB8,채권,4,16,,,,,,,7,11,,,,,,
2026-09-28,충남지역개발,022G66,채권,4,29,,,,,,,3,9,,,,,,
2026-09-28,중소기업은행,01GDB9,채권,4,22,,,,,,,2,5,,,,,,
2026-09-28,서울도시철도,024EA0,채권,4,20,,,,,,,0,5,,,,,,
2026-09-28,팬오션(주),671230,채권,4,62,,,,,,,36,155,,,,,,
2026-09-28,엠지캐피탈,295EC0,채권,4,43,,,,,,,2,6,,,,,,
2026-09-28,롯데쇼핑,532E16,채권,4,43,,,,,,,23,51,,,,,,
2026-09-28,대한항공,492F15,채권,4,17,,,,,,,2,4,,,,,,
2026-09-28,인천지역개발,022CB3,채권,4,18,,,,,,,9,15,,,,,,
2026-09-28,국고채권,02G4C9,채권,4,27,,,,,,,1,4,,,,,,
2026-09-28,중소기업은행,02G932,채권,4,16,,,,,,,7,8,,,,,,
2026-09-28,서울도시철도,024EB8,채권,4,31,,,,,,,11,21,,,,,,
2026-09-28,서울도시철도,024E78,채권,4,42,,,,,,,11,24,,,,,,
2026-09-28,한국캐피탈,768G92,채권,4,27,,,,,,,95,209,,,,,,
2026-09-28,두산,153E38,채권,4,26,,,,,,,3,7,,,,,,
2026-09-28,(주)신한은행,014CA7,채권,4,38,,,,,,,9,11,,,,,,
2026-09-28,신한카드,717A83,채권,4,11,,,,,,,94,40,,,,,,
2026-09-28,중소기업은행,01GD33,채권,4,30,,,,,,,48,90,,,,,,
2026-09-28,수협은행,01GF33,채권,4,31,,,,,,,65,99,,,,,,
2026-09-28,(주)한진,322F54,채권,4,31,,,,,,,56,80,,,,,,
2026-09-28,한진,324EA4,채권,4,39,,,,,,,11,16,,,,,,
2026-09-28,(주)신한은행,011D31,채권,4,10,,,,,,,1,2,,,,,,
2026-09-28,울산지역개발,012CA2,채권,4,6,,,,,,,1,2,,,,,,
2026-09-28,대한항공,492G30,채권,4,28,,,,,,,14,20,,,,,,
2026-09-28,플로리스리테일제삼차 ,69H003,채권,4,4,,,,,,,226,61,,,,,,
2026-09-28,한화오션(주),662G24,채권,3,25,,,,,,,17,30,,,,,,
2026-09-28,미래에셋캐피탈(주),972F83,채권,3,25,,,,,,,59,69,,,,,,
2026-09-28,(주)신한금융지주회사,551C16,채권,3,33,,,,,,,293,92,,,,,,
2026-09-28,주식회사 애큐온캐피탈,236F38,채권,3,43,,,,,,,0,4,,,,,,
2026-09-28,(주)DGB금융지주,131D32,채권,3,20,,,,,,,1,4,,,,,,
2026-09-28,국민주택1종채권,01DD47,채권,3,30,,,,,,,37,19,,,,,,
2026-09-28,한화생명보험(주),351EC0,채권,3,19,,,,,,,59,84,,,,,,
2026-09-28,한화생명보험(주),351F32,채권,3,14,,,,,,,4,7,,,,,,
2026-09-28,(주)토마토저축은행,571W68,채권,3,14,,,,,,,8,38,,,,,,
2026-09-28,한국캐피탈(주),764FC9,채권,3,28,,,,,,,53,82,,,,,,
2026-09-28,국민주택1종채권,01DF52,채권,3,21,,,,,,,18,27,,,,,,
2026-09-28,국민주택1종채권,01DEB7,채권,3,24,,,,,,,43,37,,,,,,
2026-09-28,두산에너빌리티(주),022E28,채권,3,50,,,,,,,89,204,,,,,,
2026-09-28,(주)KB금융지주,561E23,채권,3,21,,,,,,,13,24,,,,,,
2026-09-28,기업은행 조건부,02G999,채권,3,12,,,,,,,76,70,,,,,,
2026-09-28,아이비케이캐피탈,454B45,채권,3,26,,,,,,,18,21,,,,,,
2026-09-28,한국전력공사(주),02GA35,채권,3,42,,,,,,,6,14,,,,,,
2026-09-28,(주)케이비국민카드,173F86,채권,3,7,,,,,,,6,11,,,,,,
2026-09-28,에이치엘홀딩스(주),982FB3,채권,3,13,,,,,,,0,1,,,,,,
2026-09-28,한국투자캐피탈(주),346G64,채권,3,35,,,,,,,63,108,,,,,,
2026-09-28,이원다이애그노믹스(주),562001,채권,3,30,,,,,,,6,18,,,,,,
2026-09-28,한국캐피탈(주),767G93,채권,3,19,,,,,,,37,79,,,,,,
2026-09-28,서울주택도시공사,01DF13,채권,3,18,,,,,,,9,5,,,,,,
2026-09-28,에스케이온 주식회사,712E36,채권,3,32,,,,,,,8,9,,,,,,
2026-09-28,(주)KB금융지주,562D23,채권,3,40,,,,,,,73,68,,,,,,
2026-09-28,현대해상화재보험(주),451E68,채권,3,25,,,,,,,5,7,,,,,,
2026-09-28,한국캐피탈(주),761G24,채권,3,36,,,,,,,21,42,,,,,,
2026-09-28,한국캐피탈(주),762FA7,채권,3,19,,,,,,,0,1,,,,,,
2026-09-28,국민주택1종채권,01DE95,채권,3,31,,,,,,,28,44,,,,,,
2026-09-28,쌍용씨앤이주식회사,412E62,채권,3,79,,,,,,,5,15,,,,,,
2026-09-28,코오롱인더스트리(주),112F66,채권,3,45,,,,,,,9,23,,,,,,
2026-09-28,토지주택채권,01DG97,채권,3,3,,,,,,,37,5,,,,,,
2026-09-28,한국중부발전,5629C2,채권,3,24,,,,,,,91,109,,,,,,
2026-09-28,한국캐피탈(주),762F65,채권,3,28,,,,,,,1,6,,,,,,
2026-09-28,국민주택1종채권,01DC22,채권,3,29,,,,,,,3169,642,,,,,,
2026-09-28,(주)하나금융지주,791EA3,채권,3,7,,,,,,,5,9,,,,,,
2026-09-28,토지주택채권,01DE32,채권,3,11,,,,,,,21,9,,,,,,
2026-09-28,에이치앤엘어드밴스드,593E27,채권,3,51,,,,,,,4,10,,,,,,
2026-09-28,토지주택채권,01DEC6,채권,3,5,,,,,,,1,4,,,,,,
2026-09-28,경기주택도시공사,02DG72,채권,3,1,,,,,,,0,0,,,,,,
2026-09-28,케이씨코트렐(주),965001,채권,3,9,,,,,,,1,3,,,,,,
2026-09-28,DB손보신종자본증권 ,831F93,채권,3,30,,,,,,,62,92,,,,,,
2026-09-28,KT,2039A7,채권,3,13,,,,,,,0,2,,,,,,
2026-09-28,부산도시철도,024D94,채권,3,29,,,,,,,5,18,,,,,,
2026-09-28,국고채권,02GC32,채권,3,68,,,,,,,20,19,,,,,,
2026-09-28,충북지역개발,022G63,채권,3,18,,,,,,,0,2,,,,,,
2026-09-28,국고채권,0270C0,채권,3,70,,,,,,,2,11,,,,,,
2026-09-28,국고채권,02G768,채권,3,24,,,,,,,0,3,,,,,,
2026-09-28,충남지역개발,012DC8,채권,3,19,,,,,,,3,9,,,,,,
2026-09-28,현대해상,452756,채권,3,3,,,,,,,2,3,,,,,,
2026-09-28,경기도,012B91,채권,3,3,,,,,,,1,1,,,,,,
2026-09-28,울산지역개발,012G34,채권,3,27,,,,,,,3,12,,,,,,
2026-09-28,울산지역개발,012C95,채권,3,8,,,,,,,3,7,,,,,,
2026-09-28,경남지역개발,022DC8,채권,3,14,,,,,,,2,10,,,,,,
2026-09-28,서울도시철도,024E52,채권,3,36,,,,,,,19,32,,,,,,
2026-09-28,한화에너지,722E16,채권,3,12,,,,,,,0,3,,,,,,
2026-09-28,대한항공,492F98,채권,3,38,,,,,,,2,11,,,,,,
2026-09-28,(주)코리아세븐,272EB7,채권,3,78,,,,,,,2,5,,,,,,
2026-09-28,신한금융지주,553970,채권,3,23,,,,,,,5,5,,,,,,
2026-09-28,부산도시철도,014DA8,채권,3,29,,,,,,,3,10,,,,,,
2026-09-28,전남지역개발,022D90,채권,3,32,,,,,,,2,10,,,,,,
2026-09-28,경기지역개발,022E39,채권,3,22,,,,,,,7,25,,,,,,
2026-09-28,한국캐피탈,768G84,채권,3,27,,,,,,,97,191,,,,,,
2026-09-28,중소기업은행,04GB32,채권,3,19,,,,,,,64,41,,,,,,
2026-09-28,현대커머셜,9219A1,채권,3,40,,,,,,,1,11,,,,,,
2026-09-28,현대백화점,961G58,채권,3,38,,,,,,,6,22,,,,,,
2026-09-28,한국캐피탈,766FA8,채권,3,33,,,,,,,17,41,,,,,,
2026-09-28,울산지역개발,012CC8,채권,3,18,,,,,,,18,18,,,,,,
2026-09-28,경기지역개발,022E13,채권,3,24,,,,,,,2,6,,,,,,
2026-09-28,애큐온캐피탈,235F39,채권,3,50,,,,,,,0,6,,,,,,
2026-09-28,서울도시철도,034BC1,채권,3,27,,,,,,,12,11,,,,,,
2026-09-28,경기지역개발,022D14,채권,3,54,,,,,,,8,25,,,,,,
2026-09-28,(주)대한항공,492G97,채권,3,10,,,,,,,0,2,,,,,,
2026-09-28,대한해운(주),882WB8,채권,3,8,,,,,,,1,5,,,,,,
2026-09-28,경기지역개발,022G29,채권,3,34,,,,,,,2,8,,,,,,
2026-09-28,강원지역개발,012CB6,채권,3,18,,,,,,,16,17,,,,,,
2026-09-28,한국캐피탈,763G97,채권,3,46,,,,,,,77,165,,,,,,
2026-09-28,한진칼,642F44,채권,3,45,,,,,,,25,57,,,,,,
2026-09-28,경기지역개발,022C80,채권,3,17,,,,,,,2,4,,,,,,
2026-09-28,경기지역개발,022C72,채권,3,18,,,,,,,0,1,,,,,,
2026-09-28,(주)대한항공,491G64,채권,3,38,,,,,,,27,53,,,,,,
2026-09-28,수협은행,01GDB2,채권,3,42,,,,,,,1,8,,,,,,
2026-09-28,서울도시철도,024G84,채권,3,9,,,,,,,0,2,,,,,,
2026-09-28,서울도시철도,024D79,채권,3,76,,,,,,,8,40,,,,,,
2026-09-28,경기지역개발,022E70,채권,3,20,,,,,,,1,5,,,,,,
2026-09-28,(주)한진,323EA6,채권,3,26,,,,,,,12,34,,,,,,
2026-09-28,서울도시철도,024F28,채권,2,19,,,,,,,0,7,,,,,,
2026-09-28,서울도시철도,024E60,채권,2,26,,,,,,,1,6,,,,,,
2026-09-28,부산도시철도,024D11,채권,2,10,,,,,,,2,5,,,,,,
2026-09-28,국고채권,02G636,채권,2,34,,,,,,,8,9,,,,,,
2026-09-28,국고채권,0271C8,채권,2,29,,,,,,,1,3,,,,,,
2026-09-28,부산도시공사,01DEC9,채권,2,17,,,,,,,29,21,,,,,,
2026-09-28,농협은행(주),03GB47,채권,2,11,,,,,,,245,72,,,,,,
2026-09-28,경기지역개발,022F95,채권,2,16,,,,,,,4,7,,,,,,
2026-09-28,충남지역개발,022CC9,채권,2,19,,,,,,,9,14,,,,,,
2026-09-28,인천지역개발,012B95,채권,2,5,,,,,,,1,3,,,,,,
2026-09-28,서울도시철도,304A99,채권,2,15,,,,,,,21,16,,,,,,
2026-09-28,서울도시철도,024D61,채권,2,35,,,,,,,5,23,,,,,,
2026-09-28,경기지역개발,022G45,채권,2,9,,,,,,,0,0,,,,,,
2026-09-28,충남지역개발,022CA3,채권,2,15,,,,,,,33,30,,,,,,
2026-09-28,창원지역개발,012CA9,채권,2,9,,,,,,,1,3,,,,,,
2026-09-28,(주)국민은행,005A36,채권,2,15,,,,,,,46,49,,,,,,
2026-09-28,한화오션,661F26,채권,2,21,,,,,,,3,11,,,,,,
2026-09-28,국고채권,02G7C2,채권,2,24,,,,,,,0,4,,,,,,
2026-09-28,한진,322F13,채권,2,4,,,,,,,19,11,,,,,,
2026-09-28,울산지역개발,012FC1,채권,2,14,,,,,,,0,6,,,,,,
2026-09-28,한국전력,04G748,채권,2,27,,,,,,,7,13,,,,,,
2026-09-28,전남개발공사,01DG32,채권,2,2,,,,,,,3,2,,,,,,
2026-09-28,삼성제약(주),361G99,채권,2,1,,,,,,,3,1,,,,,,
2026-09-28,부산지역개발,022CA3,채권,2,4,,,,,,,2,5,,,,,,
2026-09-28,대전지역개발,022CC2,채권,2,13,,,,,,,4,7,,,,,,
2026-09-28,대전지역개발,022CB4,채권,2,5,,,,,,,5,2,,,,,,
2026-09-28,하이트진로,082E34,채권,2,4,,,,,,,0,0,,,,,,
2026-09-28,국고,027WC3,채권,2,30,,,,,,,0,3,,,,,,
2026-09-28,신한카드(주),718A33,채권,2,5,,,,,,,94,51,,,,,,
2026-09-28,서울도시철도,034B61,채권,2,12,,,,,,,21,13,,,,,,
2026-09-28,서울도시철도,024D12,채권,2,28,,,,,,,7,24,,,,,,
2026-09-28,충남지역개발,022F42,채권,2,19,,,,,,,1,5,,,,,,
2026-09-28,넷마블(주),272E33,채권,2,34,,,,,,,21,46,,,,,,
2026-09-28,한국전력,02GA19,채권,2,12,,,,,,,42,56,,,,,,
2026-09-28,국고채권,01GF30,채권,2,2,,,,,,,0,1,,,,,,
2026-09-28,서울도시철도,024E29,채권,2,30,,,,,,,14,32,,,,,,
2026-09-28,서울도시철도,024D20,채권,2,18,,,,,,,8,17,,,,,,
2026-09-28,강원지역개발,012CA8,채권,2,15,,,,,,,51,30,,,,,,
2026-09-28,(주)신한은행,012A25,채권,2,4,,,,,,,0,0,,,,,,
2026-09-28,키움캐피탈,106F61,채권,2,40,,,,,,,0,6,,,,,,
2026-09-28,키움캐피탈,102G98,채권,2,16,,,,,,,46,121,,,,,,
2026-09-28,국고채권,03GG60,채권,2,8,,,,,,,0,2,,,,,,
2026-09-28,울산지역개발,012CB0,채권,2,18,,,,,,,6,14,,,,,,
2026-09-28,서울도시철도,264A48,채권,2,11,,,,,,,14,12,,,,,,
2026-09-28,서울도시철도,024FC3,채권,2,11,,,,,,,8,7,,,,,,
2026-09-28,(주)우리은행,034C92,채권,2,37,,,,,,,20,41,,,,,,
2026-09-28,(주)대구은행,271D27,채권,2,8,,,,,,,2,1,,,,,,
2026-09-28,현대카드,90A792,채권,2,41,,,,,,,3,7,,,,,,
2026-09-28,(주)한진,322F96,채권,2,13,,,,,,,10,13,,,,,,
2026-09-28,서울도시철도,284A85,채권,2,12,,,,,,,1,7,,,,,,
2026-09-28,서울도시철도,024EC6,채권,2,14,,,,,,,1,5,,,,,,
2026-09-28,서울도시철도,024992,채권,2,14,,,,,,,10,3,,,,,,
2026-09-28,부산도시철도,014DC4,채권,2,10,,,,,,,4,7,,,,,,
2026-09-28,(주)우리금융지주,141D91,채권,2,17,,,,,,,1,4,,,,,,
2026-09-28,전남지역개발,022CC6,채권,2,20,,,,,,,19,23,,,,,,
2026-09-28,충남지역개발,012D12,채권,2,22,,,,,,,3,13,,,,,,
2026-09-28,포스코이앤씨,102E37,채권,2,35,,,,,,,1,7,,,,,,
2026-09-28,한국장학재단,01G989,채권,2,7,,,,,,,36,28,,,,,,
2026-09-28,(주)JB금융지주,3319C1,채권,2,16,,,,,,,39,78,,,,,,
2026-09-28,한국가스공사,01G954,채권,2,47,,,,,,,38,22,,,,,,
2026-09-28,국민주택1종채권,01DF78,채권,2,33,,,,,,,3,11,,,,,,
2026-09-28,(주)우리금융지주,141E25,채권,2,12,,,,,,,5,4,,,,,,
2026-09-28,엔에이치안산제이차 ,15E003,채권,2,1,,,,,,,5,4,,,,,,
2026-09-28,이원다이애그노믹스(주),621D59,채권,2,89,,,,,,,1,26,,,,,,
2026-09-28,DB손해보험(주),831F28,채권,2,37,,,,,,,23,49,,,,,,
2026-09-28,AJ네트웍스 주식회사,573E71,채권,2,36,,,,,,,1,9,,,,,,
2026-09-28,경기주택도시공사보상,01DE42,채권,2,1,,,,,,,1,1,,,,,,
2026-09-28,한국유니온제약 주식회사,721D34,채권,2,81,,,,,,,1,16,,,,,,
2026-09-28,롯데캐피탈(주),692E50,채권,2,41,,,,,,,9,7,,,,,,
2026-09-28,한국토지주택공사,027227,채권,2,23,,,,,,,4,7,,,,,,
2026-09-28,한국토지주택공사,097220,채권,2,17,,,,,,,2,3,,,,,,
2026-09-28,충남지역개발,022F91,채권,2,19,,,,,,,0,9,,,,,,
2026-09-28,에이치앤엘어드밴스드,592F19,채권,2,34,,,,,,,1,2,,,,,,
2026-09-28,제일인베스트먼트 주식회사,926004,채권,2,1,,,,,,,2,6,,,,,,
2026-09-28,(주)에코글로우,911F26,채권,2,1,,,,,,,0,0,,,,,,
2026-09-28,(주)디에이치오토넥스,301D71,채권,2,90,,,,,,,1,22,,,,,,
2026-09-28,롯데캐피탈(주),692BC5,채권,2,33,,,,,,,0,1,,,,,,
2026-09-28,주식회사 애큐온캐피탈,237F94,채권,2,21,,,,,,,0,0,,,,,,
2026-09-28,(주)중앙디자인,031WC9,채권,2,21,,,,,,,9,80,,,,,,
2026-09-28,서울특별시채권,051AB9,채권,2,6,,,,,,,0,0,,,,,,
2026-09-28,(주)하나금융지주,791C11,채권,2,13,,,,,,,128,23,,,,,,
2026-09-28,케이비캐피탈(주),967F70,채권,2,9,,,,,,,39,39,,,,,,
2026-09-28,씨제이프레시웨이(주),502G45,채권,2,16,,,,,,,3,4,,,,,,
2026-09-28,토지주택채권,027235,채권,2,20,,,,,,,0,4,,,,,,
2026-09-28,국민주택1종채권,01DF37,채권,2,17,,,,,,,10,18,,,,,,
2026-09-28,키움캐피탈 주식회사,106F38,채권,2,1,,,,,,,0,0,,,,,,
2026-09-28,(주)나노실리칸첨단소재,751F46,채권,2,2,,,,,,,35,1,,,,,,
2026-09-28,IPARK현대산업개발,872F69,채권,2,21,,,,,,,0,2,,,,,,
2026-09-28,NH농협금융지주(주),262B79,채권,2,12,,,,,,,21,20,,,,,,
2026-09-28,아이엠히어로제사차 ,57V007,채권,2,2,,,,,,,4,3,,,,,,
2026-09-28,에스케이인천석유화학,654916,채권,2,25,,,,,,,2,2,,,,,,
2026-09-28,충북지역개발,022DA8,채권,2,21,,,,,,,1,10,,,,,,
2026-09-28,한국토지주택공사,057216,채권,2,29,,,,,,,1,5,,,,,,
2026-09-28,경기주택도시공사,01DG65,채권,2,1,,,,,,,0,0,,,,,,
2026-09-28,엠지캐피탈 주식회사,294FC0,채권,2,20,,,,,,,0,2,,,,,,
2026-09-28,도로공사,06GAB1,채권,2,12,,,,,,,89,48,,,,,,
2026-09-28,제주지역개발,012DC6,채권,2,5,,,,,,,0,0,,,,,,
2026-09-28,서울도시철도,024E37,채권,2,43,,,,,,,25,46,,,,,,
2026-09-28,국고채권,03GA90,채권,2,25,,,,,,,0,1,,,,,,
2026-09-28,국고채권,0172C8,채권,2,47,,,,,,,10,24,,,,,,
2026-09-28,인천지역개발,022CA5,채권,2,13,,,,,,,11,14,,,,,,
2026-09-28,부산항만공사,01G987,채권,2,9,,,,,,,1,2,,,,,,
2026-09-28,경기지역개발,022E21,채권,2,23,,,,,,,1,9,,,,,,
2026-09-28,산은캐피탈,272F69,채권,2,14,,,,,,,1,7,,,,,,
2026-09-28,국고채권,02GB66,채권,2,49,,,,,,,2,6,,,,,,
2026-09-28,전북지역개발,022DC7,채권,2,6,,,,,,,2,7,,,,,,
2026-09-28,전남지역개발,022C91,채권,2,7,,,,,,,0,0,,,,,,
2026-09-28,애큐온캐피탈,235F21,채권,2,31,,,,,,,0,4,,,,,,
2026-09-28,서울도시철도,024F36,채권,2,21,,,,,,,0,6,,,,,,
2026-09-28,경기지역개발,022D71,채권,2,26,,,,,,,1,8,,,,,,
2026-09-28,한국캐피탈,763F80,채권,2,34,,,,,,,79,152,,,,,,
2026-09-28,충북지역개발,022G48,채권,2,23,,,,,,,0,4,,,,,,
2026-09-28,애큐온캐피탈,231F74,채권,2,36,,,,,,,1,3,,,,,,
2026-09-28,서울도시철도,124B21,채권,2,12,,,,,,,47,25,,,,,,
2026-09-28,서울도시철도,024E45,채권,2,24,,,,,,,17,21,,,,,,
2026-09-28,현대캐피탈,88FC94,채권,2,15,,,,,,,1,3,,,,,,
2026-09-28,GS칼텍스,083A28,채권,2,20,,,,,,,92,61,,,,,,
2026-09-28,울산지역개발,012B96,채권,1,1,,,,,,,1,2,,,,,,
2026-09-28,토지주택채권,02GA99,채권,1,9,,,,,,,90,54,,,,,,
2026-09-28,기업은행 조건부,05GF86,채권,1,9,,,,,,,1,1,,,,,,
2026-09-28,한국캐피탈(주),763EC4,채권,1,16,,,,,,,1,1,,,,,,
2026-09-28,나우파트너스(주),081CA0,채권,1,1,,,,,,,1,2,,,,,,
2026-09-28,한국주택금융공사,13G9C5,채권,1,5,,,,,,,264,38,,,,,,
2026-09-28,주식회사 애큐온캐피탈,234G96,채권,1,11,,,,,,,2,8,,,,,,
2026-09-28,충남지역개발,022C60,채권,1,6,,,,,,,2,1,,,,,,
2026-09-28,충남지역개발,022C94,채권,1,9,,,,,,,2,3,,,,,,
2026-09-28,충북지역개발,022CA0,채권,1,7,,,,,,,12,10,,,,,,
2026-09-28,토지주택채권,01DG89,채권,1,1,,,,,,,0,1,,,,,,
2026-09-28,(주)대유플러스,030001,채권,1,4,,,,,,,3,4,,,,,,
2026-09-28,LG에너지솔루션,222G34,채권,1,11,,,,,,,0,0,,,,,,
2026-09-28,산은캐피탈(주),271F45,채권,1,4,,,,,,,24,15,,,,,,
2026-09-28,한국캐피탈(주),765F21,채권,1,19,,,,,,,0,2,,,,,,
2026-09-28,현대캐피탈(주),88BC98,채권,1,10,,,,,,,0,3,,,,,,
2026-09-28,미래에셋생명보험(주),621FA0,채권,1,12,,,,,,,31,64,,,,,,
2026-09-28,주식회사 애큐온캐피탈,236F61,채권,1,18,,,,,,,0,2,,,,,,
2026-09-28,토지주택채권,01DF56,채권,1,3,,,,,,,0,0,,,,,,
2026-09-28,(주)KB금융지주,561BA3,채권,1,4,,,,,,,0,0,,,,,,
2026-09-28,HS효성첨단소재,051F71,채권,1,3,,,,,,,1,3,,,,,,
2026-09-28,국민주택1종채권,01DE87,채권,1,19,,,,,,,25,24,,,,,,
2026-09-28,티에스디제일차 ,27Z001,채권,1,1,,,,,,,6,2,,,,,,
2026-09-28,한국전력공사(주),09GC69,채권,1,8,,,,,,,2,4,,,,,,
2026-09-28,(주)토마토저축은행,571WB0,채권,1,8,,,,,,,8,50,,,,,,
2026-09-28,엠지캐피탈 주식회사,292F65,채권,1,1,,,,,,,0,0,,,,,,
2026-09-28,메리츠화재해상보험(주),061C56,채권,1,36,,,,,,,2,4,,,,,,
2026-09-28,한국대안투자자산운용(주),951G62,채권,1,1,,,,,,,0,0,,,,,,
2026-09-28,에스케이아이이테크놀로지(주),612FA4,채권,1,14,,,,,,,0,0,,,,,,
2026-09-28,에이치디씨(주),631FB5,채권,1,12,,,,,,,6,12,,,,,,
2026-09-28,롯데하이마트(주),842EA1,채권,1,7,,,,,,,0,0,,,,,,
2026-09-28,씨제이프레시웨이,502EA5,채권,1,2,,,,,,,0,0,,,,,,
2026-09-28,코리안리재보험(주),691EA5,채권,1,9,,,,,,,0,0,,,,,,
2026-09-28,메리츠캐피탈(주),371G76,채권,1,10,,,,,,,24,48,,,,,,
2026-09-28,NH농협금융지주(주),263D50,채권,1,15,,,,,,,11,15,,,,,,
2026-09-28,한국투자캐피탈(주),341EA2,채권,1,9,,,,,,,1,4,,,,,,
2026-09-28,(주)엘지에너지솔루션,221F28,채권,1,6,,,,,,,0,0,,,,,,
2026-09-28,경기주택도시공사보상,01DD92,채권,1,3,,,,,,,0,1,,,,,,
2026-09-28,에스케이아이이테크놀로지(주),612E21,채권,1,44,,,,,,,2,3,,,,,,
2026-09-28,미래에셋캐피탈,972D10,채권,1,15,,,,,,,0,1,,,,,,
2026-09-28,한화에너지(주),722G30,채권,1,9,,,,,,,0,0,,,,,,
2026-09-28,키움캐피탈 주식회사,101F41,채권,1,14,,,,,,,3,5,,,,,,
2026-09-28,(주)신한금융지주회사,551E97,채권,1,6,,,,,,,3,3,,,,,,
2026-09-28,충북지역개발,022DB6,채권,1,21,,,,,,,2,13,,,,,,
2026-09-28,(주)이수앱지스,891DC9,채권,1,138,,,,,,,1,68,,,,,,
2026-09-28,키움에프앤아이(주),593EA8,채권,1,21,,,,,,,2,8,,,,,,
2026-09-28,에이치디현대건설기계(주),272E47,채권,1,3,,,,,,,0,0,,,,,,
2026-09-28,대우송도개발(주),551W44,채권,1,11,,,,,,,6,22,,,,,,
2026-09-28,한국토지주택공사,027243,채권,1,25,,,,,,,2,11,,,,,,
2026-09-28,디비크레딧제일차 ,34L015,채권,1,1,,,,,,,7,3,,,,,,
2026-09-28,인천지역개발,012C52,채권,1,4,,,,,,,0,1,,,,,,
2026-09-28,인천지역개발,022E17,채권,1,3,,,,,,,0,1,,,,,,
2026-09-28,전남지역개발,022C75,채권,1,3,,,,,,,0,1,,,,,,
2026-09-28,충남지역개발,022C52,채권,1,7,,,,,,,0,2,,,,,,
2026-09-28,(주)KB금융지주,562A75,채권,1,2,,,,,,,4,4,,,,,,
2026-09-28,(주)KB금융지주,562B58,채권,1,7,,,,,,,6,6,,,,,,
2026-09-28,(주)아이엠캐피탈,941F99,채권,1,4,,,,,,,0,1,,,,,,
2026-09-28,교보생명보험(주),981EB3,채권,1,12,,,,,,,1,2,,,,,,
2026-09-28,AJ네트웍스 주식회사,572EB4,채권,1,35,,,,,,,4,11,,,,,,
2026-09-28,주식회사 스프링클라우드,481CB8,채권,1,20,,,,,,,0,2,,,,,,
2026-09-28,서울특별시채권,011A77,채권,1,21,,,,,,,0,2,,,,,,
2026-09-28,한국토지주택공사,127225,채권,1,23,,,,,,,1,4,,,,,,
2026-09-28,대전도시공사(서남부) ,01DF35,채권,1,1,,,,,,,0,1,,,,,,
2026-09-28,하나캐피탈(주),801F74,채권,1,32,,,,,,,72,101,,,,,,
2026-09-28,한국토지주택공사,03DE71,채권,1,2,,,,,,,0,1,,,,,,
2026-09-28,우리금융에프앤아이(주),783E94,채권,1,1,,,,,,,0,0,,,,,,
2026-09-28,한국서부발전,622F79,채권,1,13,,,,,,,5,10,,,,,,
2026-09-28,한국캐피탈(주),763EA8,채권,1,4,,,,,,,0,0,,,,,,
2026-09-28,(주)신세계디에프,441FB2,채권,1,30,,,,,,,28,30,,,,,,
2026-09-28,대우송도개발(주),551V37,채권,1,6,,,,,,,11,8,,,,,,
2026-09-28,메리츠캐피탈(주),372E85,채권,1,32,,,,,,,0,4,,,,,,
2026-09-28,아이비성수제일차 ,940024,채권,1,1,,,,,,,10,7,,,,,,
2026-09-28,주식회사 티움앤코,641EB0,채권,1,9,,,,,,,0,2,,,,,,
2026-09-28,골든프레임네트웍스,761T13,채권,1,1,,,,,,,0,0,,,,,,
2026-09-28,월성제일차메르디앙유동화전문 유한회사,914T86,채권,1,3,,,,,,,36,354,,,,,,
2026-09-28,토지주택채권,037291,채권,1,18,,,,,,,0,6,,,,,,
2026-09-28,DB손해보험(주),832755,채권,1,19,,,,,,,21,52,,,,,,
2026-09-28,한국투자캐피탈,346EB9,채권,1,19,,,,,,,0,1,,,,,,
2026-09-28,한국투자캐피탈,347G63,채권,1,7,,,,,,,63,101,,,,,,
2026-09-28,골든파크에스티 ,823009,채권,1,1,,,,,,,92,28,,,,,,
2026-09-28,경기주택도시공사,01DDC0,채권,1,10,,,,,,,1,2,,,,,,
2026-09-28,한국가스공사,01GB87,채권,1,6,,,,,,,29,40,,,,,,
2026-09-28,한국자산신탁,891F26,채권,1,20,,,,,,,0,4,,,,,,
2026-09-28,(주)우리금융지주,141D26,채권,1,20,,,,,,,5,5,,,,,,
2026-09-28,(주)하나금융지주,792837,채권,1,12,,,,,,,1,1,,,,,,
2026-09-28,나우파트너스(주),084CA4,채권,1,2,,,,,,,0,0,,,,,,
2026-09-28,한국전력공사(주),01G934,채권,1,5,,,,,,,0,1,,,,,,
2026-09-28,(주)솔로몬저축은행,801SC2,채권,1,6,,,,,,,0,4,,,,,,
2026-09-28,하나에프앤아이(주),083E63,채권,1,9,,,,,,,2,9,,,,,,
2026-09-28,에스케이인천석유화학(주),652C26,채권,1,30,,,,,,,0,5,,,,,,
2026-09-28,뉴스타반포3제일차유동화전문 유한회사,521DC3,채권,1,21,,,,,,,1,5,,,,,,
2026-09-28,충북지역개발,022C34,채권,1,5,,,,,,,0,0,,,,,,
2026-09-28,(주)KB금융지주,561G54,채권,1,6,,,,,,,7,10,,,,,,
2026-09-28,한국캐피탈(주),762EA0,채권,1,17,,,,,,,0,1,,,,,,
2026-09-28,현대캐피탈(주),883C93,채권,1,5,,,,,,,2,3,,,,,,
2026-09-28,주식회사 가비트리,841E65,채권,1,1,,,,,,,0,0,,,,,,
2026-09-28,주식회사 애큐온캐피탈,237EB4,채권,1,29,,,,,,,0,2,,,,,,
2026-09-28,제일인베스트먼트 주식회사,261C90,채권,1,2,,,,,,,1,3,,,,,,
2026-09-28,국고채권,05GC96,채권,1,28,,,,,,,0,6,,,,,,
2026-09-28,제주지역개발,012CB0,채권,1,12,,,,,,,1,2,,,,,,
2026-09-28,전북지역개발,012C96,채권,1,5,,,,,,,5,3,,,,,,
2026-09-28,울산지역개발,012G67,채권,1,9,,,,,,,0,4,,,,,,
2026-09-28,세종지역개발,012D63,채권,1,1,,,,,,,0,0,,,,,,
2026-09-28,서울도시철도,024G92,채권,1,5,,,,,,,0,2,,,,,,
2026-09-28,서울도시철도,024F77,채권,1,7,,,,,,,2,3,,,,,,
2026-09-28,서울도시철도,024F51,채권,1,5,,,,,,,2,7,,,,,,
2026-09-28,서울도시철도,024D53,채권,1,22,,,,,,,1,9,,,,,,
2026-09-28,대구도시철도,024C36,채권,1,3,,,,,,,0,0,,,,,,
2026-09-28,광주지역개발,022F47,채권,1,11,,,,,,,2,5,,,,,,
2026-09-28,광주지역개발,022C99,채권,1,3,,,,,,,2,2,,,,,,
2026-09-28,경북지역개발,012BC6,채권,1,2,,,,,,,0,0,,,,,,
2026-09-28,경남지역개발,012CA5,채권,1,2,,,,,,,0,1,,,,,,
2026-09-28,경기지역개발,022G52,채권,1,7,,,,,,,0,0,,,,,,
2026-09-28,경기지역개발,022F12,채권,1,10,,,,,,,1,1,,,,,,
2026-09-28,경기지역개발,022C64,채권,1,9,,,,,,,4,4,,,,,,
2026-09-28,SK에코플랜트,343G23,채권,1,21,,,,,,,0,2,,,,,,
2026-09-28,(주)전북은행,354EB5,채권,1,8,,,,,,,6,14,,,,,,
2026-09-28,(주)디와이디,551E24,채권,1,68,,,,,,,0,28,,,,,,
2026-09-28,중앙종금제,996K34,채권,1,1,,,,,,,9,24,,,,,,
2026-09-28,SK텔레콤,673973,채권,1,3,,,,,,,1,1,,,,,,
2026-09-28,토지주택채권,02GAA9,채권,1,10,,,,,,,0,4,,,,,,
2026-09-28,충북지역개발,022DC4,채권,1,6,,,,,,,1,2,,,,,,
2026-09-28,전남지역개발,012CA1,채권,1,3,,,,,,,0,0,,,,,,
2026-09-28,인천지역개발,022D18,채권,1,21,,,,,,,1,6,,,,,,
2026-09-28,인천지역개발,012C60,채권,1,5,,,,,,,0,0,,,,,,
2026-09-28,서울도시철도,024A15,채권,1,6,,,,,,,1,3,,,,,,
2026-09-28,부산도시철도,024DB5,채권,1,13,,,,,,,2,9,,,,,,
2026-09-28,부산도시철도,014E38,채권,1,14,,,,,,,2,7,,,,,,
2026-09-28,대전지역개발,022CA6,채권,1,11,,,,,,,7,17,,,,,,
2026-09-28,광주지역개발,022C81,채권,1,3,,,,,,,0,0,,,,,,
2026-09-28,현대커머셜,921948,채권,1,9,,,,,,,0,1,,,,,,
2026-09-28,국고채권,02G891,채권,1,22,,,,,,,0,3,,,,,,
2026-09-28,국고채권,02G867,채권,1,10,,,,,,,0,2,,,,,,
2026-09-28,(주)한진,322G79,채권,1,6,,,,,,,23,38,,,,,,
2026-09-28,(주)동양,521238,채권,1,15,,,,,,,1,13,,,,,,
2026-09-28,이마트,482D78,채권,1,6,,,,,,,0,0,,,,,,
2026-09-28,애큐온캐피탈,232FB2,채권,1,22,,,,,,,1,2,,,,,,
2026-09-28,서울도시철도,034A21,채권,1,8,,,,,,,0,3,,,,,,
2026-09-28,경북지역개발,022C72,채권,1,3,,,,,,,0,0,,,,,,
2026-09-28,경남지역개발,022CB2,채권,1,11,,,,,,,1,1,,,,,,
2026-09-28,경기지역개발,022BA9,채권,1,3,,,,,,,0,1,,,,,,
2026-09-28,SK에코플랜트,343F73,채권,1,23,,,,,,,0,3,,,,,,
2026-09-28,국고채권,01GF97,채권,1,11,,,,,,,1,2,,,,,,
2026-09-28,국고,03G691,채권,1,45,,,,,,,0,11,,,,,,
2026-09-28,국고,037T34,채권,1,19,,,,,,,2,4,,,,,,
2026-09-28,서울도시철도,024F93,채권,1,12,,,,,,,0,3,,,,,,
2026-09-28,서울도시철도,024F44,채권,1,18,,,,,,,6,5,,,,,,
2026-09-28,서울도시철도,024D38,채권,1,31,,,,,,,9,16,,,,,,
2026-09-28,서울도시철도,0249B7,채권,1,7,,,,,,,2,4,,,,,,
2026-09-28,부산지역개발,022CC9,채권,1,4,,,,,,,0,0,,,,,,
2026-09-28,경북지역개발,012C41,채권,1,3,,,,,,,0,0,,,,,,
2026-09-28,경북지역개발,012C33,채권,1,4,,,,,,,0,0,,,,,,
2026-09-28,경기지역개발,022F61,채권,1,12,,,,,,,1,7,,,,,,
2026-09-28,경기지역개발,022EA3,채권,1,3,,,,,,,0,0,,,,,,
2026-09-28,강원지역개발,012CC4,채권,1,5,,,,,,,5,7,,,,,,
2026-09-28,디비캐피탈,661FA8,채권,1,1,,,,,,,0,0,,,,,,
2026-09-28,동부건설,962G44,채권,1,1,,,,,,,16,3,,,,,,
2026-09-28,SKC(주),791EA3,채권,1,28,,,,,,,3,2,,,,,,
2026-09-28,용인도시공사,02DDC5,채권,1,12,,,,,,,0,2,,,,,,
2026-09-28,서울도시철도,024G27,채권,1,12,,,,,,,0,7,,,,,,
2026-09-28,부산도시철도,024D78,채권,1,29,,,,,,,4,11,,,,,,
2026-09-28,대구지역개발,012CC9,채권,1,3,,,,,,,0,0,,,,,,
2026-09-28,대구지역개발,012CB1,채권,1,9,,,,,,,2,2,,,,,,
2026-09-28,경남지역개발,022C53,채권,1,2,,,,,,,0,1,,,,,,
2026-09-28,현대커머셜,928968,채권,1,21,,,,,,,1,3,,,,,,
2026-09-28,한국전력,03GBA1,채권,1,10,,,,,,,253,104,,,,,,
2026-09-28,리원에스,1Z1F60,채권,1,1,,,,,,,0,0,,,,,,
2026-09-28,국고채권,02GFC1,채권,1,20,,,,,,,2,10,,,,,,
2026-09-28,농금채,04GA20,채권,1,2,,,,,,,0,0,,,,,,
2026-09-28,충남지역개발,022E27,채권,1,15,,,,,,,3,11,,,,,,
2026-09-28,증권금융채권,8219A3,채권,1,5,,,,,,,62,43,,,,,,
2026-09-28,신한금융지주,552980,채권,1,1,,,,,,,3,2,,,,,,
2026-09-28,서울도시철도,024FA7,채권,1,13,,,,,,,0,2,,,,,,
2026-09-28,서울도시철도,024F69,채권,1,6,,,,,,,1,2,,,,,,
2026-09-28,부산도시철도,014C48,채권,1,8,,,,,,,0,1,,,,,,
2026-09-28,경기지역개발,032E52,채권,1,7,,,,,,,2,4,,,,,,
2026-09-28,경기지역개발,022G86,채권,1,2,,,,,,,0,0,,,,,,
2026-09-28,경기지역개발,022C56,채권,1,10,,,,,,,0,0,,,,,,
2026-09-28,코어라인,471G21,채권,1,1,,,,,,,2,1,,,,,,
2026-09-28,창원지역개발,012CB7,채권,1,6,,,,,,,1,2,,,,,,
2026-09-28,전남지역개발,012CB9,채권,1,6,,,,,,,13,10,,,,,,
2026-09-28,전남지역개발,012C85,채권,1,2,,,,,,,0,0,,,,,,
2026-09-28,부산도시철도,024E10,채권,1,8,,,,,,,1,2,,,,,,
2026-09-28,부산도시철도,014C30,채권,1,7,,,,,,,0,0,,,,,,
2026-09-28,대전지역개발,022C94,채권,1,9,,,,,,,5,5,,,,,,
2026-09-28,경기지역개발,022E47,채권,1,8,,,,,,,3,9,,,,,,
2026-09-28,경기지역개발,022C31,채권,1,5,,,,,,,1,4,,,,,,
2026-09-28,부산광역시,014B98,채권,1,4,,,,,,,0,1,,,,,,
2026-09-28,대한항공,493F55,채권,1,13,,,,,,,5,5,,,,,,
2026-09-28,국고채권,02GF96,채권,1,21,,,,,,,9,9,,,,,,
2026-09-28,국고채권,02G8C0,채권,1,15,,,,,,,0,3,,,,,,
2026-09-28,몰드,2B1FC4,채권,1,18,,,,,,,0,3,,,,,,
2026-09-28,충남지역개발,022G33,채권,1,2,,,,,,,1,1,,,,,,
2026-09-28,전북지역개발,012CA4,채권,1,20,,,,,,,23,28,,,,,,
2026-09-28,서울도시철도,024G19,채권,1,6,,,,,,,1,5,,,,,,
2026-09-28,경기지역개발,022FC6,채권,1,3,,,,,,,0,0,,,,,,
2026-09-28,현대자동차,383A58,채권,1,17,,,,,,,1,2,,,,,,
2026-09-28,서울특별시,011B50,채권,1,19,,,,,,,0,2,,,,,,
2026-09-28,대구광역시,014B96,채권,1,3,,,,,,,0,0,,,,,,
2026-09-28,LX하우시스,672B91,채권,1,7,,,,,,,0,2,,,,,,
2026-09-28,한백정밀,6Y1FC3,채권,1,17,,,,,,,0,3,,,,,,
2026-09-28,한국전력,07GC12,채권,1,13,,,,,,,1,7,,,,,,
2026-09-28,롯데쇼핑,533C90,채권,1,16,,,,,,,1,4,,,,,,
2026-09-28,하나금융지주,792A79,채권,1,2,,,,,,,3,1,,,,,,
2026-09-28,토지주택채권,03DG79,채권,1,5,,,,,,,0,0,,,,,,
2026-09-28,토지주택채권,027219,채권,1,22,,,,,,,0,4,,,,,,
2026-09-28,세종지역개발,012CB6,채권,1,8,,,,,,,1,5,,,,,,
2026-09-28,서울도시철도,0249A9,채권,1,3,,,,,,,0,3,,,,,,
2026-09-28,대구도시철도,024C51,채권,1,3,,,,,,,1,1,,,,,,
2026-09-28,경북지역개발,012CB6,채권,1,5,,,,,,,2,2,,,,,,
2026-09-28,경남지역개발,022E28,채권,1,10,,,,,,,1,7,,,,,,
2026-09-28,경기지역개발,032E86,채권,1,9,,,,,,,1,5,,,,,,
2026-09-28,국고채권,01GG39,채권,1,16,,,,,,,0,3,,,,,,
2026-09-28,평택도시공사,04DE43,채권,1,9,,,,,,,1,9,,,,,,
2026-09-28,토지주택채권,02DG13,채권,1,1,,,,,,,6,1,,,,,,
2026-09-28,토지주택채권,01DE99,채권,1,1,,,,,,,0,2,,,,,,
2026-09-28,전남지역개발,022DC4,채권,1,8,,,,,,,0,4,,,,,,
2026-09-28,인천지역개발,022G72,채권,1,3,,,,,,,0,0,,,,,,
2026-09-28,울산지역개발,012G26,채권,1,3,,,,,,,0,0,,,,,,
2026-09-28,서울도시철도,284A77,채권,1,2,,,,,,,2,4,,,,,,
2026-09-28,부산지역개발,022CB1,채권,1,16,,,,,,,0,0,,,,,,
2026-09-28,(주)부산은행,281C42,채권,1,14,,,,,,,6,4,,,,,,
2026-09-28,(주)국민은행,005F98,채권,1,1,,,,,,,0,0,,,,,,
2026-09-28,키움캐피탈,106G29,채권,1,11,,,,,,,0,2,,,,,,
2026-09-28,한진,321F97,채권,1,5,,,,,,,0,2,,,,,,
2026-09-28,충남지역개발,022DA1,채권,1,17,,,,,,,3,10,,,,,,
2026-09-28,전북지역개발,022FC2,채권,1,9,,,,,,,0,4,,,,,,
2026-09-28,서울도시철도,024E86,채권,1,22,,,,,,,8,7,,,,,,
2026-09-28,경기지역개발,022C23,채권,1,3,,,,,,,0,0,,,,,,
2026-09-28,강원지역개발,012DB4,채권,1,7,,,,,,,0,0,,,,,,
2026-09-28,(주)한진해운,931198,채권,1,13,,,,,,,0,2,,,,,,
2026-09-28,롯데건설,821G87,채권,1,8,,,,,,,7,5,,,,,,
2026-09-28,전북지역개발,022F42,채권,1,10,,,,,,,1,2,,,,,,
2026-09-28,세종지역개발,012C98,채권,1,4,,,,,,,0,0,,,,,,
2026-09-28,서울도시철도,024G50,채권,1,11,,,,,,,0,3,,,,,,
2026-09-28,광주지역개발,022E22,채권,1,7,,,,,,,1,4,,,,,,
2026-09-28,현대제철,021BA0,채권,1,4,,,,,,,96,36,,,,,,
2026-09-28,(주)동양,521253,채권,1,8,,,,,,,0,3,,,,,,
2026-09-28,한화,883E27,채권,1,33,,,,,,,9,26,,,,,,
2026-09-28,인천지역개발,012C78,채권,1,5,,,,,,,1,2,,,,,,
2026-09-28,산업단지공단,01DDC0,채권,1,11,,,,,,,0,2,,,,,,
2026-09-28,부산도시철도,014E20,채권,1,12,,,,,,,2,9,,,,,,
2026-09-28,강원지역개발,012C98,채권,1,9,,,,,,,1,3,,,,,,
2026-09-28,현대캐피탈,881812,채권,1,8,,,,,,,0,1,,,,,,
2026-09-28,한국전력,01GA28,채권,1,16,,,,,,,4,1,,,,,,
2026-09-28,부산도시철도,014F11,채권,1,6,,,,,,,1,2,,,,,,
2026-09-28,경북지역개발,022G37,채권,1,2,,,,,,,0,0,,,,,,
2026-09-28,네오라온 ,051026,채권,1,1,,,,,,,17,5,,,,,,
2026-09-28,국고채권,01GC33,채권,1,36,,,,,,,901,187,,,,,,
2026-09-28,서울도시철도,024C21,채권,1,17,,,,,,,1,9,,,,,,
2026-09-28,롯데쇼핑(주),532E40,채권,1,4,,,,,,,0,0,,,,,,
2026-09-28,대구도시철도,024CA8,채권,1,14,,,,,,,19,33,,,,,,
2026-09-28,(주)신한은행,011E48,채권,1,9,,,,,,,0,1,,,,,,
2026-09-28,키움캐피탈,101G16,채권,1,9,,,,,,,0,0,,,,,,
2026-09-28,엠지캐피탈,292F99,채권,1,3,,,,,,,7,11,,,,,,
2026-09-28,국고채권,02G933,채권,1,42,,,,,,,0,7,,,,,,
2026-09-28,국고채권,01GE64,채권,1,5,,,,,,,5,1,,,,,,
2026-09-28,국고채권,01GE31,채권,1,5,,,,,,,0,1,,,,,,
2026-09-28,한진,321G70,채권,1,4,,,,,,,1,4,,,,,,
2026-09-28,농금,01G9A0,채권,1,5,,,,,,,0,1,,,,,,
2026-09-28,국고,027V32,채권,1,24,,,,,,,1,5,,,,,,
2026-09-28,충남지역개발,022DB9,채권,1,5,,,,,,,6,6,,,,,,
2026-09-28,인천지역개발,022G56,채권,1,11,,,,,,,0,2,,,,,,
2026-09-28,울산지역개발,012C87,채권,1,1,,,,,,,0,0,,,,,,
2026-09-28,서울도시철도,054B74,채권,1,16,,,,,,,39,32,,,,,,
2026-09-28,SK텔레콤(주),671D69,채권,1,12,,,,,,,0,2,,,,,,
2026-09-28,팬오션(주),671271,채권,1,8,,,,,,,6,9,,,,,,
2026-09-28,키움캐피탈,105G20,채권,1,9,,,,,,,0,1,,,,,,
2026-09-28,토지주택채권,03DC81,채권,0,0,,,,,,,5,1,,,,,,
2026-09-28,골든펄제일차 ,77R008,채권,0,0,,,,,,,1,1,,,,,,
2026-09-28,아이에스동서 ,078MG7,채권,0,0,,,,,,,5,1,,,,,,
2026-09-28,티에스옐로우 ,293DG4,채권,0,0,,,,,,,10,1,,,,,,
2026-09-28,(주)뉴로라인즈,391E86,채권,0,8,,,,,,,0,2,,,,,,
2026-09-28,(주)대유플러스,030007,채권,0,9,,,,,,,0,0,,,,,,
2026-09-28,(주)동네정미소,231E78,채권,0,1,,,,,,,0,0,,,,,,
2026-09-28,(주)아트버스터,421D34,채권,0,3,,,,,,,0,0,,,,,,
2026-09-28,(주)퓨쳐인포넷,694W48,채권,0,0,,,,,,,5,1,,,,,,
2026-09-28,LG에너지솔루션,223D69,채권,0,4,,,,,,,0,2,,,,,,
2026-09-28,신한캐피탈(주),781E89,채권,0,0,,,,,,,11,10,,,,,,
2026-09-28,하나캐피탈(주),802F24,채권,0,0,,,,,,,5,1,,,,,,
2026-09-28,한국투자캐피탈,341F45,채권,0,5,,,,,,,0,1,,,,,,
2026-09-28,(주)엔앤씨(N&C),5C1FC6,채권,0,2,,,,,,,0,0,,,,,,
2026-09-28,티에이치제일차 ,09RDGG,채권,0,0,,,,,,,5,1,,,,,,
2026-09-28,경기주택도시공사,01DF90,채권,0,0,,,,,,,0,1,,,,,,
2026-09-28,에스케이하이닉스,664A26,채권,0,4,,,,,,,0,1,,,,,,
2026-09-28,주식회사컬쳐홀릭,721E46,채권,0,5,,,,,,,0,0,,,,,,
2026-09-28,충청남도개발공사,01DG45,채권,0,0,,,,,,,2,1,,,,,,
2026-09-28,모니모남산제일차 ,54L035,채권,0,0,,,,,,,574,92,,,,,,
2026-09-28,세인트알파제일차 ,91E004,채권,0,0,,,,,,,27,2,,,,,,
2026-09-28,자양파이브제육차 ,46WZG9,채권,0,0,,,,,,,10,1,,,,,,
2026-09-28,주식회사 지제이텍,752F51,채권,0,0,,,,,,,1,1,,,,,,
2026-09-28,큐브에이치솔루션 ,028011,채권,0,0,,,,,,,100,17,,,,,,
2026-09-28,헤라클레스제십차 ,153091,채권,0,0,,,,,,,8,3,,,,,,
2026-09-28,(주)씨티알모빌리티,171D59,채권,0,0,,,,,,,52,1,,,,,,
2026-09-28,(주)유씨매니지먼트,311E40,채권,0,10,,,,,,,0,3,,,,,,
2026-09-28,광주광역시도시공사,05DC10,채권,0,1,,,,,,,0,1,,,,,,
2026-09-28,한국투자캐피탈(주),342G35,채권,0,6,,,,,,,0,0,,,,,,
2026-09-28,서초더퍼스트제일차 ,26F001,채권,0,0,,,,,,,274,33,,,,,,
2026-09-28,에스와이동서제일차 ,11K1GD,채권,0,0,,,,,,,5,1,,,,,,
2026-09-28,에스와이동서제일차 ,11KRG1,채권,0,0,,,,,,,5,1,,,,,,
2026-09-28,에스와이동서제일차 ,11KVG1,채권,0,0,,,,,,,5,1,,,,,,
2026-09-28,에스와이동서제일차 ,11KZG1,채권,0,0,,,,,,,5,1,,,,,,
2026-09-28,에이치디현대케미칼 ,1596G4,채권,0,0,,,,,,,5,1,,,,,,
2026-09-28,주식회사우리술컴퍼니,181E76,채권,0,2,,,,,,,0,0,,,,,,
2026-09-28,현대해상화재보험(주),451EB4,채권,0,0,,,,,,,2,2,,,,,,
2026-09-28,마이트당진송악제일차 ,47R015,채권,0,0,,,,,,,106,23,,,,,,
2026-09-28,에스와이플러스제일차 ,178087,채권,0,0,,,,,,,26,3,,,,,,
2026-09-28,(주)씨라이프사이언스랩,8V1F95,채권,0,11,,,,,,,0,2,,,,,,
2026-09-28,지오인베스트먼트제일차 ,36Z001,채권,0,0,,,,,,,476,69,,,,,,
2026-09-28,제주지역개발,012CA2,채권,0,4,,,,,,,1,2,,,,,,
2026-09-28,제주지역개발,012CC8,채권,0,3,,,,,,,19,21,,,,,,
2026-09-28,충남지역개발,022C86,채권,0,3,,,,,,,0,1,,,,,,
2026-09-28,충남지역개발,022E76,채권,0,1,,,,,,,0,0,,,,,,
2026-09-28,충북지역개발,022CC6,채권,0,3,,,,,,,2,2,,,,,,
2026-09-28,충북지역개발,022D58,채권,0,0,,,,,,,0,1,,,,,,
2026-09-28,충북지역개발,022E16,채권,0,2,,,,,,,0,0,,,,,,
2026-09-28,충북지역개발,022F98,채권,0,2,,,,,,,0,0,,,,,,
2026-09-28,토지주택채권,01DD90,채권,0,1,,,,,,,1,3,,,,,,
2026-09-28,토지주택채권,01DF98,채권,0,2,,,,,,,0,0,,,,,,
2026-09-28,현대카드(주),904D75,채권,0,0,,,,,,,17,13,,,,,,
2026-09-28,디알제십팔차 ,16F034,채권,0,0,,,,,,,19,8,,,,,,
2026-09-28,아이에스동서 ,0785G7,채권,0,0,,,,,,,10,1,,,,,,
2026-09-28,피우메제일차 ,37C014,채권,0,0,,,,,,,60,11,,,,,,
2026-09-28,(주)엑시온그룹,921FB2,채권,0,0,,,,,,,10,1,,,,,,
2026-09-28,동양시멘트(주),501344,채권,0,1,,,,,,,0,0,,,,,,
2026-09-28,현대차증권(주),501G41,채권,0,0,,,,,,,0,1,,,,,,
2026-09-28,디와이디제일차 ,61VZG3,채권,0,0,,,,,,,10,1,,,,,,
2026-09-28,라온제이제일차 ,44Z001,채권,0,0,,,,,,,103,19,,,,,,
2026-09-28,마린씨티제일차 ,284008,채권,0,0,,,,,,,37,14,,,,,,
2026-09-28,에프이오제일차 ,56T012,채권,0,0,,,,,,,95,14,,,,,,
2026-09-28,주식회사 쇼보트,991863,채권,0,9,,,,,,,0,2,,,,,,
2026-09-28,주식회사 티비엠,581940,채권,0,11,,,,,,,0,5,,,,,,
2026-09-28,티에이치제일차 ,09RNG4,채권,0,0,,,,,,,10,1,,,,,,
2026-09-28,(주)해솔저축은행,821W91,채권,0,0,,,,,,,6,13,,,,,,
2026-09-28,SK이노베이션(주),771F86,채권,0,0,,,,,,,115,99,,,,,,
2026-09-28,광주광역시지방채,011AC7,채권,0,2,,,,,,,0,0,,,,,,
2026-09-28,국가철도공단채권,01GB68,채권,0,16,,,,,,,0,5,,,,,,
2026-09-28,대우조선해양(주),6612B0,채권,0,7,,,,,,,0,2,,,,,,
2026-09-28,메리츠캐피탈(주),372F76,채권,0,1,,,,,,,0,0,,,,,,
2026-09-28,한국토지주택공사,037283,채권,0,7,,,,,,,3,4,,,,,,
2026-09-28,에프엔센텀제일차 ,070016,채권,0,0,,,,,,,251,51,,,,,,
2026-09-28,엠에스포항제일차 ,6878GE,채권,0,0,,,,,,,10,1,,,,,,
2026-09-28,주식회사 알카나인,821F99,채권,0,2,,,,,,,0,0,,,,,,
2026-09-28,주식회사 폰투조이,371202,채권,0,8,,,,,,,0,0,,,,,,
2026-09-28,컬티베이션제팔차 ,998046,채권,0,0,,,,,,,5,3,,,,,,
2026-09-28,(주)스마트솔루션즈,511B71,채권,0,0,,,,,,,1,1,,,,,,
2026-09-28,NH농협금융지주(주),261E69,채권,0,1,,,,,,,3,3,,,,,,
2026-09-28,SK아이이테크놀로지,611FA6,채권,0,1,,,,,,,0,0,,,,,,
2026-09-28,에이치엘홀딩스(주),982G37,채권,0,1,,,,,,,0,0,,,,,,
2026-09-28,드림구삼당산제일차 ,831009,채권,0,0,,,,,,,124,20,,,,,,
2026-09-28,에스와이동서제일차 ,11K2GE,채권,0,0,,,,,,,3,1,,,,,,
2026-09-28,에스와이동서제일차 ,11KMG1,채권,0,0,,,,,,,5,1,,,,,,
2026-09-28,에스와이동서제일차 ,11KQG1,채권,0,0,,,,,,,5,1,,,,,,
2026-09-28,에이치디현대케미칼 ,159DG3,채권,0,0,,,,,,,5,1,,,,,,
2026-09-28,키움캐피탈 주식회사,105F62,채권,0,4,,,,,,,3,1,,,,,,
2026-09-28,기아특수강제３８회Ｃ,435FC2,채권,0,0,,,,,,,4,7,,,,,,
2026-09-28,서울주택도시공사보상,02DG11,채권,0,0,,,,,,,4,1,,,,,,
2026-09-28,해태전자제３３회ＣＢ,095EC3,채권,0,0,,,,,,,0,1,,,,,,
2026-09-28,흥국화재해상보험(주),541B99,채권,0,0,,,,,,,48,9,,,,,,
2026-09-28,비에스에프플러스제일차 ,00Y013,채권,0,0,,,,,,,17,1,,,,,,
2026-09-28,케이더블유투금제십육차 ,90B002,채권,0,0,,,,,,,96,16,,,,,,
2026-09-28,에이치디현대건설기계(주),273E46,채권,0,1,,,,,,,0,0,,,,,,
2026-09-28,아이엠웨스트게이트제일차 ,63L007,채권,0,0,,,,,,,99,14,,,,,,
2026-09-28,창인베스트제일차 주식회사,603C22,채권,0,0,,,,,,,6,2,,,,,,
2026-09-28,주식회사에브라임인터내셔널,941F25,채권,0,4,,,,,,,0,0,,,,,,
2026-09-28,(주)머스트씨무비릴리징컴퍼니,711850,채권,0,11,,,,,,,0,9,,,,,,
2026-09-28,빅토리드래곤제십칠차 주식회사,572BA2,채권,0,0,,,,,,,1,2,,,,,,
2026-09-28,신보2024제10차유동화전문 유한회사,092E53,채권,0,2,,,,,,,0,0,,,,,,
2026-09-28,월성제일차메르디앙유동화전문 유한회사,913T87,채권,0,2,,,,,,,49,426,,,,,,
2026-09-28,농업회사법인 에스에스바이오팜 주식회사,391A39,채권,0,20,,,,,,,0,5,,,,,,
2026-09-28,충남지역개발,022F75,채권,0,0,,,,,,,0,1,,,,,,
2026-09-28,충남지역개발,022G58,채권,0,2,,,,,,,0,0,,,,,,
2026-09-28,케이카캐피탈,751F99,채권,0,1,,,,,,,0,0,,,,,,
2026-09-28,토지주택채권,01DE24,채권,0,0,,,,,,,0,1,,,,,,
2026-09-28,한국산업은행,0872A8,채권,0,3,,,,,,,3,3,,,,,,
2026-09-28,글로에스과천 ,00H012,채권,0,0,,,,,,,95,17,,,,,,
2026-09-28,글로에스달서 ,33W006,채권,0,0,,,,,,,280,37,,,,,,
2026-09-28,글로에스평촌 ,28A010,채권,0,0,,,,,,,198,44,,,,,,
2026-09-28,아이에스동서 ,078EG7,채권,0,0,,,,,,,5,1,,,,,,
2026-09-28,아이에스동서 ,078KG7,채권,0,0,,,,,,,5,1,,,,,,
2026-09-28,에프엔동성로 ,175028,채권,0,0,,,,,,,283,48,,,,,,
2026-09-28,주식회사 성하,551DC1,채권,0,12,,,,,,,0,4,,,,,,
2026-09-28,챔피언벤투스 ,050RG8,채권,0,0,,,,,,,10,1,,,,,,
2026-09-28,티에스옐로우 ,293DGG,채권,0,0,,,,,,,10,1,,,,,,
2026-09-28,(주)KB금융지주,562B25,채권,0,1,,,,,,,0,0,,,,,,
2026-09-28,(주)엘엠에이티,081FB1,채권,0,15,,,,,,,0,3,,,,,,
2026-09-28,(주)친환경식품,901B97,채권,0,1,,,,,,,0,1,,,,,,
2026-09-28,현대캐피탈(주),883A20,채권,0,0,,,,,,,3,1,,,,,,
2026-09-28,나인벨류제일차 ,256CGJ,채권,0,0,,,,,,,19,1,,,,,,
2026-09-28,제이피트러스트 ,10W011,채권,0,0,,,,,,,93,19,,,,,,
2026-09-28,프로미스제일차 ,16T007,채권,0,0,,,,,,,53,4,,,,,,
2026-09-28,하나은행 조건부,944C69,채권,0,1,,,,,,,0,0,,,,,,
2026-09-28,농협손해보험(주),271F39,채권,0,0,,,,,,,0,1,,,,,,
2026-09-28,메리츠캐피탈(주),372FA9,채권,0,2,,,,,,,0,0,,,,,,
2026-09-28,에이치디현대(주),251F25,채권,0,1,,,,,,,0,0,,,,,,
2026-09-28,충청남도개발공사,03DG84,채권,0,0,,,,,,,3,1,,,,,,
2026-09-28,골든퍼시픽제일차 ,09A3GM,채권,0,0,,,,,,,5,1,,,,,,
2026-09-28,뉴스타김포제사차 ,818051,채권,0,0,,,,,,,70,1,,,,,,
2026-09-28,자양파이브제육차 ,46WQG9,채권,0,0,,,,,,,10,1,,,,,,
2026-09-28,주식회사 멋들어진,861E41,채권,0,6,,,,,,,0,1,,,,,,
2026-09-28,주식회사 지에스티,171EC6,채권,0,3,,,,,,,0,0,,,,,,
2026-09-28,(주)하이드로젠파워,081W69,채권,0,1,,,,,,,0,0,,,,,,
2026-09-28,스프링에너지제일차 ,30EEGF,채권,0,0,,,,,,,5,1,,,,,,
2026-09-28,에이치디현대케미칼 ,159MG3,채권,0,0,,,,,,,5,1,,,,,,
2026-09-28,에이치디현대케미칼 ,159YG1,채권,0,0,,,,,,,5,1,,,,,,
2026-09-28,(주)신한금융지주회사,552790,채권,0,1,,,,,,,1,1,,,,,,
2026-09-28,(주)신한금융지주회사,552C15,채권,0,2,,,,,,,26,1,,,,,,
2026-09-28,(주)우성엔터테인먼트,9118B9,채권,0,10,,,,,,,0,1,,,,,,
2026-09-28,에이치엘비글로벌(주),582F99,채권,0,0,,,,,,,30,1,,,,,,
2026-09-28,하이트진로홀딩스(주),142E99,채권,0,1,,,,,,,0,0,,,,,,
2026-09-28,에이치아이베타제일차 ,12A012,채권,0,0,,,,,,,19,3,,,,,,
2026-09-28,주식회사 비에스소프트,471C88,채권,0,4,,,,,,,0,1,,,,,,
2026-09-28,플라잉메가캐리어제이차 ,30S001,채권,0,0,,,,,,,137,46,,,,,,
2026-09-28,비욘드파이오니아 주식회사,141CC7,채권,0,0,,,,,,,64,11,,,,,,
2026-09-28,(주)세아베스틸,435K46,채권,0,0,,,,,,,0,7,,,,,,
2026-09-28,(주)주노콜렉션,671862,채권,0,0,,,,,,,1,1,,,,,,
2026-09-28,(주)케이엠에듀,271E74,채권,0,8,,,,,,,0,2,,,,,,
2026-09-28,현대커머셜(주),921E62,채권,0,0,,,,,,,10,5,,,,,,
2026-09-28,(주)우리술컴퍼니,181E84,채권,0,4,,,,,,,0,1,,,,,,
2026-09-28,(주)하나금융지주,791G58,채권,0,2,,,,,,,0,0,,,,,,
2026-09-28,영남저축은행(주),061W93,채권,0,4,,,,,,,0,0,,,,,,
2026-09-28,오성첨단소재(주),422FA2,채권,0,0,,,,,,,10,1,,,,,,
2026-09-28,주식회사컬쳐홀릭,721E12,채권,0,6,,,,,,,0,0,,,,,,
2026-09-28,코오롱인더스트리,111F91,채권,0,1,,,,,,,0,1,,,,,,
2026-09-28,골든퍼시픽제일차 ,09AYG9,채권,0,0,,,,,,,5,1,,,,,,
2026-09-28,디비크레딧제일차 ,34L016,채권,0,0,,,,,,,30,8,,,,,,
2026-09-28,아디아고덕제일차 ,117018,채권,0,0,,,,,,,98,16,,,,,,
2026-09-28,에이유이오제일차 ,97V013,채권,0,0,,,,,,,283,43,,,,,,
2026-09-28,엠에스울산제일차 ,786025,채권,0,0,,,,,,,36,7,,,,,,
2026-09-28,(주)토마토저축은행,571SC6,채권,0,1,,,,,,,0,1,,,,,,
2026-09-28,에스티에스개발(주),3Z1F84,채권,0,0,,,,,,,2,2,,,,,,
2026-09-28,버디파트너스제이차 ,40AEG9,채권,0,0,,,,,,,10,1,,,,,,
2026-09-28,아이비투게더제오차 ,20T001,채권,0,0,,,,,,,24,8,,,,,,
2026-09-28,에스엘티중외제일차 ,834010,채권,0,0,,,,,,,74,10,,,,,,
2026-09-28,에스와이동서제일차 ,11KCG1,채권,0,0,,,,,,,5,1,,,,,,
2026-09-28,에스와이동서제일차 ,11KZG2,채권,0,0,,,,,,,5,1,,,,,,
2026-09-28,에이치디현대케미칼 ,159CG1,채권,0,0,,,,,,,10,1,,,,,,
2026-09-28,에이치디현대케미칼 ,159LG3,채권,0,0,,,,,,,5,1,,,,,,
2026-09-28,에이치디현대케미칼 ,159ZG1,채권,0,0,,,,,,,5,1,,,,,,
2026-09-28,키움캐피탈 주식회사,108F36,채권,0,2,,,,,,,0,0,,,,,,
2026-09-28,경기주택도시공사보상,03DD74,채권,0,2,,,,,,,0,1,,,,,,
2026-09-28,씨제이프레시웨이(주),501EB5,채권,0,0,,,,,,,25,2,,,,,,
2026-09-28,코오롱인더스트리(주),112E42,채권,0,1,,,,,,,0,0,,,,,,
2026-09-28,에스와이플러스제이차 ,277022,채권,0,0,,,,,,,14,4,,,,,,
2026-09-28,비엔케이에스성성제일차 ,69WYG3,채권,0,0,,,,,,,5,1,,,,,,
2026-09-28,비엔케이에스성성제일차 ,69WZG3,채권,0,0,,,,,,,5,1,,,,,,
2026-09-28,에이치제이갤럭시제사차 ,46H024,채권,0,0,,,,,,,75,17,,,,,,
2026-09-28,교보생명보험신종자본증권 ,981G98,채권,0,11,,,,,,,71,97,,,,,,
2026-09-28,제일인베스트먼트 주식회사,262C65,채권,0,0,,,,,,,0,1,,,,,,
2026-09-28,주식회사 미트라자사리마코리아,561D37,채권,0,12,,,,,,,0,1,,,,,,
2026-09-28,창원지역개발,012E23,채권,0,4,,,,,,,0,1,,,,,,
2026-09-28,충남지역개발,012B97,채권,0,1,,,,,,,0,0,,,,,,
2026-09-28,충남지역개발,022C45,채권,0,3,,,,,,,0,1,,,,,,
2026-09-28,충남지역개발,022D85,채권,0,0,,,,,,,0,1,,,,,,
2026-09-28,충남지역개발,022FC2,채권,0,3,,,,,,,0,0,,,,,,
2026-09-28,충북지역개발,022FA3,채권,0,0,,,,,,,0,1,,,,,,
2026-09-28,토지주택채권,03DC16,채권,0,1,,,,,,,0,0,,,,,,
2026-09-28,한국중부발전,562A87,채권,0,9,,,,,,,91,82,,,,,,
2026-09-28,아이에스동서 ,078TG7,채권,0,0,,,,,,,5,1,,,,,,
2026-09-28,아이에스동서 ,078WG7,채권,0,0,,,,,,,5,1,,,,,,
2026-09-28,티에스옐로우 ,2936G4,채권,0,0,,,,,,,10,1,,,,,,
2026-09-28,티에스옐로우 ,2936GG,채권,0,0,,,,,,,10,1,,,,,,
2026-09-28,티에스옐로우 ,293WG4,채권,0,0,,,,,,,10,1,,,,,,
2026-09-28,(주)한울앤제주,731F18,채권,0,0,,,,,,,5,1,,,,,,
2026-09-28,HS효성첨단소재,052F70,채권,0,1,,,,,,,1,1,,,,,,
2026-09-28,머니가드서비스,8F1G32,채권,0,2,,,,,,,0,0,,,,,,
2026-09-28,나인벨류제일차 ,256EGJ,채권,0,0,,,,,,,10,1,,,,,,
2026-09-28,에스디비제십차 ,06B011,채권,0,0,,,,,,,21,6,,,,,,
2026-09-28,주식회사 지엘텍,391CA6,채권,0,5,,,,,,,0,2,,,,,,
2026-09-28,(주)미성포리테크,7010C5,채권,0,1,,,,,,,0,1,,,,,,
2026-09-28,(주)우리금융지주,141BA9,채권,0,2,,,,,,,0,0,,,,,,
2026-09-28,(주)하나금융지주,791F34,채권,0,3,,,,,,,8,14,,,,,,
2026-09-28,경기주택도시공사,02DE66,채권,0,5,,,,,,,15,3,,,,,,
2026-09-28,나우파트너스(주),082CB6,채권,0,0,,,,,,,0,1,,,,,,
2026-09-28,나우파트너스(주),208003,채권,0,0,,,,,,,1,2,,,,,,
2026-09-28,나우파트너스(주),208004,채권,0,1,,,,,,,1,3,,,,,,
2026-09-28,대우조선해양(주),662447,채권,0,3,,,,,,,0,0,,,,,,
2026-09-28,동원시스템즈(주),822E71,채권,0,2,,,,,,,0,0,,,,,,
2026-09-28,서울주택도시공사,01DE48,채권,0,1,,,,,,,0,0,,,,,,
2026-09-28,한국저축은행(주),611T67,채권,0,0,,,,,,,0,2,,,,,,
2026-09-28,골든퍼시픽제일차 ,09AWG9,채권,0,0,,,,,,,5,1,,,,,,
2026-09-28,헤라클레스제십차 ,153092,채권,0,0,,,,,,,7,4,,,,,,
2026-09-28,(주)제니스헬스케어,941681,채권,0,2,,,,,,,0,3,,,,,,
2026-09-28,전남광주통합특별시,022G55,채권,0,1,,,,,,,0,0,,,,,,
2026-09-28,스프링에너지제일차 ,30EFGF,채권,0,0,,,,,,,5,1,,,,,,
2026-09-28,에스와이동서제일차 ,11K6G1,채권,0,0,,,,,,,5,1,,,,,,
2026-09-28,에스와이동서제일차 ,11KNG2,채권,0,0,,,,,,,5,1,,,,,,
2026-09-28,에스와이동서제일차 ,11KSG1,채권,0,0,,,,,,,5,1,,,,,,
2026-09-28,에스와이동서제일차 ,11KXG1,채권,0,0,,,,,,,5,1,,,,,,
2026-09-28,(주)베리타스자산대부,811FC8,채권,0,0,,,,,,,3,1,,,,,,
2026-09-28,(주)삼화상호저축은행,671W67,채권,0,1,,,,,,,30,59,,,,,,
2026-09-28,네오에스티지 주식회사,691C31,채권,0,0,,,,,,,0,1,,,,,,
2026-09-28,케이에이치엘제십구차 ,49TRG3,채권,0,0,,,,,,,2,1,,,,,,
2026-09-28,이원다이애그노믹스(주),562005,채권,0,1,,,,,,,0,0,,,,,,
2026-09-28,업스트림제일차 주식회사,772C59,채권,0,0,,,,,,,8,4,,,,,,
2026-09-28,제일인베스트먼트 주식회사,264C97,채권,0,1,,,,,,,1,2,,,,,,
2026-09-28,푸본현대생명보험 주식회사,951D99,채권,0,0,,,,,,,39,13,,,,,,
2026-09-28,울산지역개발,012D37,채권,0,2,,,,,,,0,0,,,,,,
2026-09-28,울산지역개발,012F84,채권,0,1,,,,,,,0,0,,,,,,
2026-09-28,울산지역개발,012G18,채권,0,4,,,,,,,0,1,,,,,,
2026-09-28,전남지역개발,022F64,채권,0,2,,,,,,,0,0,,,,,,
2026-09-28,전남지역개발,022G48,채권,0,3,,,,,,,0,2,,,,,,
2026-09-28,전북지역개발,022C37,채권,0,3,,,,,,,0,0,,,,,,
2026-09-28,전북지역개발,022G17,채권,0,1,,,,,,,0,1,,,,,,
2026-09-28,전북지역개발,022G58,채권,0,0,,,,,,,0,1,,,,,,
2026-09-28,전북지역개발,022G82,채권,0,1,,,,,,,0,0,,,,,,
2026-09-28,제주지역개발,012F83,채권,0,0,,,,,,,0,2,,,,,,
2026-09-28,제주지역개발,022C92,채권,0,0,,,,,,,1,1,,,,,,
2026-09-28,창원지역개발,012C74,채권,0,0,,,,,,,0,1,,,,,,
2026-09-28,충남지역개발,022E50,채권,0,1,,,,,,,0,0,,,,,,
2026-09-28,충북지역개발,022D90,채권,0,4,,,,,,,0,1,,,,,,
2026-09-28,충북지역개발,022F31,채권,0,1,,,,,,,0,0,,,,,,
2026-09-28,충북지역개발,022F64,채권,0,1,,,,,,,0,0,,,,,,
2026-09-28,케이지미라클,5S1FA2,채권,0,0,,,,,,,0,1,,,,,,
2026-09-28,토지주택채권,05GB20,채권,0,4,,,,,,,1,1,,,,,,
2026-09-28,아이에스동서 ,0783G9,채권,0,0,,,,,,,5,1,,,,,,
2026-09-28,아이에스동서 ,078AG9,채권,0,0,,,,,,,5,1,,,,,,
2026-09-28,티에스옐로우 ,293GG4,채권,0,0,,,,,,,10,1,,,,,,
2026-09-28,(주)아트버스터,421D59,채권,0,4,,,,,,,0,1,,,,,,
2026-09-28,한화에너지(주),722E57,채권,0,3,,,,,,,0,0,,,,,,
2026-09-28,나인벨류제일차 ,256AGJ,채권,0,0,,,,,,,19,1,,,,,,
2026-09-28,주식회사 미린트,281AB2,채권,0,2,,,,,,,0,1,,,,,,
2026-09-28,주식회사 프라터,381BC6,채권,0,1,,,,,,,0,1,,,,,,
2026-09-28,중부파크제일차 ,22E010,채권,0,0,,,,,,,56,8,,,,,,
2026-09-28,(주)우리금융지주,141F57,채권,0,1,,,,,,,0,0,,,,,,
2026-09-28,(주)제너시스템즈,931174,채권,0,2,,,,,,,0,1,,,,,,
2026-09-28,(주)포스코이앤씨,103F43,채권,0,2,,,,,,,0,0,,,,,,
2026-09-28,메리츠캐피탈(주),375G98,채권,0,2,,,,,,,1,2,,,,,,
2026-09-28,전남광주지역개발,012G77,채권,0,1,,,,,,,0,0,,,,,,
2026-09-28,골든퍼시픽제일차 ,09A4G9,채권,0,0,,,,,,,6,1,,,,,,
2026-09-28,골든퍼시픽제일차 ,09AXG9,채권,0,0,,,,,,,5,1,,,,,,
2026-09-28,디비크레딧제이차 ,34M001,채권,0,0,,,,,,,53,15,,,,,,
2026-09-28,엠에스포항제일차 ,687XG2,채권,0,0,,,,,,,19,1,,,,,,
2026-09-28,주식회사 지에스티,172EC4,채권,0,1,,,,,,,0,0,,,,,,
2026-09-28,(주)케이알랩바이오,711D96,채권,0,10,,,,,,,0,1,,,,,,
2026-09-28,남산드림힐튼제일차 ,58J006,채권,0,0,,,,,,,172,37,,,,,,
2026-09-28,농업회사법인 곤충킹,361G83,채권,0,2,,,,,,,0,0,,,,,,
2026-09-28,디더블유양주제오차 ,260HG9,채권,0,0,,,,,,,5,1,,,,,,
2026-09-28,에스와이동서제일차 ,11K2GD,채권,0,0,,,,,,,5,1,,,,,,
2026-09-28,에스와이동서제일차 ,11KKG2,채권,0,0,,,,,,,5,1,,,,,,
2026-09-28,에스와이동서제일차 ,11K022,채권,0,0,,,,,,,5,1,,,,,,
2026-09-28,에이치디현대케미칼 ,1591G4,채권,0,0,,,,,,,5,1,,,,,,
2026-09-28,에이치디현대케미칼 ,159EG3,채권,0,0,,,,,,,5,1,,,,,,
2026-09-28,에이치디현대케미칼 ,159KG4,채권,0,0,,,,,,,5,1,,,,,,
2026-09-28,와이케이검단제일차 ,47F005,채권,0,0,,,,,,,144,35,,,,,,
2026-09-28,유에스알릭스제일차 ,144044,채권,0,0,,,,,,,20,8,,,,,,
2026-09-28,주식회사 푸드스미스,381995,채권,0,5,,,,,,,0,0,,,,,,
2026-09-28,프로스페로스제일차 ,043010,채권,0,0,,,,,,,19,2,,,,,,
2026-09-28,(주)삼화상호저축은행,671WC4,채권,0,0,,,,,,,7,19,,,,,,
2026-09-28,엠케이폴렉스주식회사,5T1G20,채권,0,13,,,,,,,0,2,,,,,,
2026-09-28,에스와이플러스제일차 ,178079,채권,0,0,,,,,,,2,1,,,,,,
2026-09-28,에이치아이베타제일차 ,12A014,채권,0,0,,,,,,,3,2,,,,,,
2026-09-28,비엔케이에스성성제일차 ,69WNG3,채권,0,0,,,,,,,5,1,,,,,,
2026-09-28,엔에이치헌인리파제일차 ,14T005,채권,0,0,,,,,,,298,40,,,,,,
2026-09-28,(주)아이엠라이프생명보험,681F37,채권,0,0,,,,,,,10,1,,,,,,
2026-09-28,(주)티앤에스 스포테인먼트,266001,채권,0,0,,,,,,,1,3,,,,,,
2026-09-28,제일인베스트먼트 주식회사,263C98,채권,0,0,,,,,,,2,5,,,,,,
2026-09-28,신한라이프생명보험주식회사,261F62,채권,0,3,,,,,,,0,0,,,,,,
2026-09-28,모바일어플라이언스 주식회사,726002,채권,0,0,,,,,,,15,1,,,,,,
2026-09-28,두산에너빌리티,021F69,채권,0,3,,,,,,,0,2,,,,,,
2026-09-28,미래그린케미칼,202FA1,채권,0,4,,,,,,,0,0,,,,,,
2026-09-28,성이바이오(주),201C56,채권,0,0,,,,,,,10,1,,,,,,
2026-09-28,한국수력원자력,321BB0,채권,0,3,,,,,,,299,72,,,,,,
2026-09-28,디와이디제일차 ,61VWG3,채권,0,0,,,,,,,10,1,,,,,,
2026-09-28,주식회사 플라나,391E90,채권,0,6,,,,,,,0,1,,,,,,
2026-09-28,케이성정제일차 ,239054,채권,0,0,,,,,,,177,36,,,,,,
2026-09-28,허삼감삼제일차 ,98S006,채권,0,0,,,,,,,263,47,,,,,,
2026-09-28,(주)씨제이이엔엠,762E11,채권,0,1,,,,,,,0,0,,,,,,
2026-09-28,(주)어라운드바디,101E91,채권,0,2,,,,,,,0,1,,,,,,
2026-09-28,(주)한울저축은행,831W99,채권,0,1,,,,,,,0,1,,,,,,
2026-09-28,경기저축은행(주),2810A5,채권,0,1,,,,,,,0,0,,,,,,
2026-09-28,경기저축은행(주),281W99,채권,0,2,,,,,,,0,3,,,,,,
2026-09-28,용인도시공사보상,01DE37,채권,0,2,,,,,,,0,0,,,,,,
2026-09-28,한국전력공사(주),02GA43,채권,0,0,,,,,,,16,16,,,,,,
2026-09-28,한국주택금융공사,04GBC5,채권,0,0,,,,,,,845,130,,,,,,
2026-09-28,뉴스타스톤제일차 ,78Z004,채권,0,0,,,,,,,497,93,,,,,,
2026-09-28,뉴스타시나제삼차 ,28M008,채권,0,0,,,,,,,15,5,,,,,,
2026-09-28,에프엔블루제이차 ,51T001,채권,0,0,,,,,,,97,12,,,,,,
2026-09-28,제이엘이오제일차 ,95L006,채권,0,0,,,,,,,146,23,,,,,,
2026-09-28,주식회사 다람기술,771BB2,채권,0,0,,,,,,,3,4,,,,,,
2026-09-28,(주)솔로몬저축은행,801W94,채권,0,1,,,,,,,0,0,,,,,,
2026-09-28,김해시도시개발공사,01DG96,채권,0,1,,,,,,,0,0,,,,,,
2026-09-28,디더블유양주제오차 ,260NG9,채권,0,0,,,,,,,5,1,,,,,,
2026-09-28,디더블유양주제오차 ,260VG9,채권,0,0,,,,,,,5,1,,,,,,
2026-09-28,버디파트너스제이차 ,40AYG9,채권,0,0,,,,,,,10,1,,,,,,
2026-09-28,에스와이동서제일차 ,11K025,채권,0,0,,,,,,,5,1,,,,,,
2026-09-28,에이치디앤디제이차 ,44H001,채권,0,0,,,,,,,198,30,,,,,,
2026-09-28,에이치디현대케미칼 ,1594GD,채권,0,0,,,,,,,5,1,,,,,,
2026-09-28,에스와이플러스제일차 ,178083,채권,0,0,,,,,,,2,1,,,,,,
2026-09-28,주식회사 아트원하우스,581DC8,채권,0,0,,,,,,,0,1,,,,,,
2026-09-28,홀리시안리즈 주식회사,581CA9,채권,0,0,,,,,,,45,3,,,,,,
2026-09-28,(주)올스타엔터테인먼트,561E69,채권,0,17,,,,,,,0,2,,,,,,
2026-09-28,비엔케이에스성성제일차 ,69WMG3,채권,0,0,,,,,,,5,1,,,,,,
2026-09-28,에이치디현대일렉트릭(주),263E48,채권,0,1,,,,,,,0,0,,,,,,
2026-09-28,비욘드로뎀제일차 주식회사,041B94,채권,0,0,,,,,,,27,5,,,,,,
2026-09-28,주식회사에브라임인터내셔널,941BC5,채권,0,1,,,,,,,0,0,,,,,,
2026-09-28,모바일어플라이언스 주식회사,726001,채권,0,0,,,,,,,25,1,,,,,,
2026-09-28,충남지역개발,022C11,채권,0,1,,,,,,,0,0,,,,,,
2026-09-28,충남지역개발,022C78,채권,0,2,,,,,,,0,1,,,,,,
2026-09-28,충남지역개발,022D51,채권,0,3,,,,,,,0,0,,,,,,
2026-09-28,충북지역개발,012D27,채권,0,0,,,,,,,0,1,,,,,,
2026-09-28,충북지역개발,022G89,채권,0,1,,,,,,,0,0,,,,,,
2026-09-28,토지주택채권,01DF49,채권,0,1,,,,,,,0,1,,,,,,
2026-09-28,아이에스동서 ,0783G7,채권,0,0,,,,,,,10,1,,,,,,
2026-09-28,아이에스동서 ,078QG7,채권,0,0,,,,,,,5,1,,,,,,
2026-09-28,제이온스테이 ,79J003,채권,0,0,,,,,,,3,1,,,,,,
2026-09-28,티에스옐로우 ,293ZG4,채권,0,0,,,,,,,10,1,,,,,,
2026-09-28,(주)리신바이오,291G33,채권,0,12,,,,,,,0,3,,,,,,
2026-09-28,(주)세아베스틸,43JK47,채권,0,0,,,,,,,0,7,,,,,,
2026-09-28,(주)셈스게임즈,171FA9,채권,0,8,,,,,,,0,0,,,,,,
2026-09-28,(주)지에이아트,221DC2,채권,0,21,,,,,,,0,1,,,,,,
2026-09-28,한국캐피탈(주),761F58,채권,0,8,,,,,,,0,2,,,,,,
2026-09-28,한국투자캐피탈,343FC1,채권,0,0,,,,,,,3,3,,,,,,
2026-09-28,현대코퍼레이션,762E38,채권,0,6,,,,,,,0,0,,,,,,
2026-09-28,디와이디제일차 ,61VYG3,채권,0,0,,,,,,,10,1,,,,,,
2026-09-28,허삼광천제일차 ,55J006,채권,0,0,,,,,,,206,35,,,,,,
2026-09-28,(주)애큐온캐피탈,23AF28,채권,0,0,,,,,,,1,3,,,,,,
2026-09-28,(주)에프티이앤이,161665,채권,0,4,,,,,,,0,1,,,,,,
2026-09-28,(주)우리금융지주,141EA3,채권,0,2,,,,,,,0,0,,,,,,
2026-09-28,(주)우리술컴퍼니,181F67,채권,0,1,,,,,,,0,0,,,,,,
2026-09-28,경기주택도시공사,02DF81,채권,0,0,,,,,,,15,1,,,,,,
2026-09-28,광주광역시지방채,031A66,채권,0,3,,,,,,,4,6,,,,,,
2026-09-28,대우전자부품(주),321S97,채권,0,1,,,,,,,0,0,,,,,,
2026-09-28,올래밥상에프엔비,791G71,채권,0,1,,,,,,,0,1,,,,,,
2026-09-28,충청남도개발공사,01DG29,채권,0,0,,,,,,,0,1,,,,,,
2026-09-28,한국저축은행(주),611098,채권,0,1,,,,,,,0,2,,,,,,
2026-09-28,한국토지주택공사,057273,채권,0,4,,,,,,,10,3,,,,,,
2026-09-28,한화투자증권(주),532E26,채권,0,2,,,,,,,0,5,,,,,,
2026-09-28,주식회사 드림닥터,719101,채권,0,2,,,,,,,0,0,,,,,,
2026-09-28,케이더씨엘제삼차 ,88W002,채권,0,0,,,,,,,1,1,,,,,,
2026-09-28,올스타엔터테인먼트,561F27,채권,0,12,,,,,,,0,2,,,,,,
2026-09-28,디더블유양주제오차 ,260GG9,채권,0,0,,,,,,,5,1,,,,,,
2026-09-28,메타인피니티제십차 ,14S010,채권,0,0,,,,,,,149,22,,,,,,
2026-09-28,에스와이동서제일차 ,11KWG1,채권,0,0,,,,,,,5,1,,,,,,
2026-09-28,에이치디현대케미칼 ,159AGD,채권,0,0,,,,,,,5,1,,,,,,
2026-09-28,쿼럼바이오 주식회사,397001,채권,0,1,,,,,,,0,0,,,,,,
2026-09-28,(주)삼삼공구브라더스,1117A7,채권,0,2,,,,,,,0,2,,,,,,
2026-09-28,경기주택도시공사보상,03DD17,채권,0,1,,,,,,,1,1,,,,,,
2026-09-28,유나이티드보더스(주),811EC7,채권,0,3,,,,,,,0,2,,,,,,
2026-09-28,코오롱인더스트리(주),111E92,채권,0,0,,,,,,,15,2,,,,,,
2026-09-28,네오에스티지 주식회사,691CC3,채권,0,9,,,,,,,0,2,,,,,,
2026-09-28,대전도시공사보상(서남부) ,01DG59,채권,0,1,,,,,,,0,0,,,,,,
2026-09-28,어업회사법인 주식회사디비에프티,931737,채권,0,1,,,,,,,0,0,,,,,,
2026-09-28,신보2024제25차유동화전문 유한회사,851EB5,채권,0,1,,,,,,,0,0,,,,,,
2026-09-28,아이에스동서 ,0782G9,채권,0,0,,,,,,,5,1,,,,,,
2026-09-28,챔피언벤투스 ,050LG8,채권,0,0,,,,,,,10,1,,,,,,
2026-09-28,티에스옐로우 ,293EG4,채권,0,0,,,,,,,10,1,,,,,,
2026-09-28,(주)녹색친구들,131B89,채권,0,6,,,,,,,0,2,,,,,,
2026-09-28,(주)와이즈파워,671283,채권,0,0,,,,,,,0,1,,,,,,
2026-09-28,한국캐피탈(주),762F40,채권,0,1,,,,,,,0,0,,,,,,
2026-09-28,한온시스템(주),882E20,채권,0,6,,,,,,,0,1,,,,,,
2026-09-28,한화에너지(주),722EA4,채권,0,10,,,,,,,0,3,,,,,,
2026-09-28,경남은행 조건부,521740,채권,0,5,,,,,,,0,3,,,,,,
2026-09-28,나인벨류제일차 ,256BGJ,채권,0,0,,,,,,,19,1,,,,,,
2026-09-28,성수디에스코너 ,943011,채권,0,0,,,,,,,101,27,,,,,,
2026-09-28,에이블펄제일차 ,208013,채권,0,0,,,,,,,170,43,,,,,,
2026-09-28,오거스트제일차 ,024009,채권,0,0,,,,,,,171,40,,,,,,
2026-09-28,퍼스트엠제십차 ,432033,채권,0,0,,,,,,,2,1,,,,,,
2026-09-28,(주)엘앤피아너스,141075,채권,0,0,,,,,,,0,1,,,,,,
2026-09-28,(주)해솔저축은행,821037,채권,0,0,,,,,,,3,8,,,,,,
2026-09-28,대우조선해양(주),661449,채권,0,12,,,,,,,0,3,,,,,,
2026-09-28,대우조선해양(주),661530,채권,0,3,,,,,,,0,1,,,,,,
2026-09-28,대진첨단소재(주),972F84,채권,0,0,,,,,,,39,1,,,,,,
2026-09-28,베리타스자산대부,811FA2,채권,0,0,,,,,,,1,1,,,,,,
2026-09-28,케이비캐피탈(주),96BFC9,채권,0,2,,,,,,,0,0,,,,,,
2026-09-28,케이씨코트렐(주),965004,채권,0,6,,,,,,,0,0,,,,,,
2026-09-28,한국주택금융공사,06G6C0,채권,0,0,,,,,,,599,120,,,,,,
2026-09-28,한국토지주택공사,0472A9,채권,0,1,,,,,,,0,0,,,,,,
2026-09-28,디비크레딧제일차 ,34L018,채권,0,0,,,,,,,23,13,,,,,,
2026-09-28,에이치신촌제일차 ,23L002,채권,0,0,,,,,,,172,38,,,,,,
2026-09-28,에프엔양지제일차 ,31Y010,채권,0,0,,,,,,,150,33,,,,,,
2026-09-28,엠에프시네제일차 ,497014,채권,0,0,,,,,,,196,44,,,,,,
2026-09-28,케이지마포제일차 ,999013,채권,0,0,,,,,,,4,1,,,,,,
2026-09-28,(주)토마토저축은행,571067,채권,0,3,,,,,,,6,30,,,,,,
2026-09-28,AJ네트웍스 주식회사,571G48,채권,0,1,,,,,,,0,0,,,,,,
2026-09-28,더모스트송파제일차 ,536018,채권,0,0,,,,,,,59,12,,,,,,
2026-09-28,버디파트너스제이차 ,40APG9,채권,0,0,,,,,,,10,1,,,,,,
2026-09-28,에스와이동서제일차 ,11KBG1,채권,0,0,,,,,,,5,1,,,,,,
2026-09-28,에스와이동서제일차 ,11KTG1,채권,0,0,,,,,,,5,1,,,,,,
2026-09-28,에코에리카 주식회사,822C17,채권,0,0,,,,,,,5,1,,,,,,
2026-09-28,엠지캐피탈 주식회사,292F40,채권,0,1,,,,,,,0,0,,,,,,
2026-09-28,주식회사 데이타몬드,4D1F77,채권,0,21,,,,,,,0,2,,,,,,
2026-09-28,주식회사 선진피앤비,581943,채권,0,3,,,,,,,0,3,,,,,,
2026-09-28,트러스트역곡제일차 ,05J008,채권,0,0,,,,,,,149,32,,,,,,
2026-09-28,(주)시너지이노베이션,871489,채권,0,2,,,,,,,0,1,,,,,,
2026-09-28,(주)신한금융지주회사,551D15,채권,0,6,,,,,,,0,2,,,,,,
2026-09-28,(주)신한금융지주회사,552G37,채권,0,1,,,,,,,11,6,,,,,,
2026-09-28,경기주택도시공사보상,02DBA6,채권,0,3,,,,,,,20,10,,,,,,
2026-09-28,케이에이치엘제십구차 ,49T5GF,채권,0,0,,,,,,,2,1,,,,,,
2026-09-28,한국유니온제약 주식회사,072003,채권,0,1,,,,,,,0,0,,,,,,
2026-09-28,덴티스트리인베스트먼트 주식회사,901D51,채권,0,0,,,,,,,776,2,,,,,,
2026-09-28,동양시멘트(주),501245,채권,0,0,,,,,,,0,1,,,,,,
2026-09-28,바론코리아(주),941E56,채권,0,8,,,,,,,0,0,,,,,,
2026-09-28,신한캐피탈(주),78BD79,채권,0,1,,,,,,,0,0,,,,,,
2026-09-28,한국투자캐피탈,343G91,채권,0,3,,,,,,,5,11,,,,,,
2026-09-28,(주)DGB금융지주,131E64,채권,0,1,,,,,,,3,4,,,,,,
2026-09-28,에스남천제일차 ,34G001,채권,0,0,,,,,,,207,39,,,,,,
2026-09-28,필릭스에이씨지 ,515012,채권,0,0,,,,,,,224,48,,,,,,
2026-09-28,(주)베델자산관리,491C89,채권,0,0,,,,,,,1,1,,,,,,
2026-09-28,나우파트너스(주),082C52,채권,0,0,,,,,,,0,1,,,,,,
2026-09-28,나우파트너스(주),208001,채권,0,0,,,,,,,2,3,,,,,,
2026-09-28,메리츠캐피탈(주),375EC1,채권,0,2,,,,,,,0,0,,,,,,
2026-09-28,한국전력공사(주),05G9B8,채권,0,16,,,,,,,0,3,,,,,,
2026-09-28,한솔테크닉스(주),712G32,채권,0,1,,,,,,,10,3,,,,,,
2026-09-28,엠에스포항제일차 ,6873GE,채권,0,0,,,,,,,10,1,,,,,,
2026-09-28,엠에스포항제일차 ,687DG2,채권,0,0,,,,,,,19,1,,,,,,
2026-09-28,(주)메리츠금융지주,041E73,채권,0,0,,,,,,,0,1,,,,,,
2026-09-28,엠에프엠코리아(주),323004,채권,0,9,,,,,,,0,0,,,,,,
2026-09-28,우리금융에프앤아이,783G50,채권,0,1,,,,,,,0,0,,,,,,
2026-09-28,디더블유양주제오차 ,2600GM,채권,0,0,,,,,,,5,1,,,,,,
2026-09-28,디더블유양주제오차 ,260EG9,채권,0,0,,,,,,,5,1,,,,,,
2026-09-28,디더블유양주제오차 ,260XG9,채권,0,0,,,,,,,5,1,,,,,,
2026-09-28,에스와이동서제일차 ,11KDG1,채권,0,0,,,,,,,5,1,,,,,,
2026-09-28,에스와이동서제일차 ,11KNG1,채권,0,0,,,,,,,5,1,,,,,,
2026-09-28,에스와이동서제일차 ,11KRG2,채권,0,0,,,,,,,5,1,,,,,,
2026-09-28,에이치디현대케미칼 ,159JG4,채권,0,0,,,,,,,5,1,,,,,,
2026-09-28,엔에이치스타제이차 ,02G003,채권,0,0,,,,,,,41,5,,,,,,
2026-09-28,엠에스아이디제칠차 ,798021,채권,0,0,,,,,,,68,14,,,,,,
2026-09-28,키스파트너스제일차 ,92K002,채권,0,0,,,,,,,296,51,,,,,,
2026-09-28,엔투인와이디피제이차 ,88Y004,채권,0,0,,,,,,,41,6,,,,,,
2026-09-28,케이더블유비씨제이차 ,08D006,채권,0,0,,,,,,,6,4,,,,,,
2026-09-28,(주)프라임상호저축은행,171060,채권,0,0,,,,,,,0,3,,,,,,
2026-09-28,비엔케이에스성성제일차 ,69W0GF,채권,0,0,,,,,,,5,1,,,,,,
2026-09-28,에스크레딧솔루션제칠차 ,40B001,채권,0,0,,,,,,,155,26,,,,,,
2026-09-28,주식회사 신세계프라퍼티,381D63,채권,0,0,,,,,,,6,6,,,,,,
2026-09-28,주식회사 미트라자사리마코리아,561DB1,채권,0,10,,,,,,,0,2,,,,,,
2026-09-28,충북지역개발,022C59,채권,0,1,,,,,,,0,0,,,,,,
2026-09-28,한국토지신탁,831G19,채권,0,0,,,,,,,5,1,,,,,,
2026-09-28,아이에스동서 ,0789G9,채권,0,0,,,,,,,5,1,,,,,,
2026-09-28,아이에스동서 ,078PG7,채권,0,0,,,,,,,5,1,,,,,,
2026-09-28,티에스옐로우 ,2938GG,채권,0,0,,,,,,,10,1,,,,,,
2026-09-28,프라임미니트 ,501002,채권,0,0,,,,,,,15,10,,,,,,
2026-09-28,(주)뮤즈블라썸,481E33,채권,0,15,,,,,,,0,2,,,,,,
2026-09-28,(주)아이피플스,9717C0,채권,0,28,,,,,,,0,10,,,,,,
2026-09-28,디엑스랩즈(주),191EB0,채권,0,17,,,,,,,0,5,,,,,,
2026-09-28,롯데캐피탈(주),692F91,채권,0,6,,,,,,,2,3,,,,,,
2026-09-28,미래그린케미칼,201EA6,채권,0,4,,,,,,,0,1,,,,,,
2026-09-28,삼성에프엔리츠,732G37,채권,0,3,,,,,,,0,0,,,,,,
2026-09-28,솔로몬저축은행,801030,채권,0,0,,,,,,,0,1,,,,,,
2026-09-28,한국캐피탈(주),762F24,채권,0,4,,,,,,,0,0,,,,,,
2026-09-28,디와이디제일차 ,61VXG3,채권,0,0,,,,,,,10,1,,,,,,
2026-09-28,주식회사 코지샵,081C65,채권,0,4,,,,,,,0,0,,,,,,
2026-09-28,(주)발켄모빌리티,101E87,채권,0,1,,,,,,,0,1,,,,,,
2026-09-28,(주)하나금융지주,792985,채권,0,2,,,,,,,1,2,,,,,,
2026-09-28,(주)한울별이앤엠,7017C7,채권,0,4,,,,,,,0,1,,,,,,
2026-09-28,대우조선해양(주),662272,채권,0,3,,,,,,,0,0,,,,,,
2026-09-28,메리츠캐피탈(주),375E74,채권,0,1,,,,,,,0,1,,,,,,
2026-09-28,진흥저축은행(주),201W74,채권,0,2,,,,,,,0,0,,,,,,
2026-09-28,에프엔구로제일차 ,371013,채권,0,0,,,,,,,98,10,,,,,,
2026-09-28,엠에스포항제일차 ,687YG2,채권,0,0,,,,,,,19,1,,,,,,
2026-09-28,자양파이브제육차 ,46WRG9,채권,0,0,,,,,,,10,1,,,,,,
2026-09-28,제이케이비제이차 ,363024,채권,0,0,,,,,,,1,1,,,,,,
2026-09-28,주식회사 엔브로스,701819,채권,0,14,,,,,,,0,4,,,,,,
2026-09-28,케이에스알제일차 ,72N008,채권,0,0,,,,,,,96,23,,,,,,
2026-09-28,하이플러스제일차 ,29ECGL,채권,0,0,,,,,,,5,1,,,,,,
2026-09-28,레인보우비젼２사모,495J23,채권,0,0,,,,,,,10,1,,,,,,
2026-09-28,키움에프앤아이(주),592EA0,채권,0,1,,,,,,,0,0,,,,,,
2026-09-28,비케이플러스제일차 ,09H001,채권,0,0,,,,,,,97,21,,,,,,
2026-09-28,에스와이동서제일차 ,11K3GD,채권,0,0,,,,,,,5,1,,,,,,
2026-09-28,에스와이동서제일차 ,11K5GE,채권,0,0,,,,,,,2,1,,,,,,
2026-09-28,에스와이동서제일차 ,11K028,채권,0,0,,,,,,,5,1,,,,,,
2026-09-28,(주)에이비프로바이오,991G48,채권,0,0,,,,,,,5,1,,,,,,
2026-09-28,경기주택도시공사보상,01DE18,채권,0,0,,,,,,,1,1,,,,,,
2026-09-28,에이치앤엘어드밴스드,591F10,채권,0,7,,,,,,,1,2,,,,,,
2026-09-28,에이치디비에이제삼차 ,655029,채권,0,0,,,,,,,223,49,,,,,,
2026-09-28,주식회사 골든와이어드,5216B9,채권,0,0,,,,,,,0,1,,,,,,
2026-09-28,주식회사 테바스테이션,961E59,채권,0,1,,,,,,,0,0,,,,,,
2026-09-28,케이에이치엘제십구차 ,49TNG3,채권,0,0,,,,,,,2,1,,,,,,
2026-09-28,비엔케이에스성성제일차 ,69W1GF,채권,0,0,,,,,,,5,1,,,,,,
2026-09-28,주식회사에브라임인터내셔널,941F90,채권,0,1,,,,,,,0,0,,,,,,
2026-09-28,주식회사 에이원엔터테인먼트,471818,채권,0,16,,,,,,,0,3,,,,,,
2026-09-28,하나금융지주,7928C4,채권,0,1,,,,,,,0,0,,,,,,
2026-09-28,(주)DGB캐피탈,943E49,채권,0,13,,,,,,,0,4,,,,,,
2026-09-28,골든펄제일차 ,77R009,채권,0,0,,,,,,,19,10,,,,,,
2026-09-28,아이에스동서 ,0782G7,채권,0,0,,,,,,,10,1,,,,,,
2026-09-28,아이에스동서 ,078LG7,채권,0,0,,,,,,,5,1,,,,,,
2026-09-28,아이에스동서 ,078NG7,채권,0,0,,,,,,,5,1,,,,,,
2026-09-28,에오스제일차 ,85T005,채권,0,0,,,,,,,33,3,,,,,,
2026-09-28,챔피언벤투스 ,050CG8,채권,0,0,,,,,,,10,1,,,,,,
2026-09-28,풍무엘제일차 ,054037,채권,0,0,,,,,,,98,36,,,,,,
2026-09-28,(주)KB금융지주,562A59,채권,0,0,,,,,,,1,1,,,,,,
2026-09-28,(주)중앙디자인,031001,채권,0,0,,,,,,,0,2,,,,,,
2026-09-28,HS효성첨단소재,053FA9,채권,0,1,,,,,,,0,0,,,,,,
2026-09-28,넥센타이어(주),352E41,채권,0,1,,,,,,,0,0,,,,,,
2026-09-28,대신에프앤아이,342G22,채권,0,2,,,,,,,0,0,,,,,,
2026-09-28,뮤즈2 주식회사,221929,채권,0,19,,,,,,,0,5,,,,,,
2026-09-28,웅진에너지(주),1316C1,채권,0,2,,,,,,,1,3,,,,,,
2026-09-28,한일시멘트(주),722G40,채권,0,0,,,,,,,1,1,,,,,,
2026-09-28,한화솔루션(주),833E11,채권,0,1,,,,,,,0,0,,,,,,
2026-09-28,(주)하나금융지주,791D28,채권,0,10,,,,,,,5,4,,,,,,
2026-09-28,시작프로덕션(주),891D74,채권,0,12,,,,,,,0,2,,,,,,
2026-09-28,한국토지주택공사,047290,채권,0,1,,,,,,,23,2,,,,,,
2026-09-28,케이에스알제이차 ,72R006,채권,0,0,,,,,,,137,1,,,,,,
2026-09-28,엠에프엠코리아(주),323001,채권,0,3,,,,,,,0,2,,,,,,
2026-09-28,우리금융에프앤아이,781F95,채권,0,1,,,,,,,0,2,,,,,,
2026-09-28,버디파트너스제이차 ,40AKG9,채권,0,0,,,,,,,10,1,,,,,,
2026-09-28,에스와이동서제일차 ,11K7G1,채권,0,0,,,,,,,5,1,,,,,,
2026-09-28,엔에이치도안제일차 ,50Z005,채권,0,0,,,,,,,294,37,,,,,,
2026-09-28,키스비케이제십삼차 ,184027,채권,0,0,,,,,,,3,1,,,,,,
2026-09-28,키움캐피탈 주식회사,104F22,채권,0,3,,,,,,,0,1,,,,,,
2026-09-28,더블에이플러스제오차 ,11E010,채권,0,0,,,,,,,36,4,,,,,,
2026-09-28,케이에이치엘제십구차 ,49T9GF,채권,0,0,,,,,,,2,1,,,,,,
2026-09-28,케이에이치엘제십구차 ,49TSG3,채권,0,0,,,,,,,2,1,,,,,,
2026-09-28,(주)스코넥엔터테인먼트,041FA0,채권,0,0,,,,,,,10,1,,,,,,
2026-09-28,메리츠화재해상보험(주),061C49,채권,0,0,,,,,,,67,27,,,,,,
2026-09-28,에스케이인천석유화학(주),652G22,채권,0,0,,,,,,,0,1,,,,,,
2026-09-28,주식회사에브라임인터내셔널,941EA3,채권,0,9,,,,,,,0,3,,,,,,
2026-09-28,이큐디벨롭제십삼차 주식회사,321C39,채권,0,0,,,,,,,30,3,,,,,,
2026-09-28,인천지역개발,022C43,채권,0,4,,,,,,,0,0,,,,,,
2026-09-28,인천지역개발,022E82,채권,0,0,,,,,,,0,1,,,,,,
2026-09-28,인천지역개발,022EA1,채권,0,1,,,,,,,0,0,,,,,,
2026-09-28,인천지역개발,022FA8,채권,0,1,,,,,,,0,0,,,,,,
2026-09-28,인천지역개발,022FC4,채권,0,1,,,,,,,0,0,,,,,,
2026-09-28,전북지역개발,022C45,채권,0,2,,,,,,,0,0,,,,,,
2026-09-28,전북지역개발,022G33,채권,0,1,,,,,,,0,0,,,,,,
2026-09-28,제주지역개발,012BB2,채권,0,1,,,,,,,0,1,,,,,,
2026-09-28,제주지역개발,012C45,채권,0,1,,,,,,,0,0,,,,,,
2026-09-28,중소기업은행,01GE32,채권,0,2,,,,,,,0,0,,,,,,
2026-09-28,충남지역개발,012D95,채권,0,4,,,,,,,3,4,,,,,,
2026-09-28,충남지역개발,022D69,채권,0,0,,,,,,,0,1,,,,,,
2026-09-28,토지주택채권,01DF72,채권,0,1,,,,,,,0,1,,,,,,
2026-09-28,토지주택채권,01DFC3,채권,0,3,,,,,,,3,2,,,,,,
2026-09-28,디에스뉴로드 ,07C004,채권,0,0,,,,,,,86,13,,,,,,
2026-09-28,아이에스동서 ,078050,채권,0,0,,,,,,,117,35,,,,,,
2026-09-28,주식회사 르뺑,341879,채권,0,6,,,,,,,0,2,,,,,,
2026-09-28,챔피언벤투스 ,050FG8,채권,0,0,,,,,,,10,1,,,,,,
2026-09-28,(주)대유플러스,030008,채권,0,1,,,,,,,0,2,,,,,,
2026-09-28,(주)에이디센터,6A1F25,채권,0,2,,,,,,,0,0,,,,,,
2026-09-28,롯데캐피탈(주),692F34,채권,0,16,,,,,,,0,0,,,,,,
2026-09-28,세아창원특수강,432E26,채권,0,2,,,,,,,0,0,,,,,,
2026-09-28,웅진에너지(주),1311C2,채권,0,5,,,,,,,0,0,,,,,,
2026-09-28,나우파트너스(주),081C53,채권,0,0,,,,,,,0,2,,,,,,
2026-09-28,나우파트너스(주),083CA6,채권,0,0,,,,,,,3,7,,,,,,
2026-09-28,동양생명보험(주),641FB9,채권,0,4,,,,,,,17,17,,,,,,
2026-09-28,메리츠캐피탈(주),372F92,채권,0,1,,,,,,,0,0,,,,,,
2026-09-28,메리츠캐피탈(주),374F17,채권,0,1,,,,,,,0,0,,,,,,
2026-09-28,중앙종합금융(주),996K67,채권,0,3,,,,,,,28,137,,,,,,
2026-09-28,에프엔본리제이차 ,01A006,채권,0,0,,,,,,,389,59,,,,,,
2026-09-28,주식회사 폰투조이,371201,채권,0,8,,,,,,,0,0,,,,,,
2026-09-28,에스케이렌터카(주),401EB9,채권,0,11,,,,,,,0,2,,,,,,
2026-09-28,한국투자캐피탈(주),343FA5,채권,0,2,,,,,,,1,1,,,,,,
2026-09-28,더블에스이노제일차 ,87A009,채권,0,0,,,,,,,149,30,,,,,,
2026-09-28,디더블유양주제오차 ,260WG9,채권,0,0,,,,,,,5,1,,,,,,
2026-09-28,에스와이동서제일차 ,11KFG1,채권,0,0,,,,,,,5,1,,,,,,
2026-09-28,에스와이동서제일차 ,11KJG2,채권,0,0,,,,,,,5,1,,,,,,
2026-09-28,에스와이동서제일차 ,11KQG2,채권,0,0,,,,,,,5,1,,,,,,
2026-09-28,에스와이동서제일차 ,11KYG1,채권,0,0,,,,,,,5,1,,,,,,
2026-09-28,에이치디현대케미칼 ,1595G4,채권,0,0,,,,,,,5,1,,,,,,
2026-09-28,엔에이치동탄제일차 ,37R001,채권,0,0,,,,,,,3,1,,,,,,
2026-09-28,엠퍼스트사일제이차 ,82J002,채권,0,0,,,,,,,30,5,,,,,,
2026-09-28,주식회사 블루그레인,291DA6,채권,0,5,,,,,,,0,1,,,,,,
2026-09-28,키스비케이제십삼차 ,184024,채권,0,0,,,,,,,19,4,,,,,,
2026-09-28,키움캐피탈 주식회사,102F65,채권,0,6,,,,,,,0,1,,,,,,
2026-09-28,하이제주드림제십차 ,082020,채권,0,0,,,,,,,52,10,,,,,,
2026-09-28,(주)디에이치오토리드,121E67,채권,0,0,,,,,,,4,1,,,,,,
2026-09-28,(주)에스씨엘사이언스,961F12,채권,0,0,,,,,,,5,2,,,,,,
2026-09-28,경기주택도시공사보상,01DE91,채권,0,1,,,,,,,0,0,,,,,,
2026-09-28,주식회사우리술컴퍼니,181F59,채권,0,6,,,,,,,0,2,,,,,,
2026-09-28,메리츠화재해상보험(주),061E47,채권,0,0,,,,,,,26,5,,,,,,
2026-09-28,비엔케이에스성성제일차 ,69W3G3,채권,0,0,,,,,,,10,1,,,,,,
2026-09-28,케이에이치엘제이십일차 ,71X002,채권,0,0,,,,,,,89,15,,,,,,
2026-09-28,플라잉메가캐리어제일차 ,19G020,채권,0,0,,,,,,,91,25,,,,,,
2026-09-28,비욘드다문제일차 주식회사,301C39,채권,0,0,,,,,,,45,7,,,,,,
2026-09-28,제일인베스트먼트 주식회사,926002,채권,0,0,,,,,,,0,1,,,,,,
2026-09-28,주식회사에브라임인터내셔널,941D43,채권,0,6,,,,,,,0,1,,,,,,
2026-09-28,악크로제일차 ,71J017,채권,0,0,,,,,,,2,2,,,,,,
2026-09-28,주식회사 헤니,081D86,채권,0,1,,,,,,,0,1,,,,,,
2026-09-28,(주)랩지노믹스,651878,채권,0,1,,,,,,,0,1,,,,,,
2026-09-28,(주)뮤즈블라썸,481G31,채권,0,12,,,,,,,0,1,,,,,,
2026-09-28,(주)바이오이즈,250001,채권,0,2,,,,,,,0,0,,,,,,
2026-09-28,(주)인스프리트,131130,채권,0,2,,,,,,,6,1,,,,,,
2026-09-28,미래그린케미칼,201EC2,채권,0,1,,,,,,,0,0,,,,,,
2026-09-28,미래에셋캐피탈,971F76,채권,0,2,,,,,,,0,0,,,,,,
2026-09-28,삼보모터스(주),701F58,채권,0,0,,,,,,,1,1,,,,,,
2026-09-28,신한캐피탈(주),785F19,채권,0,4,,,,,,,0,3,,,,,,
2026-09-28,엘에스전선(주),232DA8,채권,0,1,,,,,,,0,1,,,,,,
2026-09-28,현대커머셜(주),922D21,채권,0,0,,,,,,,60,100,,,,,,
2026-09-28,(주)DGB금융지주,131F22,채권,0,1,,,,,,,0,0,,,,,,
2026-09-28,윈디가산제이차 ,05GZG9,채권,0,0,,,,,,,10,1,,,,,,
2026-09-28,주식회사 케어슨,221CB3,채권,0,10,,,,,,,0,2,,,,,,
2026-09-28,주식회사 코지샵,081BC8,채권,0,4,,,,,,,0,0,,,,,,
2026-09-28,해피이천제일차 ,635014,채권,0,0,,,,,,,134,25,,,,,,
2026-09-28,메리츠캐피탈(주),374F66,채권,0,2,,,,,,,0,0,,,,,,
2026-09-28,진흥저축은행(주),201WA1,채권,0,1,,,,,,,0,2,,,,,,
2026-09-28,케이씨코트렐(주),651C84,채권,0,12,,,,,,,0,3,,,,,,
2026-09-28,한국주택금융공사,05G9A9,채권,0,0,,,,,,,198,38,,,,,,
2026-09-28,한국항공우주산업,812G14,채권,0,1,,,,,,,0,0,,,,,,
2026-09-28,뉴스타김포제칠차 ,726020,채권,0,0,,,,,,,686,129,,,,,,
2026-09-28,아크원청라제일차 ,33Z002,채권,0,0,,,,,,,194,39,,,,,,
2026-09-28,주식회사 티움앤코,641DC0,채권,0,11,,,,,,,0,2,,,,,,
2026-09-28,하이플러스제일차 ,29EAGL,채권,0,0,,,,,,,5,1,,,,,,
2026-09-28,(주)솔로몬저축은행,801V61,채권,0,0,,,,,,,0,2,,,,,,
2026-09-28,에스엘티범어제일차 ,41M005,채권,0,0,,,,,,,135,31,,,,,,
2026-09-28,에스와이동서제일차 ,11KJG1,채권,0,0,,,,,,,5,1,,,,,,
2026-09-28,에스와이동서제일차 ,11K027,채권,0,0,,,,,,,5,1,,,,,,
2026-09-28,에이치디현대케미칼 ,1595GD,채권,0,0,,,,,,,5,1,,,,,,
2026-09-28,엠지캐피탈 주식회사,295FC7,채권,0,7,,,,,,,0,1,,,,,,
2026-09-28,쿼럼바이오 주식회사,971E63,채권,0,4,,,,,,,0,2,,,,,,
2026-09-28,하이제주드림제칠차 ,905022,채권,0,0,,,,,,,134,31,,,,,,
2026-09-28,제일인베스트먼트(주),926003,채권,0,0,,,,,,,1,2,,,,,,
2026-09-28,주식회사 비전코퍼레이션,326202,채권,0,6,,,,,,,0,0,,,,,,
2026-09-28,주식회사 에스엔엘코리아,281E20,채권,0,14,,,,,,,0,3,,,,,,
2026-09-28,한국유니온제약 주식회사,072002,채권,0,4,,,,,,,0,0,,,,,,
2026-09-28,에스케이인천석유화학(주),652FA8,채권,0,1,,,,,,,0,0,,,,,,
2026-09-28,디시티제일차 ,692017,채권,0,0,,,,,,,13,3,,,,,,
2026-09-28,아이에스동서 ,078AG7,채권,0,0,,,,,,,10,1,,,,,,
2026-09-28,(주)엠엠코리아,521A75,채권,0,3,,,,,,,0,0,,,,,,
2026-09-28,LG에너지솔루션,221G35,채권,0,2,,,,,,,0,1,,,,,,
2026-09-28,메리츠증권(주),5619C5,채권,0,0,,,,,,,20,1,,,,,,
2026-09-28,엘지디스플레이,222C28,채권,0,22,,,,,,,0,2,,,,,,
2026-09-28,하나에프앤아이,083E22,채권,0,5,,,,,,,0,1,,,,,,
2026-09-28,한국캐피탈(주),763FB3,채권,0,1,,,,,,,0,0,,,,,,
2026-09-28,마이에스해운대 ,880032,채권,0,0,,,,,,,99,27,,,,,,
2026-09-28,(주)우리금융지주,141FA0,채권,0,1,,,,,,,0,0,,,,,,
2026-09-28,메리츠캐피탈(주),371F69,채권,0,3,,,,,,,0,1,,,,,,
2026-09-28,한국디지탈라인제,605K78,채권,0,0,,,,,,,0,2,,,,,,
2026-09-28,한국주택금융공사,05G9C5,채권,0,0,,,,,,,593,38,,,,,,
2026-09-28,DL에너지 주식회사,032E62,채권,0,3,,,,,,,0,0,,,,,,
2026-09-28,골드클리드제일차 ,03F002,채권,0,0,,,,,,,2,2,,,,,,
2026-09-28,에이치드림제일차 ,943022,채권,0,0,,,,,,,7,4,,,,,,
2026-09-28,엠에스포항제일차 ,687BGE,채권,0,0,,,,,,,10,1,,,,,,
2026-09-28,주식회사 낭만농객,161E44,채권,0,4,,,,,,,0,1,,,,,,
2026-09-28,플랜업에이치제이 ,79Y011,채권,0,0,,,,,,,98,25,,,,,,
2026-09-28,하이플러스제일차 ,29EDGL,채권,0,0,,,,,,,5,1,,,,,,
2026-09-28,(주)케이엔알시스템,431G22,채권,0,0,,,,,,,8,1,,,,,,
2026-09-28,에이치디현대중공업,183E19,채권,0,2,,,,,,,2,4,,,,,,
2026-09-28,엠에프엠코리아(주),231D64,채권,0,21,,,,,,,0,3,,,,,,
2026-09-28,휴니드테크놀러지스,871FC4,채권,0,0,,,,,,,1,1,,,,,,
2026-09-28,스프링에너지제일차 ,30ECGF,채권,0,0,,,,,,,5,1,,,,,,
2026-09-28,스프링에너지제일차 ,30EDGF,채권,0,0,,,,,,,5,1,,,,,,
2026-09-28,에스와이동서제일차 ,11K1G1,채권,0,0,,,,,,,5,1,,,,,,
2026-09-28,에스와이동서제일차 ,11K4G2,채권,0,0,,,,,,,5,1,,,,,,
2026-09-28,에스와이동서제일차 ,11K4GE,채권,0,0,,,,,,,2,1,,,,,,
2026-09-28,에스와이동서제일차 ,11KAG1,채권,0,0,,,,,,,5,1,,,,,,
2026-09-28,에스와이동서제일차 ,11KEG1,채권,0,0,,,,,,,5,1,,,,,,
2026-09-28,에스와이동서제일차 ,11K029,채권,0,0,,,,,,,5,1,,,,,,
2026-09-28,에이치디현대케미칼 ,1594G4,채권,0,0,,,,,,,5,1,,,,,,
2026-09-28,에이치디현대케미칼 ,159CG3,채권,0,0,,,,,,,5,1,,,,,,
2026-09-28,에이치디현대케미칼 ,159FG4,채권,0,0,,,,,,,5,1,,,,,,
2026-09-28,(주)파인드어플레이스,7K1F83,채권,0,1,,,,,,,0,0,,,,,,
2026-09-28,뉴스타에이케이제일차 ,054050,채권,0,0,,,,,,,1,1,,,,,,
2026-09-28,디오네제일차 주식회사,601CA5,채권,0,0,,,,,,,47,8,,,,,,
2026-09-28,에이치아이베타제일차 ,12A013,채권,0,0,,,,,,,2,1,,,,,,
2026-09-28,케이에이치엘제십구차 ,49TQG3,채권,0,0,,,,,,,2,1,,,,,,
2026-09-28,에스지신성건설주식회사,971SA3,채권,0,1,,,,,,,0,142,,,,,,
2026-09-28,부산도시공사(보상)(센텀,01DEB1,채권,0,0,,,,,,,1,2,,,,,,
2026-09-28,주식회사 와이즈에스엔티,961C83,채권,0,9,,,,,,,0,4,,,,,,
2026-09-28,(주)아이엠라이프생명보험,681EB4,채권,0,0,,,,,,,20,1,,,,,,
2026-09-28,에스케이인천석유화학(주),652F15,채권,0,4,,,,,,,0,0,,,,,,
2026-09-28,에이치디현대일렉트릭(주),262E49,채권,0,8,,,,,,,0,1,,,,,,
2026-09-28,케이더블유투금제이십일차 ,74A003,채권,0,0,,,,,,,99,19,,,,,,
2026-09-28,어업회사법인 주식회사디비에프티,393006,채권,0,1,,,,,,,0,0,,,,,,
2026-09-28,신보2024제27차유동화전문 유한회사,571EB8,채권,0,1,,,,,,,0,0,,,,,,
2026-09-28,한솔제지(주),502F42,채권,0,10,,,,,,,0,0,,,,,,
2026-09-28,한화오션(주),662F17,채권,0,0,,,,,,,40,2,,,,,,
2026-09-28,현대전자산업,662HC8,채권,0,0,,,,,,,0,1,,,,,,
2026-09-28,디더블유노들 ,627012,채권,0,0,,,,,,,69,6,,,,,,
2026-09-28,주식회사 서비,471EB3,채권,0,1,,,,,,,0,0,,,,,,
2026-09-28,티에스옐로우 ,293CGG,채권,0,0,,,,,,,10,1,,,,,,
2026-09-28,머니가드서비스,8F1F74,채권,0,2,,,,,,,0,0,,,,,,
2026-09-28,삼성중공업(주),142F97,채권,0,3,,,,,,,0,0,,,,,,
2026-09-28,현대캐피탈(주),888A66,채권,0,0,,,,,,,3,1,,,,,,
2026-09-28,로우랜드제일차 ,068015,채권,0,0,,,,,,,2,1,,,,,,
2026-09-28,양도큐브제일차 ,644030,채권,0,0,,,,,,,329,35,,,,,,
2026-09-28,오산부산제일차 ,392017,채권,0,0,,,,,,,64,17,,,,,,
2026-09-28,온새미로제십차 ,950003,채권,0,0,,,,,,,34,5,,,,,,
2026-09-28,주식회사 코지샵,081CC6,채권,0,7,,,,,,,0,2,,,,,,
2026-09-28,주택금융공사MBS,10GC16,채권,0,1,,,,,,,0,0,,,,,,
2026-09-28,(주)미성포리테크,470001,채권,0,0,,,,,,,1,3,,,,,,
2026-09-28,(주)팀스페이스팜,941EC2,채권,0,10,,,,,,,0,2,,,,,,
2026-09-28,(주)하나금융지주,794A51,채권,0,2,,,,,,,0,2,,,,,,
2026-09-28,네오세미테크(주),241WC4,채권,0,3,,,,,,,0,2,,,,,,
2026-09-28,케이씨코트렐(주),965003,채권,0,0,,,,,,,0,1,,,,,,
2026-09-28,넥스트레벨제일차 ,49A025,채권,0,0,,,,,,,12,1,,,,,,
2026-09-28,마이트성수제이차 ,487010,채권,0,0,,,,,,,56,10,,,,,,
2026-09-28,비케이라펠제일차 ,468025,채권,0,0,,,,,,,199,21,,,,,,
2026-09-28,에프엔금오제일차 ,91P004,채권,0,0,,,,,,,280,52,,,,,,
2026-09-28,엘오토월드제삼차 ,299024,채권,0,0,,,,,,,1,1,,,,,,
2026-09-28,이터널음성제일차 ,8230GM,채권,0,0,,,,,,,5,1,,,,,,
2026-09-28,한국투자캐피탈(주),344F67,채권,0,5,,,,,,,0,0,,,,,,
2026-09-28,두산퓨얼셀 주식회사,261F34,채권,0,0,,,,,,,1,1,,,,,,
2026-09-28,디더블유양주제오차 ,260QG9,채권,0,0,,,,,,,5,1,,,,,,
2026-09-28,에스와이동서제일차 ,11K0GD,채권,0,0,,,,,,,5,1,,,,,,
2026-09-28,에스와이동서제일차 ,11K1G2,채권,0,0,,,,,,,19,1,,,,,,
2026-09-28,에스와이동서제일차 ,11K2G1,채권,0,0,,,,,,,5,1,,,,,,
2026-09-28,에스와이동서제일차 ,11K3GE,채권,0,0,,,,,,,3,1,,,,,,
2026-09-28,에스와이동서제일차 ,11K4G1,채권,0,0,,,,,,,5,1,,,,,,
2026-09-28,에스와이동서제일차 ,11K5G1,채권,0,0,,,,,,,5,1,,,,,,
2026-09-28,에스와이동서제일차 ,11K026,채권,0,0,,,,,,,5,1,,,,,,
2026-09-28,에이치디현대케미칼 ,159HG4,채권,0,0,,,,,,,5,1,,,,,,
2026-09-28,와이에스엠씨제일차 ,025039,채권,0,0,,,,,,,55,15,,,,,,
2026-09-28,주식회사 선진피앤비,658001,채권,0,3,,,,,,,0,0,,,,,,
2026-09-28,키움캐피탈 주식회사,103F49,채권,0,4,,,,,,,0,0,,,,,,
2026-09-28,(주)디에이치오토넥스,301C31,채권,0,33,,,,,,,0,6,,,,,,
2026-09-28,(주)보그전시프로젝트,531773,채권,0,4,,,,,,,0,0,,,,,,
2026-09-28,서울주택도시공사보상,01DG12,채권,0,4,,,,,,,0,0,,,,,,
2026-09-28,서울주택도시공사보상,01DG38,채권,0,1,,,,,,,0,0,,,,,,
2026-09-28,에이치케이이노엔(주),942EA0,채권,0,2,,,,,,,0,0,,,,,,
2026-09-28,에스와이플러스제일차 ,178085,채권,0,0,,,,,,,5,1,,,,,,
2026-09-28,케이에이치엘제십구차 ,49T3GF,채권,0,0,,,,,,,2,1,,,,,,
2026-09-28,(주)나노실리칸첨단소재,751G37,채권,0,0,,,,,,,52,2,,,,,,
2026-09-28,(주)프라임상호저축은행,171V61,채권,0,0,,,,,,,2,1,,,,,,
2026-09-28,주식회사 비전코퍼레이션,326201,채권,0,6,,,,,,,0,0,,,,,,
2026-09-28,플라잉메가캐리어제일차 ,19G022,채권,0,0,,,,,,,17,3,,,,,,
2026-09-28,(주)가우디움어소시에이츠,481E31,채권,0,28,,,,,,,0,0,,,,,,
2026-09-28,비욘드대치제일차 주식회사,391C32,채권,0,0,,,,,,,15,2,,,,,,
2026-09-28,평택에너지앤파워 주식회사,552F49,채권,0,3,,,,,,,0,0,,,,,,
2026-09-28,주식회사에브라임인터내셔널,941DC1,채권,0,7,,,,,,,0,2,,,,,,
2026-09-28,(주)머스트씨무비릴리징컴퍼니,711835,채권,0,4,,,,,,,0,5,,,,,,
2026-09-28,SK,734B20,채권,0,3,,,,,,,1,1,,,,,,
2026-09-28,도움,611T74,채권,0,0,,,,,,,0,1,,,,,,
2026-09-28,한화,884F90,채권,0,0,,,,,,,0,1,,,,,,
2026-09-28,HD현대,253EA5,채권,0,4,,,,,,,0,1,,,,,,
2026-09-28,국고채권,05GE94,채권,0,1,,,,,,,0,0,,,,,,
2026-09-28,한국전력,027287,채권,0,0,,,,,,,1,1,,,,,,
2026-09-28,(주)오씨오,131E73,채권,0,0,,,,,,,0,1,,,,,,
2026-09-28,HD건설기계,672F31,채권,0,3,,,,,,,0,0,,,,,,
2026-09-28,국고채원금,FP2732,채권,0,2,,,,,,,0,0,,,,,,
2026-09-28,세아베스틸,082F20,채권,0,5,,,,,,,0,1,,,,,,
2026-09-28,지에스엔텍,641EA0,채권,0,1,,,,,,,0,0,,,,,,
2026-09-28,한국캐피탈,761F90,채권,0,1,,,,,,,0,0,,,,,,
2026-09-28,한화에너지,722C26,채권,0,1,,,,,,,1,1,,,,,,
2026-09-28,현대커머셜,924975,채권,0,3,,,,,,,0,1,,,,,,
2026-09-28,브랜뉴양산 ,83L002,채권,0,0,,,,,,,99,21,,,,,,
2026-09-28,플랜업쌍령 ,44B002,채권,0,0,,,,,,,130,25,,,,,,
2026-09-28,플랜업청라 ,13J005,채권,0,0,,,,,,,27,12,,,,,,
2026-09-28,(주)트레이스,229004,채권,0,2,,,,,,,0,0,,,,,,
2026-09-28,강원지역개발,022E37,채권,0,0,,,,,,,0,1,,,,,,
2026-09-28,강원지역개발,022F51,채권,0,2,,,,,,,0,0,,,,,,
2026-09-28,경기지역개발,022D30,채권,0,5,,,,,,,1,2,,,,,,
2026-09-28,경기지역개발,022G60,채권,0,2,,,,,,,0,0,,,,,,
2026-09-28,경남지역개발,022E93,채권,0,1,,,,,,,0,0,,,,,,
2026-09-28,경북지역개발,012D81,채권,0,1,,,,,,,0,0,,,,,,
2026-09-28,광주지역개발,022C65,채권,0,1,,,,,,,0,0,,,,,,
2026-09-28,동산진흥(주),961V59,채권,0,1,,,,,,,0,1,,,,,,
2026-09-28,부산도시철도,024C20,채권,0,2,,,,,,,0,0,,,,,,
2026-09-28,부산도시철도,024CA9,채권,0,5,,,,,,,0,1,,,,,,
2026-09-28,부산도시철도,024E77,채권,0,1,,,,,,,0,0,,,,,,
2026-09-28,부산지역개발,022C14,채권,0,1,,,,,,,0,0,,,,,,
2026-09-28,부산지역개발,022E95,채권,0,0,,,,,,,0,1,,,,,,
2026-09-28,부산지역개발,022FB4,채권,0,1,,,,,,,0,1,,,,,,
2026-09-28,서울도시철도,294A34,채권,0,4,,,,,,,0,0,,,,,,
2026-09-28,세종지역개발,012C31,채권,0,1,,,,,,,0,0,,,,,,
2026-09-28,세종지역개발,012E21,채권,0,1,,,,,,,0,0,,,,,,
2026-09-28,세종지역개발,012FC7,채권,0,3,,,,,,,0,0,,,,,,
2026-09-28,세종지역개발,012G11,채권,0,1,,,,,,,0,0,,,,,,
2026-09-28,아이엠캐피탈,942FB8,채권,0,1,,,,,,,0,0,,,,,,
2026-09-28,울산지역개발,012C53,채권,0,2,,,,,,,0,0,,,,,,
2026-09-28,울산지역개발,012D94,채권,0,3,,,,,,,1,3,,,,,,
2026-09-28,울산지역개발,012DC6,채권,0,0,,,,,,,1,2,,,,,,
2026-09-28,울산지역개발,012E28,채권,0,4,,,,,,,0,1,,,,,,
2026-09-28,전남지역개발,022FB1,채권,0,2,,,,,,,0,0,,,,,,
2026-09-28,전남지역개발,022G22,채권,0,1,,,,,,,0,0,,,,,,
2026-09-28,제주지역개발,012C78,채권,0,2,,,,,,,0,0,,,,,,
2026-09-28,창원지역개발,012C90,채권,0,1,,,,,,,0,0,,,,,,
2026-09-28,충북지역개발,022C67,채권,0,3,,,,,,,3,3,,,,,,
2026-09-28,충북지역개발,022G97,채권,0,1,,,,,,,0,0,,,,,,
2026-09-28,토지주택채권,02DEB6,채권,0,0,,,,,,,4,5,,,,,,
2026-09-28,세웅,8E1F55,채권,0,0,,,,,,,0,1,,,,,,
2026-09-28,SK실트론,272E17,채권,0,2,,,,,,,0,0,,,,,,
2026-09-28,국고채권,02G792,채권,0,14,,,,,,,0,1,,,,,,
2026-09-28,국고채권,03GF38,채권,0,8,,,,,,,0,1,,,,,,
2026-09-28,롯데물산,012F33,채권,0,6,,,,,,,0,1,,,,,,
2026-09-28,아자스쿨,6N1F50,채권,0,3,,,,,,,0,0,,,,,,
2026-09-28,엠캐피탈,299F19,채권,0,8,,,,,,,0,0,,,,,,
2026-09-28,한국전력,12GBB0,채권,0,0,,,,,,,7,13,,,,,,
2026-09-28,삼성카드 ,9780EA,채권,0,0,,,,,,,136,32,,,,,,
2026-09-28,국고채이자,0C3569,채권,0,1,,,,,,,0,0,,,,,,
2026-09-28,무림페이퍼,201F22,채권,0,23,,,,,,,3,4,,,,,,
2026-09-28,에이디센터,6A1F66,채권,0,1,,,,,,,0,0,,,,,,
2026-09-28,팬오션(주),671248,채권,0,0,,,,,,,0,2,,,,,,
2026-09-28,부송제사차 ,088BG8,채권,0,0,,,,,,,5,1,,,,,,
2026-09-28,썸타임하이 ,379007,채권,0,0,,,,,,,9,1,,,,,,
2026-09-28,(주)대한항공,491F99,채권,0,0,,,,,,,1,1,,,,,,
2026-09-28,(주)부산은행,282E49,채권,0,4,,,,,,,0,0,,,,,,
2026-09-28,(주)씨앤투영,4L1F87,채권,0,13,,,,,,,0,3,,,,,,
2026-09-28,(주)인스코비,491E85,채권,0,0,,,,,,,1,1,,,,,,
2026-09-28,(주)트레이스,229003,채권,0,1,,,,,,,0,0,,,,,,
2026-09-28,강원지역개발,022D95,채권,0,1,,,,,,,0,1,,,,,,
2026-09-28,강원지역개발,022E60,채권,0,1,,,,,,,0,0,,,,,,
2026-09-28,경기지역개발,022BC5,채권,0,0,,,,,,,0,1,,,,,,
2026-09-28,경기지역개발,022E62,채권,0,2,,,,,,,0,0,,,,,,
2026-09-28,경북지역개발,012E31,채권,0,2,,,,,,,0,0,,,,,,
2026-09-28,경북지역개발,022F61,채권,0,1,,,,,,,0,0,,,,,,
2026-09-28,경북지역개발,022FB8,채권,0,3,,,,,,,0,1,,,,,,
2026-09-28,대구도시철도,024D92,채권,0,2,,,,,,,0,0,,,,,,
2026-09-28,대구도시철도,024FC7,채권,0,1,,,,,,,0,0,,,,,,
2026-09-28,대구도시철도,044C99,채권,0,3,,,,,,,2,3,,,,,,
2026-09-28,대구도시철도,274C17,채권,0,1,,,,,,,0,0,,,,,,
2026-09-28,대구지역개발,012CA3,채권,0,4,,,,,,,0,1,,,,,,
2026-09-28,대구지역개발,022E77,채권,0,1,,,,,,,0,0,,,,,,
2026-09-28,대구지역개발,022FB3,채권,0,4,,,,,,,0,0,,,,,,
2026-09-28,대구지역개발,032FC0,채권,0,4,,,,,,,0,1,,,,,,
2026-09-28,대전지역개발,022DC0,채권,0,1,,,,,,,0,0,,,,,,
2026-09-28,마스타테크론,401T36,채권,0,0,,,,,,,50,2,,,,,,
2026-09-28,부산도시철도,024D86,채권,0,1,,,,,,,2,4,,,,,,
2026-09-28,부산지역개발,022C89,채권,0,0,,,,,,,0,1,,,,,,
2026-09-28,삼성카드(주),785A37,채권,0,5,,,,,,,2,2,,,,,,
2026-09-28,서울도시철도,294A59,채권,0,3,,,,,,,13,6,,,,,,
2026-09-28,신한카드(주),717B25,채권,0,3,,,,,,,1,2,,,,,,
2026-09-28,인천지역개발,022DC9,채권,0,1,,,,,,,0,4,,,,,,
2026-09-28,인천지역개발,022G31,채권,0,1,,,,,,,0,0,,,,,,
2026-09-28,굴리,8R1FB6,채권,0,8,,,,,,,0,0,,,,,,
2026-09-28,산금,01GEC2,채권,0,0,,,,,,,350,85,,,,,,
2026-09-28,가배도,371FC0,채권,0,7,,,,,,,0,1,,,,,,
2026-09-28,에코지,6R1F59,채권,0,1,,,,,,,0,0,,,,,,
2026-09-28,코웨이,242G35,채권,0,2,,,,,,,1,1,,,,,,
2026-09-28,국고채권,03G865,채권,0,4,,,,,,,0,0,,,,,,
2026-09-28,더이스펙,301EA6,채권,0,3,,,,,,,0,0,,,,,,
2026-09-28,롯데지주,993E18,채권,0,7,,,,,,,0,3,,,,,,
2026-09-28,신한카드,71AA38,채권,0,0,,,,,,,1,1,,,,,,
2026-09-28,(주)소룩스,691DC5,채권,0,0,,,,,,,3,1,,,,,,
2026-09-28,네츄럴샤인,0W1FC9,채권,0,3,,,,,,,0,0,,,,,,
2026-09-28,대구광역시,024C28,채권,0,1,,,,,,,0,0,,,,,,
2026-09-28,영남종금제,966K60,채권,0,0,,,,,,,2,3,,,,,,
2026-09-28,젠트리(주),0L1EC4,채권,0,5,,,,,,,0,0,,,,,,
2026-09-28,부송제사차 ,088NG8,채권,0,0,,,,,,,5,1,,,,,,
2026-09-28,부송제사차 ,088PG8,채권,0,0,,,,,,,5,1,,,,,,
2026-09-28,비케이박달 ,342018,채권,0,0,,,,,,,4,1,,,,,,
2026-09-28,우노제일차 ,84B002,채권,0,0,,,,,,,99,22,,,,,,
2026-09-28,(주)맥스로텍,071748,채권,0,1,,,,,,,0,2,,,,,,
2026-09-28,(주)브레이드,591F12,채권,0,1,,,,,,,0,0,,,,,,
2026-09-28,SK에코플랜트,342G73,채권,0,1,,,,,,,1,1,,,,,,
2026-09-28,강원지역개발,022C62,채권,0,2,,,,,,,0,1,,,,,,
2026-09-28,강원지역개발,022E78,채권,0,2,,,,,,,0,1,,,,,,
2026-09-28,강원지역개발,022G76,채권,0,2,,,,,,,0,0,,,,,,
2026-09-28,경남지역개발,022BC2,채권,0,0,,,,,,,1,2,,,,,,
2026-09-28,경남지역개발,022C20,채권,0,1,,,,,,,0,0,,,,,,
2026-09-28,경북개발공사,01GG34,채권,0,1,,,,,,,0,1,,,,,,
2026-09-28,경북지역개발,012D65,채권,0,1,,,,,,,0,0,,,,,,
2026-09-28,경북지역개발,012D99,채권,0,2,,,,,,,0,3,,,,,,
2026-09-28,경북지역개발,022G11,채권,0,1,,,,,,,0,0,,,,,,
2026-09-28,경북지역개발,022G29,채권,0,1,,,,,,,0,0,,,,,,
2026-09-28,광주지역개발,022FB5,채권,0,1,,,,,,,0,1,,,,,,
2026-09-28,광주지역개발,022G61,채권,0,1,,,,,,,0,0,,,,,,
2026-09-28,대구도시철도,024G57,채권,0,1,,,,,,,0,0,,,,,,
2026-09-28,대구지역개발,012D62,채권,0,1,,,,,,,0,0,,,,,,
2026-09-28,대구지역개발,022D94,채권,0,1,,,,,,,0,0,,,,,,
2026-09-28,대구지역개발,022G26,채권,0,1,,,,,,,0,0,,,,,,
2026-09-28,부산도시철도,014F94,채권,0,2,,,,,,,0,0,,,,,,
2026-09-28,부산지역개발,022C55,채권,0,1,,,,,,,0,0,,,,,,
2026-09-28,세종지역개발,012B99,채권,0,1,,,,,,,1,2,,,,,,
2026-09-28,미로,4L1FA0,채권,0,1,,,,,,,0,0,,,,,,
2026-09-28,LG전자,572852,채권,0,11,,,,,,,1,3,,,,,,
2026-09-28,나루코,561EA7,채권,0,1,,,,,,,0,0,,,,,,
2026-09-28,국고채권,0C3296,채권,0,3,,,,,,,0,0,,,,,,
2026-09-28,도로공사,06GA43,채권,0,2,,,,,,,0,2,,,,,,
2026-09-28,신한카드,7129C3,채권,0,1,,,,,,,0,0,,,,,,
2026-09-28,싸이젠텍,3R1G96,채권,0,3,,,,,,,0,1,,,,,,
2026-09-28,한화오션,661G25,채권,0,0,,,,,,,0,1,,,,,,
2026-09-28,(주)엔투텍,951F71,채권,0,0,,,,,,,45,1,,,,,,
2026-09-28,HD건설기계,671F32,채권,0,9,,,,,,,5,14,,,,,,
2026-09-28,소셜밸류업,6W2G52,채권,0,1,,,,,,,0,0,,,,,,
2026-09-28,엠지캐피탈,297FB5,채권,0,3,,,,,,,0,0,,,,,,
2026-09-28,한국캐피탈,767G69,채권,0,0,,,,,,,0,2,,,,,,
2026-09-28,(주)앤디포스,091G37,채권,0,0,,,,,,,8,2,,,,,,
2026-09-28,강원지역개발,012C72,채권,0,0,,,,,,,0,1,,,,,,
2026-09-28,강원지역개발,022G50,채권,0,1,,,,,,,0,0,,,,,,
2026-09-28,경기지역개발,022D63,채권,0,6,,,,,,,0,2,,,,,,
2026-09-28,경남지역개발,022C87,채권,0,1,,,,,,,0,1,,,,,,
2026-09-28,경남지역개발,022DA2,채권,0,1,,,,,,,0,0,,,,,,
2026-09-28,경북지역개발,012CC4,채권,0,1,,,,,,,4,8,,,,,,
2026-09-28,광주지역개발,022C40,채권,0,0,,,,,,,0,1,,,,,,
2026-09-28,광주지역개발,022FC3,채권,0,2,,,,,,,0,0,,,,,,
2026-09-28,대구도시철도,024EA4,채권,0,0,,,,,,,0,1,,,,,,
2026-09-28,대우자동차제,951H91,채권,0,0,,,,,,,0,1,,,,,,
2026-09-28,대전지역개발,022C29,채권,0,1,,,,,,,0,0,,,,,,
2026-09-28,대전지역개발,022C60,채권,0,1,,,,,,,0,0,,,,,,
2026-09-28,부산지역개발,022D88,채권,0,1,,,,,,,0,0,,,,,,
2026-09-28,부산지역개발,022E46,채권,0,1,,,,,,,0,1,,,,,,
2026-09-28,울산지역개발,012D11,채권,0,1,,,,,,,0,0,,,,,,
2026-09-28,울산지역개발,012G83,채권,0,2,,,,,,,0,0,,,,,,
2026-09-28,인천지역개발,022BA7,채권,0,1,,,,,,,0,0,,,,,,
2026-09-28,인천지역개발,022E25,채권,0,1,,,,,,,0,0,,,,,,
2026-09-28,전북지역개발,012B97,채권,0,0,,,,,,,0,2,,,,,,
2026-09-28,전북지역개발,012C62,채권,0,1,,,,,,,0,0,,,,,,
2026-09-28,전북지역개발,012EC6,채권,0,1,,,,,,,0,0,,,,,,
2026-09-28,전북지역개발,022C11,채권,0,2,,,,,,,0,0,,,,,,
2026-09-28,전북지역개발,022D69,채권,0,2,,,,,,,0,0,,,,,,
2026-09-28,전북지역개발,022FB4,채권,0,3,,,,,,,0,0,,,,,,
2026-09-28,제주지역개발,022D42,채권,0,1,,,,,,,0,0,,,,,,
2026-09-28,충남지역개발,022FB4,채권,0,2,,,,,,,0,1,,,,,,
2026-09-28,충남지역개발,022G82,채권,0,2,,,,,,,0,0,,,,,,
2026-09-28,충북지역개발,022BC8,채권,0,1,,,,,,,0,0,,,,,,
2026-09-28,충북지역개발,022C91,채권,0,2,,,,,,,13,12,,,,,,
2026-09-28,충북지역개발,022E24,채권,0,1,,,,,,,0,0,,,,,,
2026-09-28,토지주택채권,01DDA2,채권,0,6,,,,,,,0,1,,,,,,
2026-09-28,토지주택채권,01DEB8,채권,0,1,,,,,,,0,0,,,,,,
2026-09-28,토지주택채권,01DG30,채권,0,0,,,,,,,0,1,,,,,,
2026-09-28,토지주택채권,01DG48,채권,0,1,,,,,,,0,0,,,,,,
2026-09-28,풍림산업(주),311V75,채권,0,6,,,,,,,9,665,,,,,,
2026-09-28,글로에스대야 ,57B006,채권,0,0,,,,,,,230,60,,,,,,
2026-09-28,비케이제이투 ,607013,채권,0,0,,,,,,,104,28,,,,,,
2026-09-28,아이에스동서 ,078DG7,채권,0,0,,,,,,,5,1,,,,,,
2026-09-28,티에스옐로우 ,2935GG,채권,0,0,,,,,,,10,1,,,,,,
2026-09-28,(주)우성아이비,6116A3,채권,0,0,,,,,,,22,12,,,,,,
2026-09-28,(주)동양,521329,채권,0,1,,,,,,,2,4,,,,,,
2026-09-28,(주)퍼펫,301E60,채권,0,1,,,,,,,0,1,,,,,,
2026-09-28,(주)풍산,142E42,채권,0,1,,,,,,,0,1,,,,,,
2026-09-28,신한카드,711F84,채권,0,0,,,,,,,1,1,,,,,,
2026-09-28,씨앤우방,201T85,채권,0,0,,,,,,,0,1,,,,,,
2026-09-28,우경(주),921125,채권,0,1,,,,,,,0,0,,,,,,
2026-09-28,호비지수,131T86,채권,0,0,,,,,,,0,1,,,,,,
2026-09-28,(주)가배도,371F64,채권,0,2,,,,,,,0,0,,,,,,
2026-09-28,(주)애니락,541EC8,채권,0,1,,,,,,,0,0,,,,,,
2026-09-28,(주)이엠비,991E10,채권,0,0,,,,,,,0,1,,,,,,
2026-09-28,클라우드랩,821G48,채권,0,18,,,,,,,0,1,,,,,,
2026-09-28,갤럭시이오 ,91D007,채권,0,0,,,,,,,349,55,,,,,,
2026-09-28,(주)대한항공,491EA0,채권,0,6,,,,,,,1,4,,,,,,
2026-09-28,(주)디비메탈,911248,채권,0,1,,,,,,,0,0,,,,,,
2026-09-28,KB금융조건부,561A27,채권,0,4,,,,,,,0,0,,,,,,
2026-09-28,강원지역개발,012C56,채권,0,1,,,,,,,0,0,,,,,,
2026-09-28,강원지역개발,012F12,채권,0,1,,,,,,,0,0,,,,,,
2026-09-28,강원지역개발,022C47,채권,0,2,,,,,,,0,0,,,,,,
2026-09-28,강원지역개발,022FB8,채권,0,3,,,,,,,0,0,,,,,,
2026-09-28,강원지역개발,022G92,채권,0,0,,,,,,,0,1,,,,,,
2026-09-28,경기지역개발,022G78,채권,0,1,,,,,,,0,0,,,,,,
2026-09-28,경남지역개발,022C95,채권,0,4,,,,,,,1,3,,,,,,
2026-09-28,경남지역개발,022G75,채권,0,1,,,,,,,0,0,,,,,,
2026-09-28,경북지역개발,022DB3,채권,0,4,,,,,,,3,4,,,,,,
2026-09-28,경북지역개발,022G52,채권,0,1,,,,,,,0,1,,,,,,
2026-09-28,광주지역개발,022C57,채권,0,5,,,,,,,0,0,,,,,,
2026-09-28,광주지역개발,022CB2,채권,0,2,,,,,,,3,5,,,,,,
2026-09-28,광주지역개발,022D98,채권,0,1,,,,,,,0,0,,,,,,
2026-09-28,광주지역개발,022G20,채권,0,2,,,,,,,0,0,,,,,,
2026-09-28,광주지역개발,022G38,채권,0,3,,,,,,,0,0,,,,,,
2026-09-28,남광토건(주),261WA1,채권,0,3,,,,,,,0,1,,,,,,
2026-09-28,대구도시철도,024BA0,채권,0,4,,,,,,,0,0,,,,,,
2026-09-28,대전지역개발,012D20,채권,0,1,,,,,,,0,0,,,,,,
2026-09-28,대전지역개발,022FA9,채권,0,1,,,,,,,0,0,,,,,,
2026-09-28,대전지역개발,022G66,채권,0,1,,,,,,,0,0,,,,,,
2026-09-28,동부건설(주),962263,채권,0,1,,,,,,,0,0,,,,,,
2026-09-28,롯데하이마트,841EA3,채권,0,2,,,,,,,0,0,,,,,,
2026-09-28,범양건영(주),4110B1,채권,0,2,,,,,,,8,8,,,,,,
2026-09-28,부산도시철도,014G36,채권,0,1,,,,,,,0,0,,,,,,
2026-09-28,부산도시철도,024D60,채권,0,1,,,,,,,0,0,,,,,,
2026-09-28,부산지역개발,022C22,채권,0,3,,,,,,,0,0,,,,,,
2026-09-28,부산지역개발,022D96,채권,0,0,,,,,,,0,1,,,,,,
2026-09-28,부산지역개발,022G77,채권,0,1,,,,,,,0,0,,,,,,
2026-09-28,세종지역개발,012G37,채권,0,1,,,,,,,0,0,,,,,,
2026-09-28,영진약품(주),522FB7,채권,0,0,,,,,,,1,1,,,,,,
2026-09-28,울산지역개발,012DB8,채권,0,0,,,,,,,2,1,,,,,,
2026-09-28,울산지역개발,012FA5,채권,0,1,,,,,,,0,0,,,,,,
2026-09-28,인천지역개발,022DA3,채권,0,1,,,,,,,0,0,,,,,,
2026-09-28,인천지역개발,022F40,채권,0,2,,,,,,,0,0,,,,,,
2026-09-28,인천지역개발,022G15,채권,0,2,,,,,,,0,0,,,,,,
2026-09-28,인천지역개발,022G49,채권,0,3,,,,,,,0,0,,,,,,
2026-09-28,전남지역개발,022C18,채권,0,0,,,,,,,1,1,,,,,,
2026-09-28,전남지역개발,022E24,채권,0,8,,,,,,,2,7,,,,,,
2026-09-28,전남지역개발,022E65,채권,0,3,,,,,,,0,1,,,,,,
2026-09-28,전북지역개발,012C88,채권,0,3,,,,,,,0,0,,,,,,
2026-09-28,전북지역개발,022D85,채권,0,0,,,,,,,0,1,,,,,,
2026-09-28,전북지역개발,022G41,채권,0,1,,,,,,,0,0,,,,,,
2026-09-28,제주지역개발,012F18,채권,0,1,,,,,,,0,0,,,,,,
2026-09-28,제주지역개발,032G62,채권,0,1,,,,,,,0,0,,,,,,
2026-09-28,(주)동양,521261,채권,0,6,,,,,,,1,6,,,,,,
2026-09-28,(주)동양,5212C4,채권,0,2,,,,,,,0,1,,,,,,
2026-09-28,국고채권,02G735,채권,0,7,,,,,,,0,6,,,,,,
2026-09-28,국고채권,03GF95,채권,0,7,,,,,,,0,0,,,,,,
2026-09-28,대한항공,491F57,채권,0,6,,,,,,,1,2,,,,,,
2026-09-28,한국전력,06G9C5,채권,0,3,,,,,,,16,20,,,,,,
2026-09-28,(주)더피쉬,281819,채권,0,5,,,,,,,0,0,,,,,,
2026-09-28,엑스페릭스,771G51,채권,0,0,,,,,,,5,2,,,,,,
2026-09-28,엠지캐피탈,293G30,채권,0,0,,,,,,,1,1,,,,,,
2026-09-28,플랜업마곡 ,652RFA,채권,0,0,,,,,,,2,1,,,,,,
2026-09-28,(주)국민은행,004E58,채권,0,7,,,,,,,0,0,,,,,,
2026-09-28,(주)한진해운,793002,채권,0,0,,,,,,,0,2,,,,,,
2026-09-28,강원지역개발,012D30,채권,0,1,,,,,,,0,1,,,,,,
2026-09-28,강원지역개발,022BC5,채권,0,3,,,,,,,1,1,,,,,,
2026-09-28,강원지역개발,022E11,채권,0,1,,,,,,,0,0,,,,,,
2026-09-28,경기지역개발,022D48,채권,0,3,,,,,,,1,3,,,,,,
2026-09-28,경기지역개발,022D89,채권,0,5,,,,,,,0,2,,,,,,
2026-09-28,경남지역개발,022D37,채권,0,1,,,,,,,0,0,,,,,,
2026-09-28,경북지역개발,012CA8,채권,0,6,,,,,,,14,20,,,,,,
2026-09-28,광주지역개발,012D33,채권,0,1,,,,,,,0,0,,,,,,
2026-09-28,광주지역개발,012EC7,채권,0,1,,,,,,,0,0,,,,,,
2026-09-28,광주지역개발,032E79,채권,0,1,,,,,,,0,0,,,,,,
2026-09-28,광주지역개발,042E69,채권,0,1,,,,,,,0,0,,,,,,
2026-09-28,농협은행(주),01GF78,채권,0,0,,,,,,,0,1,,,,,,
2026-09-28,대구도시철도,024C44,채권,0,6,,,,,,,0,0,,,,,,
2026-09-28,대구도시철도,024C85,채권,0,2,,,,,,,0,1,,,,,,
2026-09-28,대구도시철도,024D43,채권,0,1,,,,,,,0,0,,,,,,
2026-09-28,대구도시철도,024E42,채권,0,1,,,,,,,0,0,,,,,,
2026-09-28,대구도시철도,024E75,채권,0,3,,,,,,,1,3,,,,,,
2026-09-28,대전지역개발,022C37,채권,0,1,,,,,,,0,0,,,,,,
2026-09-28,대전지역개발,022EA2,채권,0,1,,,,,,,0,0,,,,,,
2026-09-28,대한해운(주),8810B5,채권,0,3,,,,,,,1,7,,,,,,
2026-09-28,롯데카드(주),623E37,채권,0,0,,,,,,,36,6,,,,,,
2026-09-28,부산도시철도,014F86,채권,0,1,,,,,,,0,0,,,,,,
2026-09-28,부산도시철도,024E44,채권,0,2,,,,,,,1,2,,,,,,
2026-09-28,부산지역개발,022C63,채권,0,3,,,,,,,0,0,,,,,,
2026-09-28,부산지역개발,022C97,채권,0,4,,,,,,,0,0,,,,,,
2026-09-28,부산지역개발,022G10,채권,0,2,,,,,,,0,0,,,,,,
2026-09-28,세종지역개발,012G60,채권,0,1,,,,,,,0,0,,,,,,
2026-09-28,신한금융지주,553A24,채권,0,1,,,,,,,0,0,,,,,,
2026-09-28,인천지역개발,012BB6,채권,0,3,,,,,,,0,1,,,,,,
2026-09-28,인천지역개발,022BC3,채권,0,0,,,,,,,0,1,,,,,,
2026-09-28,전남지역개발,012B94,채권,0,1,,,,,,,0,2,,,,,,
2026-09-28,전남지역개발,022G30,채권,0,1,,,,,,,0,0,,,,,,
2026-09-28,충남지역개발,022D28,채권,0,2,,,,,,,0,1,,,,,,
2026-09-28,SK,732A98,채권,0,1,,,,,,,0,0,,,,,,
2026-09-28,물가,03GC64,채권,0,2,,,,,,,0,0,,,,,,
2026-09-28,한진,321F55,채권,0,4,,,,,,,3,5,,,,,,
2026-09-28,효성 ,4805G4,채권,0,0,,,,,,,5,1,,,,,,
2026-09-28,LG전자,572B50,채권,0,0,,,,,,,2,3,,,,,,
2026-09-28,모코코,901T83,채권,0,0,,,,,,,0,1,,,,,,
2026-09-28,(주)동양,5212A8,채권,0,0,,,,,,,0,3,,,,,,
2026-09-28,(주)한프,611003,채권,0,0,,,,,,,3,1,,,,,,
2026-09-28,대신증권,543F89,채권,0,7,,,,,,,1,2,,,,,,
2026-09-28,신한카드,713A38,채권,0,2,,,,,,,0,0,,,,,,
2026-09-28,국고채이자,0C2736,채권,0,4,,,,,,,0,0,,,,,,
2026-09-28,한국캐피탈,763F98,채권,0,9,,,,,,,0,2,,,,,,
2026-09-28,냉수제일차 ,98K001,채권,0,0,,,,,,,12,7,,,,,,
2026-09-28,브랜뉴녹촌 ,17C005,채권,0,0,,,,,,,40,1,,,,,,
2026-09-28,(주)그린웨어,241EB9,채권,0,3,,,,,,,0,1,,,,,,
2026-09-28,(주)대한항공,491G31,채권,0,0,,,,,,,3,3,,,,,,
2026-09-28,(주)디비메탈,911362,채권,0,4,,,,,,,0,3,,,,,,
2026-09-28,(주)디비메탈,912246,채권,0,5,,,,,,,0,0,,,,,,
2026-09-28,(주)퍼니랜드,511E54,채권,0,3,,,,,,,0,0,,,,,,
2026-09-28,강원지역개발,022D61,채권,0,1,,,,,,,0,0,,,,,,
2026-09-28,경남지역개발,022C61,채권,0,2,,,,,,,0,0,,,,,,
2026-09-28,경남지역개발,022CC0,채권,0,3,,,,,,,2,1,,,,,,
2026-09-28,경남지역개발,022D86,채권,0,2,,,,,,,0,0,,,,,,
2026-09-28,경북지역개발,032E45,채권,0,2,,,,,,,0,1,,,,,,
2026-09-28,대구도시철도,024BB8,채권,0,1,,,,,,,0,0,,,,,,
2026-09-28,대구지역개발,032G57,채권,0,1,,,,,,,0,0,,,,,,
2026-09-28,대전지역개발,022G58,채권,0,1,,,,,,,0,0,,,,,,
2026-09-28,부산도시철도,014FC9,채권,0,2,,,,,,,0,0,,,,,,
2026-09-28,부산지역개발,012EC6,채권,0,1,,,,,,,0,0,,,,,,
2026-09-28,부산지역개발,022FA6,채권,0,0,,,,,,,0,2,,,,,,
2026-09-28,세종지역개발,012CC4,채권,0,2,,,,,,,0,0,,,,,,
2026-09-28,세종지역개발,012D89,채권,0,1,,,,,,,0,0,,,,,,
2026-09-28,전남지역개발,022BC8,채권,0,2,,,,,,,0,0,,,,,,
2026-09-28,전남지역개발,022C34,채권,0,2,,,,,,,0,0,,,,,,
2026-09-28,전남지역개발,022C67,채권,0,5,,,,,,,3,1,,,,,,
2026-09-28,전남지역개발,022D82,채권,0,1,,,,,,,0,0,,,,,,
2026-09-28,전남지역개발,022E40,채권,0,1,,,,,,,0,0,,,,,,
2026-09-28,전남지역개발,022E73,채권,0,1,,,,,,,0,0,,,,,,
2026-09-28,전남지역개발,022FC9,채권,0,2,,,,,,,0,0,,,,,,
2026-09-28,전북지역개발,022BC1,채권,0,0,,,,,,,1,1,,,,,,
2026-09-28,전북지역개발,022F91,채권,0,1,,,,,,,0,0,,,,,,
2026-09-28,제주지역개발,012F75,채권,0,1,,,,,,,0,0,,,,,,
2026-09-28,충남지역개발,022G25,채권,0,1,,,,,,,0,0,,,,,,
2026-09-28,충남지역개발,022G74,채권,0,5,,,,,,,0,3,,,,,,
2026-09-28,충북지역개발,022D74,채권,0,0,,,,,,,0,1,,,,,,
2026-09-28,충북지역개발,022D82,채권,0,2,,,,,,,0,1,,,,,,
2026-09-28,충북지역개발,022G22,채권,0,2,,,,,,,0,0,,,,,,
2026-09-28,토지주택채권,03DCB8,채권,0,0,,,,,,,2,1,,,,,,
2026-09-28,한국도로공사,03G9C2,채권,0,2,,,,,,,0,1,,,,,,
2026-09-28,한국산업은행,20GDB6,채권,0,5,,,,,,,0,0,,,,,,
2026-09-28,가온해제팔차 ,05S022,채권,0,0,,,,,,,134,18,,,,,,
2026-09-28,HD현대,252F24,채권,0,0,,,,,,,0,1,,,,,,
2026-09-28,HD현대,253D66,채권,0,1,,,,,,,0,0,,,,,,
2026-09-28,녹십자,282E21,채권,0,1,,,,,,,0,0,,,,,,
2026-09-28,엔앤씨,5C1FA0,채권,0,2,,,,,,,0,0,,,,,,
2026-09-28,(주)동양,521352,채권,0,1,,,,,,,0,2,,,,,,
2026-09-28,국고채권,03G899,채권,0,12,,,,,,,0,1,,,,,,
2026-09-28,국고채권,03GG94,채권,0,2,,,,,,,0,0,,,,,,
2026-09-28,중앙제지,605L32,채권,0,0,,,,,,,0,2,,,,,,
2026-09-28,한국전력,06GEA8,채권,0,1,,,,,,,0,1,,,,,,
2026-09-28,국고채이자,0C26C0,채권,0,1,,,,,,,0,0,,,,,,
2026-09-28,키움캐피탈,102G23,채권,0,1,,,,,,,0,0,,,,,,
2026-09-28,한국캐피탈,766F53,채권,0,0,,,,,,,1,1,,,,,,
2026-09-28,한화솔루션,834E10,채권,0,3,,,,,,,0,0,,,,,,
2026-09-28,(주)신한은행,01A762,채권,0,10,,,,,,,2,3,,,,,,
2026-09-28,(주)트레이스,229002,채권,0,1,,,,,,,0,0,,,,,,
2026-09-28,강원지역개발,012D89,채권,0,2,,,,,,,0,0,,,,,,
2026-09-28,강원지역개발,022E29,채권,0,1,,,,,,,1,2,,,,,,
2026-09-28,경기지역개발,022G94,채권,0,1,,,,,,,0,0,,,,,,
2026-09-28,금강화섬(주),735K51,채권,0,0,,,,,,,0,1,,,,,,
2026-09-28,대구지역개발,012C30,채권,0,1,,,,,,,0,0,,,,,,
2026-09-28,대구지역개발,012C48,채권,0,1,,,,,,,0,0,,,,,,
2026-09-28,대구지역개발,022G67,채권,0,1,,,,,,,0,0,,,,,,
2026-09-28,대구지역개발,022G75,채권,0,1,,,,,,,0,0,,,,,,
2026-09-28,대구지역개발,032F66,채권,0,1,,,,,,,0,0,,,,,,
2026-09-28,대전지역개발,022D85,채권,0,2,,,,,,,0,0,,,,,,
2026-09-28,대전지역개발,022G82,채권,0,1,,,,,,,0,0,,,,,,
2026-09-28,메리츠캐피탈,372G18,채권,0,4,,,,,,,0,0,,,,,,
2026-09-28,메리츠캐피탈,375G49,채권,0,1,,,,,,,0,0,,,,,,
2026-09-28,부산도시철도,024C87,채권,0,1,,,,,,,0,1,,,,,,
2026-09-28,부산도시철도,024E85,채권,0,1,,,,,,,0,0,,,,,,
2026-09-28,세종지역개발,012CA8,채권,0,2,,,,,,,1,1,,,,,,
2026-09-28,울산지역개발,012D86,채권,0,0,,,,,,,0,1,,,,,,
2026-09-28,울산지역개발,012E93,채권,0,1,,,,,,,0,0,,,,,,
2026-09-28,인천지역개발,022D75,채권,0,2,,,,,,,0,0,,,,,,
2026-09-28,전남지역개발,022C42,채권,0,1,,,,,,,0,0,,,,,,
2026-09-28,제주지역개발,012BA4,채권,0,0,,,,,,,0,1,,,,,,
2026-09-28,제주지역개발,012C29,채권,0,1,,,,,,,0,0,,,,,,
2026-09-28,제주지역개발,032G70,채권,0,1,,,,,,,0,0,,,,,,
2026-09-28,창원지역개발,012C17,채권,0,1,,,,,,,0,0,,,,,,
2026-09-28,충남지역개발,022E19,채권,0,1,,,,,,,0,0,,,,,,
2026-09-28,충남지역개발,022FA6,채권,0,1,,,,,,,0,0,,,,,,
2026-09-28,충북지역개발,012EB5,채권,0,1,,,,,,,0,0,,,,,,
2026-09-28,충북지역개발,022C75,채권,0,0,,,,,,,0,1,,,,,,
2026-09-28,충북지역개발,022C83,채권,0,1,,,,,,,1,2,,,,,,
2026-09-28,충북지역개발,022E32,채권,0,2,,,,,,,0,0,,,,,,
2026-09-28,토지주택채권,01DDC8,채권,0,1,,,,,,,3,4,,,,,,
2026-09-28,토지주택채권,02GB15,채권,0,0,,,,,,,0,1,,,,,,
2026-09-28,한국남부발전,312G22,채권,0,1,,,,,,,0,0,,,,,,
2026-09-28,네오아이디티 ,052026,채권,0,0,,,,,,,6,3,,,,,,
2026-09-28,성수디에스원 ,862022,채권,0,0,,,,,,,98,13,,,,,,
2026-09-28,아이에스동서 ,078FG7,채권,0,0,,,,,,,5,1,,,,,,
2026-09-28,아이에스동서 ,078XG7,채권,0,0,,,,,,,5,1,,,,,,
2026-09-28,에스씨제이차 ,27Y002,채권,0,0,,,,,,,1,1,,,,,,
2026-09-28,주식회사 글림,421D70,채권,0,8,,,,,,,0,2,,,,,,
2026-09-28,주식회사 꿀잼,821750,채권,0,2,,,,,,,0,1,,,,,,
2026-09-28,나들이,2B1G25,채권,0,2,,,,,,,0,0,,,,,,
2026-09-28,(주)동양,521279,채권,0,4,,,,,,,0,4,,,,,,
2026-09-28,(주)동양,521360,채권,0,1,,,,,,,0,2,,,,,,
2026-09-28,공유어장,8X1G60,채권,0,2,,,,,,,0,1,,,,,,
2026-09-28,국고채권,01GDC8,채권,0,8,,,,,,,6,2,,,,,,
2026-09-28,국고채권,0C3494,채권,0,2,,,,,,,0,0,,,,,,
2026-09-28,국민은행,006EB4,채권,0,0,,,,,,,99,50,,,,,,
2026-09-28,대한전선,443F92,채권,0,1,,,,,,,0,0,,,,,,
2026-09-28,한국전력,037286,채권,0,0,,,,,,,1,1,,,,,,
2026-09-28,네츄럴샤인,0W1F99,채권,0,5,,,,,,,0,1,,,,,,
2026-09-28,네츄럴샤인,0W1G64,채권,0,4,,,,,,,0,0,,,,,,
2026-09-28,서울특별시,011B68,채권,0,3,,,,,,,1,2,,,,,,
2026-09-28,애니젠(주),301F42,채권,0,0,,,,,,,6,3,,,,,,
2026-09-28,현대커머셜,9219B9,채권,0,1,,,,,,,2,1,,,,,,
2026-09-28,(주)호텔신라,773G47,채권,0,1,,,,,,,0,0,,,,,,
2026-09-28,강원지역개발,022FA0,채권,0,1,,,,,,,0,1,,,,,,
2026-09-28,강원지역개발,022G19,채권,0,2,,,,,,,0,0,,,,,,
2026-09-28,경기지역개발,022FA0,채권,0,4,,,,,,,0,0,,,,,,
2026-09-28,경북지역개발,022G45,채권,0,1,,,,,,,0,1,,,,,,
2026-09-28,대구도시철도,024C69,채권,0,1,,,,,,,0,0,,,,,,
2026-09-28,대구도시철도,024CB6,채권,0,11,,,,,,,7,11,,,,,,
2026-09-28,대구도시철도,024E26,채권,0,1,,,,,,,0,0,,,,,,
2026-09-28,대구도시철도,024F66,채권,0,1,,,,,,,0,0,,,,,,
2026-09-28,대우자동차제,95BHC6,채권,0,0,,,,,,,0,1,,,,,,
2026-09-28,대전지역개발,022C78,채권,0,1,,,,,,,0,0,,,,,,
2026-09-28,부산도시철도,024D52,채권,0,1,,,,,,,0,1,,,,,,
2026-09-28,서울도시철도,024D46,채권,0,9,,,,,,,0,2,,,,,,
2026-09-28,세종지역개발,012C72,채권,0,3,,,,,,,0,0,,,,,,
2026-09-28,아이부키(주),841FC7,채권,0,4,,,,,,,0,0,,,,,,
2026-09-28,아이엠캐피탈,943E72,채권,0,9,,,,,,,0,4,,,,,,
2026-09-28,아이엠캐피탈,943F30,채권,0,1,,,,,,,0,0,,,,,,
2026-09-28,인천지역개발,012C37,채권,0,3,,,,,,,0,0,,,,,,
2026-09-28,전남지역개발,012D27,채권,0,1,,,,,,,0,0,,,,,,
2026-09-28,전남지역개발,022C26,채권,0,1,,,,,,,0,0,,,,,,
2026-09-28,제주지역개발,022C50,채권,0,2,,,,,,,0,0,,,,,,
2026-09-28,제주지역개발,022C68,채권,0,2,,,,,,,0,0,,,,,,
2026-09-28,중소기업은행,01GF31,채권,0,1,,,,,,,1,4,,,,,,
2026-09-28,창원지역개발,012E49,채권,0,1,,,,,,,0,0,,,,,,
2026-09-28,충남지역개발,022BB3,채권,0,1,,,,,,,0,0,,,,,,
2026-09-28,충남지역개발,022D36,채권,0,1,,,,,,,0,0,,,,,,
2026-09-28,충남지역개발,022D77,채권,0,7,,,,,,,1,3,,,,,,
2026-09-28,충남지역개발,022F18,채권,0,1,,,,,,,0,0,,,,,,
2026-09-28,충북지역개발,012B94,채권,0,0,,,,,,,0,1,,,,,,
2026-09-28,토지주택채권,01DFA7,채권,0,1,,,,,,,0,0,,,,,,
2026-09-28,토지주택채권,03DC24,채권,0,1,,,,,,,0,0,,,,,,
2026-09-28,토지주택채권,047324,채권,0,12,,,,,,,3,5,,,,,,
2026-09-28,아이에스동서 ,078CG7,채권,0,0,,,,,,,5,1,,,,,,
2026-09-28,프라임에이치 ,67C008,채권,0,0,,,,,,,188,26,,,,,,
2026-09-28,(주)친환경식품,901A23,채권,0,3,,,,,,,0,0,,,,,,
2026-09-28,C&진도,401T83,채권,0,1,,,,,,,0,1,,,,,,
2026-09-28,국고채권,01GC90,채권,0,9,,,,,,,4,3,,,,,,
2026-09-28,국고채권,01GD99,채권,0,10,,,,,,,0,2,,,,,,
2026-09-28,국고채권,01GE98,채권,0,6,,,,,,,0,0,,,,,,
2026-09-28,국고채권,02GG38,채권,0,1,,,,,,,0,0,,,,,,
2026-09-28,국고채권,04GE95,채권,0,17,,,,,,,6,9,,,,,,
2026-09-28,국고채권,0C3536,채권,0,1,,,,,,,0,0,,,,,,
2026-09-28,쓰리소프트,361TB2,채권,0,0,,,,,,,1,1,,,,,,
2026-09-28,에이치엘비,301G87,채권,0,0,,,,,,,15,1,,,,,,
2026-09-28,키움캐피탈,107F11,채권,0,13,,,,,,,0,0,,,,,,
2026-09-28,팬오션(주),671123,채권,0,2,,,,,,,2,9,,,,,,
2026-09-28,현대커머셜,928984,채권,0,1,,,,,,,0,0,,,,,,
2026-09-28,(주)국민은행,003D27,채권,0,7,,,,,,,1,3,,,,,,
2026-09-28,(주)씨앤상선,791T70,채권,0,1,,,,,,,0,1,,,,,,
2026-09-28,(주)엔스퍼트,840002,채권,0,0,,,,,,,1,1,,,,,,
2026-09-28,(주)오르비텍,121G46,채권,0,0,,,,,,,3,1,,,,,,
2026-09-28,(주)인스코비,649009,채권,0,0,,,,,,,1,1,,,,,,
2026-09-28,(주)퍼니랜드,511E39,채권,0,14,,,,,,,0,1,,,,,,
2026-09-28,(주)하이소닉,608002,채권,0,2,,,,,,,0,0,,,,,,
2026-09-28,(주)호텔롯데,181G12,채권,0,6,,,,,,,0,0,,,,,,
2026-09-28,강원지역개발,012C80,채권,0,0,,,,,,,0,2,,,,,,
2026-09-28,경기지역개발,022F87,채권,0,4,,,,,,,1,5,,,,,,
2026-09-28,경남지역개발,022E36,채권,0,0,,,,,,,0,1,,,,,,
2026-09-28,경북지역개발,012D16,채권,0,1,,,,,,,0,0,,,,,,
2026-09-28,경북지역개발,012E23,채권,0,1,,,,,,,0,0,,,,,,
2026-09-28,경북지역개발,022G60,채권,0,2,,,,,,,0,0,,,,,,
2026-09-28,광주지역개발,022F88,채권,0,2,,,,,,,0,0,,,,,,
2026-09-28,광주지역개발,022G46,채권,0,2,,,,,,,0,0,,,,,,
2026-09-28,대구도시철도,024E18,채권,0,2,,,,,,,0,0,,,,,,
2026-09-28,대구도시철도,024G16,채권,0,0,,,,,,,0,1,,,,,,
2026-09-28,대구지역개발,012C89,채권,0,2,,,,,,,0,0,,,,,,
2026-09-28,대전지역개발,022BB6,채권,0,0,,,,,,,0,2,,,,,,
2026-09-28,롯데카드(주),626F74,채권,0,3,,,,,,,4,2,,,,,,
2026-09-28,부산도시철도,024C61,채권,0,1,,,,,,,0,1,,,,,,
2026-09-28,부산도시철도,034E59,채권,0,0,,,,,,,0,1,,,,,,
2026-09-28,부산지역개발,022C71,채권,0,1,,,,,,,0,0,,,,,,
2026-09-28,부산지역개발,022G51,채권,0,0,,,,,,,0,1,,,,,,
2026-09-28,인천지역개발,022CC1,채권,0,9,,,,,,,5,12,,,,,,
2026-09-28,전남지역개발,022DB6,채권,0,6,,,,,,,0,3,,,,,,
2026-09-28,전남지역개발,022FA3,채권,0,1,,,,,,,0,0,,,,,,
2026-09-28,전북지역개발,012F28,채권,0,0,,,,,,,0,1,,,,,,
2026-09-28,전북지역개발,022C78,채권,0,3,,,,,,,0,4,,,,,,
2026-09-28,전북지역개발,022G66,채권,0,1,,,,,,,0,0,,,,,,
2026-09-28,제주지역개발,022E33,채권,0,1,,,,,,,0,0,,,,,,
2026-09-28,창원지역개발,012B91,채권,0,1,,,,,,,0,0,,,,,,
2026-09-28,대창,802FC0,채권,0,0,,,,,,,3,2,,,,,,
2026-09-28,물가,03GA66,채권,0,3,,,,,,,10,1,,,,,,
2026-09-28,효성 ,480BG4,채권,0,0,,,,,,,5,1,,,,,,
2026-09-28,(주)LS,262EA2,채권,0,8,,,,,,,0,0,,,,,,
2026-09-28,동아원,0412C0,채권,0,1,,,,,,,0,0,,,,,,
2026-09-28,플라나,391EC8,채권,0,0,,,,,,,0,1,,,,,,
2026-09-28,(주)신텍,661771,채권,0,0,,,,,,,15,8,,,,,,
2026-09-28,(주)한화,882C20,채권,0,2,,,,,,,0,0,,,,,,
2026-09-28,SK렌터카,403E17,채권,0,2,,,,,,,0,0,,,,,,
2026-09-28,공유어장,8X1FC4,채권,0,2,,,,,,,0,0,,,,,,
2026-09-28,국고채권,01GD32,채권,0,4,,,,,,,0,2,,,,,,
2026-09-28,국고채권,0C3692,채권,0,1,,,,,,,0,0,,,,,,
2026-09-28,현대제철,022C15,채권,0,0,,,,,,,1,1,,,,,,
2026-09-28,쓰리소프트,361RC4,채권,0,0,,,,,,,20,2,,,,,,
2026-09-28,프린팅박스,531FC0,채권,0,11,,,,,,,0,2,,,,,,
2026-09-28,리시안홍대 ,25A002,채권,0,0,,,,,,,295,70,,,,,,
2026-09-28,(주)하이소닉,081658,채권,0,0,,,,,,,0,1,,,,,,
2026-09-28,강원지역개발,022BB7,채권,0,0,,,,,,,0,2,,,,,,
2026-09-28,경남개발공사,01DG90,채권,0,1,,,,,,,0,0,,,,,,
2026-09-28,경남지역개발,012C48,채권,0,1,,,,,,,0,0,,,,,,
2026-09-28,경북지역개발,022C80,채권,0,3,,,,,,,0,0,,,,,,
2026-09-28,대구도시철도,024D68,채권,0,2,,,,,,,0,0,,,,,,
2026-09-28,대구도시철도,024E67,채권,0,1,,,,,,,0,0,,,,,,
2026-09-28,대구지역개발,012EC5,채권,0,1,,,,,,,0,0,,,,,,
2026-09-28,대전지역개발,022EC8,채권,0,1,,,,,,,0,0,,,,,,
2026-09-28,대한해운(주),881WB0,채권,0,5,,,,,,,1,4,,,,,,
2026-09-28,동부건설(주),961356,채권,0,1,,,,,,,0,0,,,,,,
2026-09-28,동부건설(주),961422,채권,0,5,,,,,,,0,1,,,,,,
2026-09-28,루벤티스(주),8L1F66,채권,0,11,,,,,,,0,1,,,,,,
2026-09-28,부산도시철도,014G51,채권,0,3,,,,,,,0,1,,,,,,
2026-09-28,부산도시철도,024C12,채권,0,1,,,,,,,0,0,,,,,,
2026-09-28,서울도시철도,274B11,채권,0,7,,,,,,,46,23,,,,,,
2026-09-28,울산지역개발,012C46,채권,0,2,,,,,,,0,1,,,,,,
2026-09-28,울산지역개발,012DA0,채권,0,2,,,,,,,2,3,,,,,,
2026-09-28,인천지역개발,012C11,채권,0,3,,,,,,,0,1,,,,,,
2026-09-28,전남지역개발,012DA9,채권,0,3,,,,,,,0,2,,,,,,
2026-09-28,제주지역개발,012EB6,채권,0,0,,,,,,,0,1,,,,,,
2026-09-28,진원생명과학,002FB0,채권,0,0,,,,,,,10,1,,,,,,
2026-09-28,충남지역개발,022E92,채권,0,1,,,,,,,0,0,,,,,,
2026-09-28,충북지역개발,022FC9,채권,0,3,,,,,,,0,0,,,,,,
2026-09-28,토지주택채권,03DE89,채권,0,0,,,,,,,0,1,,,,,,
2026-09-28,KT,203A62,채권,0,1,,,,,,,0,0,,,,,,
2026-09-28,신보,091E54,채권,0,1,,,,,,,0,0,,,,,,
2026-09-28,한화,882E93,채권,0,0,,,,,,,0,1,,,,,,
2026-09-28,가배도,371F15,채권,0,1,,,,,,,0,0,,,,,,
2026-09-28,대우제,815K59,채권,0,0,,,,,,,0,2,,,,,,
2026-09-28,디자드,6Z1F23,채권,0,6,,,,,,,0,1,,,,,,
2026-09-28,에소코,0M1F76,채권,0,1,,,,,,,0,0,,,,,,
2026-09-28,이마트,482G18,채권,0,2,,,,,,,0,0,,,,,,
2026-09-28,(주)STX,8110C6,채권,0,1,,,,,,,0,1,,,,,,
2026-09-28,(주)동양,521378,채권,0,1,,,,,,,0,1,,,,,,
2026-09-28,(주)동양,521386,채권,0,1,,,,,,,0,0,,,,,,
2026-09-28,신풍제약,171FC3,채권,0,0,,,,,,,10,3,,,,,,
2026-09-28,전라남도,022G63,채권,0,2,,,,,,,0,0,,,,,,
2026-09-28,해성산업,811FC5,채권,0,0,,,,,,,2,1,,,,,,
2026-09-28,롯데캐피탈,694BC1,채권,0,0,,,,,,,1,2,,,,,,
2026-09-28,키움캐피탈,101F90,채권,0,2,,,,,,,0,0,,,,,,
2026-09-28,현대캐피탈,8846C7,채권,0,1,,,,,,,0,1,,,,,,
2026-09-28,현대커머셜,9229C6,채권,0,2,,,,,,,4,1,,,,,,
2026-09-28,코어웨스트 ,78C015,채권,0,0,,,,,,,173,44,,,,,,
2026-09-28,(주)인스코비,491E36,채권,0,0,,,,,,,1,1,,,,,,
2026-09-28,(주)트레이스,229001,채권,0,0,,,,,,,0,1,,,,,,
2026-09-28,SK에코플랜트,342G24,채권,0,9,,,,,,,1,3,,,,,,
2026-09-28,경기지역개발,022BB7,채권,0,1,,,,,,,0,0,,,,,,
2026-09-28,경남지역개발,022C79,채권,0,1,,,,,,,0,0,,,,,,
2026-09-28,경북지역개발,012C66,채권,0,6,,,,,,,0,1,,,,,,
2026-09-28,경북지역개발,012F97,채권,0,0,,,,,,,0,1,,,,,,
2026-09-28,경북지역개발,022FC6,채권,0,1,,,,,,,0,0,,,,,,
2026-09-28,광주지역개발,012CA5,채권,0,5,,,,,,,3,9,,,,,,
2026-09-28,대구도시철도,024E34,채권,0,0,,,,,,,0,1,,,,,,
2026-09-28,대구지역개발,012C55,채권,0,7,,,,,,,0,1,,,,,,
2026-09-28,대구지역개발,012D39,채권,0,1,,,,,,,0,0,,,,,,
2026-09-28,대구지역개발,022F19,채권,0,1,,,,,,,0,0,,,,,,
2026-09-28,대구지역개발,022G42,채권,0,2,,,,,,,0,0,,,,,,
2026-09-28,대전지역개발,022C52,채권,0,3,,,,,,,0,0,,,,,,
2026-09-28,메리츠캐피탈,372F43,채권,0,0,,,,,,,0,1,,,,,,
2026-09-28,부산도시철도,014C55,채권,0,2,,,,,,,0,0,,,,,,
2026-09-28,부산지역개발,012D56,채권,0,0,,,,,,,0,1,,,,,,
2026-09-28,성원건설(주),091W93,채권,0,5,,,,,,,2,6,,,,,,
2026-09-28,아가월드(주),361875,채권,0,0,,,,,,,0,1,,,,,,
2026-09-28,옐로펀트로봇,641E78,채권,0,1,,,,,,,0,0,,,,,,
2026-09-28,울산지역개발,012FB3,채권,0,4,,,,,,,0,0,,,,,,
2026-09-28,S-Oil,951D65,채권,0,1,,,,,,,0,1,,,,,,
2026-09-28,HD현대,252F73,채권,0,4,,,,,,,0,0,,,,,,
2026-09-28,온전히,9E1G54,채권,0,13,,,,,,,0,0,,,,,,
2026-09-28,유일캔,601F20,채권,0,1,,,,,,,0,1,,,,,,
2026-09-28,(주)STX,811280,채권,0,3,,,,,,,0,3,,,,,,
2026-09-28,(주)동양,521295,채권,0,0,,,,,,,0,1,,,,,,
2026-09-28,SK에너지,093929,채권,0,2,,,,,,,0,0,,,,,,
2026-09-28,국고채권,01GF63,채권,0,11,,,,,,,0,1,,,,,,
2026-09-28,국고채권,04GF94,채권,0,6,,,,,,,3,3,,,,,,
2026-09-28,아드리코,371E80,채권,0,2,,,,,,,0,0,,,,,,
2026-09-28,이유박스,9P1F35,채권,0,2,,,,,,,0,0,,,,,,
2026-09-28,지구인들,411G76,채권,0,1,,,,,,,0,0,,,,,,
2026-09-28,한국전력,05GA32,채권,0,3,,,,,,,1,2,,,,,,
2026-09-28,(주)풀무원,812G82,채권,0,0,,,,,,,1,1,,,,,,
2026-09-28,한국캐피탈,76AG87,채권,0,1,,,,,,,0,0,,,,,,
2026-09-28,한온시스템,882D47,채권,0,1,,,,,,,0,0,,,,,,
2026-09-28,에코클로버 ,592040,채권,0,0,,,,,,,9,5,,,,,,
2026-09-28,에프엔관수 ,03L005,채권,0,0,,,,,,,85,11,,,,,,
2026-09-28,(주)신한은행,017F41,채권,0,1,,,,,,,0,0,,,,,,
2026-09-28,(주)엔스퍼트,401070,채권,0,2,,,,,,,0,1,,,,,,
2026-09-28,강원지역개발,022C39,채권,0,1,,,,,,,0,0,,,,,,
2026-09-28,강원지역개발,022E45,채권,0,0,,,,,,,0,1,,,,,,
2026-09-28,강원지역개발,022G27,채권,0,2,,,,,,,0,0,,,,,,
2026-09-28,경남지역개발,012D13,채권,0,1,,,,,,,0,0,,,,,,
2026-09-28,경남지역개발,022BB4,채권,0,1,,,,,,,0,0,,,,,,
2026-09-28,농협은행(주),03GG42,채권,0,2,,,,,,,3,6,,,,,,
2026-09-28,대구지역개발,012C97,채권,0,2,,,,,,,1,4,,,,,,
2026-09-28,대신증권(주),542E40,채권,0,2,,,,,,,0,0,,,,,,
2026-09-28,메리츠캐피탈,376G63,채권,0,1,,,,,,,0,0,,,,,,
2026-09-28,부산도시철도,014FB1,채권,0,2,,,,,,,0,1,,,,,,
2026-09-28,부산도시철도,024D45,채권,0,1,,,,,,,0,1,,,,,,
2026-09-28,서울도시철도,274AC5,채권,0,6,,,,,,,2,4,,,,,,
2026-09-28,세종지역개발,012D55,채권,0,1,,,,,,,0,0,,,,,,
2026-09-28,인천도시공사,01G878,채권,0,4,,,,,,,0,1,,,,,,
2026-09-28,인천지역개발,012C94,채권,0,7,,,,,,,3,4,,,,,,
2026-09-28,인천지역개발,022C84,채권,0,1,,,,,,,0,2,,,,,,
2026-09-28,전남지역개발,022D41,채권,0,1,,,,,,,0,0,,,,,,
2026-09-28,전북지역개발,012C54,채권,0,1,,,,,,,0,0,,,,,,
2026-09-28,창원지역개발,012D81,채권,0,2,,,,,,,0,0,,,,,,
2026-09-28,창원지역개발,012F97,채권,0,0,,,,,,,0,1,,,,,,
2026-09-28,토지주택채권,017251,채권,0,3,,,,,,,0,0,,,,,,
2026-09-28,토지주택채권,01DE57,채권,0,1,,,,,,,0,1,,,,,,
2026-09-28,토지주택채권,01DEA0,채권,0,0,,,,,,,3,1,,,,,,
2026-09-28,토지주택채권,01DF64,채권,0,1,,,,,,,0,1,,,,,,
2026-09-28,토지주택채권,03DCC6,채권,0,1,,,,,,,0,0,,,,,,
2026-09-28,더블제이평택 ,80A012,채권,0,0,,,,,,,139,24,,,,,,
2026-09-28,효성 ,4806G4,채권,0,0,,,,,,,5,1,,,,,,
2026-09-28,LG전자,571A29,채권,0,2,,,,,,,1,1,,,,,,
2026-09-28,SK렌터카,402E18,채권,0,19,,,,,,,0,4,,,,,,
2026-09-28,SK실트론,272C27,채권,0,7,,,,,,,0,1,,,,,,
2026-09-28,SK텔레콤,673742,채권,0,4,,,,,,,0,0,,,,,,
2026-09-28,신한카드,716FC8,채권,0,5,,,,,,,0,0,,,,,,
2026-09-28,퓨쳐비전,571TC6,채권,0,0,,,,,,,1,1,,,,,,
2026-09-28,(주)루트락,611E62,채권,0,0,,,,,,,1,1,,,,,,
2026-09-28,SK인텔릭스,452FA9,채권,0,1,,,,,,,0,0,,,,,,
2026-09-28,고수플러스,481EA9,채권,0,5,,,,,,,0,2,,,,,,
2026-09-28,엠케이전자,161F95,채권,0,0,,,,,,,3,1,,,,,,
2026-09-28,하이트진로,082F33,채권,0,5,,,,,,,0,1,,,,,,
2026-09-28,부송제사차 ,0880GL,채권,0,0,,,,,,,5,1,,,,,,
2026-09-28,큐브에스피 ,278013,채권,0,0,,,,,,,275,53,,,,,,
2026-09-28,플랜업마곡 ,652TFA,채권,0,0,,,,,,,2,1,,,,,,
2026-09-28,(주)맥스로텍,107001,채권,0,1,,,,,,,0,0,,,,,,
2026-09-28,(주)제주은행,221G98,채권,0,1,,,,,,,10,1,,,,,,
2026-09-28,(주)하이지노,9D1F31,채권,0,16,,,,,,,0,3,,,,,,
2026-09-28,(주)한진해운,931354,채권,0,12,,,,,,,1,16,,,,,,
2026-09-28,경기지역개발,022D55,채권,0,2,,,,,,,1,2,,,,,,
2026-09-28,경남지역개발,022C38,채권,0,1,,,,,,,0,0,,,,,,
2026-09-28,경북지역개발,012D57,채권,0,1,,,,,,,0,0,,,,,,
2026-09-28,경북지역개발,022D71,채권,0,1,,,,,,,0,0,,,,,,
2026-09-28,광주지역개발,022CC0,채권,0,0,,,,,,,2,2,,,,,,
2026-09-28,광주지역개발,022DB0,채권,0,1,,,,,,,0,0,,,,,,
2026-09-28,농협은행(주),02GEB0,채권,0,0,,,,,,,0,1,,,,,,
2026-09-28,대구도시철도,024D19,채권,0,1,,,,,,,0,0,,,,,,
2026-09-28,대구도시철도,024FA1,채권,0,1,,,,,,,0,0,,,,,,
2026-09-28,대구도시철도,024G32,채권,0,3,,,,,,,0,1,,,,,,
2026-09-28,부산도시철도,014F60,채권,0,2,,,,,,,0,0,,,,,,
2026-09-28,부산지역개발,022G44,채권,0,2,,,,,,,0,0,,,,,,
2026-09-28,세종지역개발,012C64,채권,0,2,,,,,,,0,0,,,,,,
2026-09-28,엠텍비젼(주),001092,채권,0,0,,,,,,,0,1,,,,,,
2026-09-28,울산지역개발,012C61,채권,0,1,,,,,,,0,0,,,,,,
2026-09-28,울산지역개발,012C79,채권,0,3,,,,,,,0,0,,,,,,
2026-09-28,인천도시공사,01G951,채권,0,18,,,,,,,0,2,,,,,,
2026-09-28,전남지역개발,012D35,채권,0,0,,,,,,,0,1,,,,,,
2026-09-28,전북지역개발,022DA1,채권,0,1,,,,,,,0,0,,,,,,
2026-09-28,제주지역개발,012C37,채권,0,3,,,,,,,0,0,,,,,,
2026-09-28,제주지역개발,022BC9,채권,0,1,,,,,,,0,0,,,,,,
2026-09-28,중소기업은행,02GA35,채권,0,4,,,,,,,30,40,,,,,,
2026-09-28,창원지역개발,012CC5,채권,0,0,,,,,,,0,1,,,,,,
2026-09-28,충남지역개발,022D44,채권,0,2,,,,,,,0,1,,,,,,
2026-09-28,충북지역개발,022C18,채권,0,2,,,,,,,0,0,,,,,,
2026-09-28,충북지역개발,022C42,채권,0,2,,,,,,,0,1,,,,,,
2026-09-28,충북지역개발,022FB1,채권,0,2,,,,,,,0,1,,,,,,
2026-09-28,토지주택채권,01DE16,채권,0,0,,,,,,,0,1,,,,,,
2026-09-28,토지주택채권,01DE40,채권,0,3,,,,,,,0,0,,,,,,
2026-09-28,토지주택채권,01DF15,채권,0,0,,,,,,,0,1,,,,,,
2026-09-28,두산,152F12,채권,0,2,,,,,,,0,0,,,,,,
2026-09-28,산금,1872A2,채권,0,1,,,,,,,0,0,,,,,,
2026-09-28,S-Oil,953A33,채권,0,2,,,,,,,0,0,,,,,,
2026-09-28,오브젠,861EB2,채권,0,0,,,,,,,1,1,,,,,,
2026-09-28,제주도,022FC0,채권,0,2,,,,,,,0,0,,,,,,
2026-09-28,(주)한화,881F28,채권,0,9,,,,,,,0,0,,,,,,
2026-09-28,국고채권,01GFC3,채권,0,3,,,,,,,1,1,,,,,,
2026-09-28,국고채권,02G834,채권,0,5,,,,,,,0,0,,,,,,
2026-09-28,국고채권,03GG37,채권,0,3,,,,,,,0,0,,,,,,
2026-09-28,케이씨씨,382BA8,채권,0,13,,,,,,,0,1,,,,,,
2026-09-28,HD건설기계,672E32,채권,0,1,,,,,,,0,1,,,,,,
2026-09-28,KB금융지주,562963,채권,0,1,,,,,,,0,0,,,,,,
2026-09-28,레츠프레소,501F90,채권,0,6,,,,,,,0,1,,,,,,
2026-09-28,베리네이처,601G75,채권,0,4,,,,,,,0,0,,,,,,
2026-09-28,팬오션(주),671180,채권,0,1,,,,,,,5,6,,,,,,
2026-09-28,한국캐피탈,767G44,채권,0,5,,,,,,,40,76,,,,,,
2026-09-28,현대멀티캡,911N36,채권,0,0,,,,,,,0,1,,,,,,
2026-09-28,(주)대양금속,191CB2,채권,0,0,,,,,,,20,2,,,,,,
2026-09-28,(주)트레이스,291673,채권,0,2,,,,,,,0,1,,,,,,
2026-09-28,강원지역개발,022G35,채권,0,1,,,,,,,0,0,,,,,,
2026-09-28,경기지역개발,022E96,채권,0,1,,,,,,,0,0,,,,,,
2026-09-28,경북지역개발,012E15,채권,0,2,,,,,,,1,2,,,,,,
2026-09-28,경북지역개발,022C56,채권,0,2,,,,,,,1,2,,,,,,
2026-09-28,대구도시철도,024C77,채권,0,7,,,,,,,0,2,,,,,,
2026-09-28,대구도시철도,024CC4,채권,0,6,,,,,,,0,0,,,,,,
2026-09-28,대구지역개발,012C22,채권,0,2,,,,,,,0,0,,,,,,
2026-09-28,대구지역개발,022E36,채권,0,1,,,,,,,0,0,,,,,,
2026-09-28,대전지역개발,022FB7,채권,0,4,,,,,,,0,0,,,,,,
2026-09-28,메리츠캐피탈,373EC6,채권,0,1,,,,,,,0,0,,,,,,
2026-09-28,부산지역개발,022C48,채권,0,2,,,,,,,0,1,,,,,,
2026-09-28,세종지역개발,012F53,채권,0,1,,,,,,,0,0,,,,,,
2026-09-28,울산지역개발,012D78,채권,0,9,,,,,,,1,4,,,,,,
2026-09-28,울산지역개발,012E36,채권,0,1,,,,,,,0,0,,,,,,
2026-09-28,인천지역개발,022FB6,채권,0,1,,,,,,,0,0,,,,,,
2026-09-28,인천지역개발,022G23,채권,0,1,,,,,,,0,0,,,,,,
2026-09-28,전남개발공사,01DG24,채권,0,1,,,,,,,3,5,,,,,,
2026-09-28,전남지역개발,022C59,채권,0,6,,,,,,,0,1,,,,,,
2026-09-28,전북지역개발,012DB0,채권,0,1,,,,,,,0,0,,,,,,
2026-09-28,창원지역개발,012FC8,채권,0,1,,,,,,,0,0,,,,,,
2026-09-28,충북지역개발,022C26,채권,0,3,,,,,,,0,0,,,,,,
2026-09-28,토지주택채권,03DF47,채권,0,0,,,,,,,8,1,,,,,,
2026-09-28,한국동서발전,172G55,채권,0,1,,,,,,,0,0,,,,,,
2026-09-28,한화,883G33,채권,0,3,,,,,,,0,0,,,,,,
2026-09-28,농금채,02GAB6,채권,0,0,,,,,,,0,1,,,,,,
2026-09-28,소룩스,691G57,채권,0,0,,,,,,,5,1,,,,,,
2026-09-28,GS글로벌,252E77,채권,0,2,,,,,,,0,0,,,,,,
2026-09-28,도로공사,03GA53,채권,0,3,,,,,,,31,39,,,,,,
2026-09-28,삼성카드,785A78,채권,0,1,,,,,,,0,1,,,,,,
2026-09-28,(주)휴벡셀,311882,채권,0,0,,,,,,,12,4,,,,,,
2026-09-28,국고채이자,0C4732,채권,0,0,,,,,,,0,1,,,,,,
2026-09-28,디비캐피탈,661F95,채권,0,2,,,,,,,0,1,,,,,,
2026-09-28,팬오션(주),6710A3,채권,0,1,,,,,,,10,17,,,,,,
2026-09-28,푸드클로버,881G94,채권,0,14,,,,,,,0,2,,,,,,
2026-09-28,(주)다우기술,591E71,채권,0,0,,,,,,,1,1,,,,,,
2026-09-28,강원지역개발,012B99,채권,0,0,,,,,,,0,3,,,,,,
2026-09-28,강원지역개발,022G84,채권,0,1,,,,,,,0,0,,,,,,
2026-09-28,경기지역개발,022D22,채권,0,4,,,,,,,0,1,,,,,,
2026-09-28,경기지역개발,022FB8,채권,0,1,,,,,,,0,0,,,,,,
2026-09-28,경남지역개발,022G18,채권,0,1,,,,,,,0,0,,,,,,
2026-09-28,경북지역개발,012C90,채권,0,3,,,,,,,2,3,,,,,,
2026-09-28,경북지역개발,032E86,채권,0,1,,,,,,,0,0,,,,,,
2026-09-28,광주지역개발,022C73,채권,0,1,,,,,,,0,0,,,,,,
2026-09-28,대구지역개발,022D52,채권,0,1,,,,,,,0,0,,,,,,
2026-09-28,메리츠캐피탈,373F67,채권,0,1,,,,,,,0,0,,,,,,
2026-09-28,부산도시철도,014C71,채권,0,4,,,,,,,0,0,,,,,,
2026-09-28,부산도시철도,024C95,채권,0,10,,,,,,,7,15,,,,,,
2026-09-28,부산지역개발,022FC2,채권,0,1,,,,,,,0,0,,,,,,
2026-09-28,서울교통공사,01GB59,채권,0,11,,,,,,,3,5,,,,,,
2026-09-28,울산지역개발,012C20,채권,0,1,,,,,,,0,1,,,,,,
2026-09-28,울산지역개발,012D29,채권,0,1,,,,,,,0,0,,,,,,
2026-09-28,인천지역개발,012DB2,채권,0,0,,,,,,,0,1,,,,,,
2026-09-28,인천지역개발,022G98,채권,0,1,,,,,,,0,0,,,,,,
2026-09-28,전북지역개발,022CC9,채권,0,2,,,,,,,4,4,,,,,,
2026-09-28,전북지역개발,022E68,채권,0,1,,,,,,,0,0,,,,,,
2026-09-28,전북지역개발,022FA6,채권,0,1,,,,,,,0,0,,,,,,
2026-09-28,전북지역개발,022G25,채권,0,1,,,,,,,0,0,,,,,,
2026-09-28,제주지역개발,012C11,채권,0,1,,,,,,,0,0,,,,,,
2026-09-28,TSLA,TSLA,해외대출,429,462,,,,,,,505,139,,,,,,
2026-09-28,NVDA,NVDA,해외대출,104,183,,,,,,,113,62,,,,,,
2026-09-28,IONQ,IONQ,해외대출,79,110,,,,,,,80,22,,,,,,
2026-09-28,PLTR,PLTR,해외대출,57,105,,,,,,,26,26,,,,,,
2026-09-28,TQQQ,TQQQ,해외대출,46,24,,,,,,,2,3,,,,,,
2026-09-28,MU,MU,해외대출,28,42,,,,,,,146,10,,,,,,
2026-09-28,GOOGL,GOOGL,해외대출,26,80,,,,,,,42,17,,,,,,
2026-09-28,AAPL,AAPL,해외대출,18,64,,,,,,,12,10,,,,,,
2026-09-28,UNH,UNH,해외대출,14,14,,,,,,,1,1,,,,,,
2026-09-28,TSM,TSM,해외대출,14,26,,,,,,,414,9,,,,,,
2026-09-28,MSFT,MSFT,해외대출,12,40,,,,,,,19,16,,,,,,
2026-09-28,AVGO,AVGO,해외대출,9,30,,,,,,,4,6,,,,,,
2026-09-28,QQQ,QQQ,해외대출,8,28,,,,,,,4,5,,,,,,
2026-09-28,VOO,VOO,해외대출,8,18,,,,,,,1,1,,,,,,
2026-09-28,INTC,INTC,해외대출,6,28,,,,,,,4,4,,,,,,
2026-09-28,SMH,SMH,해외대출,6,4,,,,,,,0,1,,,,,,
2026-09-28,AMD,AMD,해외대출,5,26,,,,,,,1,3,,,,,,
2026-09-28,BE,BE,해외대출,5,13,,,,,,,6,8,,,,,,
2026-09-28,GE,GE,해외대출,4,7,,,,,,,0,0,,,,,,
2026-09-28,GOOG,GOOG,해외대출,3,15,,,,,,,0,1,,,,,,
2026-09-28,SCHD,SCHD,해외대출,3,16,,,,,,,0,1,,,,,,
2026-09-28,QLD,QLD,해외대출,3,5,,,,,,,0,0,,,,,,
2026-09-28,ORCL,ORCL,해외대출,3,27,,,,,,,2,4,,,,,,
2026-09-28,AMZN,AMZN,해외대출,3,29,,,,,,,2,5,,,,,,
2026-09-28,NKE,NKE,해외대출,2,10,,,,,,,0,0,,,,,,
2026-09-28,JEPI,JEPI,해외대출,2,10,,,,,,,0,0,,,,,,
2026-09-28,QQQM,QQQM,해외대출,2,18,,,,,,,4,2,,,,,,
2026-09-28,NVO,NVO,해외대출,2,6,,,,,,,0,0,,,,,,
2026-09-28,CRWD,CRWD,해외대출,2,7,,,,,,,4,2,,,,,,
2026-09-28,PLUG,PLUG,해외대출,2,13,,,,,,,2,6,,,,,,
2026-09-28,META,META,해외대출,2,17,,,,,,,1,4,,,,,,
2026-09-28,SPY,SPY,해외대출,2,9,,,,,,,1,4,,,,,,
2026-09-28,GLD,GLD,해외대출,1,5,,,,,,,0,0,,,,,,
2026-09-28,MRNA,MRNA,해외대출,1,4,,,,,,,34,1,,,,,,
2026-09-28,CDNS,CDNS,해외대출,1,1,,,,,,,0,0,,,,,,
2026-09-28,C,C,해외대출,1,1,,,,,,,0,0,,,,,,
2026-09-28,IAU,IAU,해외대출,1,4,,,,,,,1,1,,,,,,
2026-09-28,ZIM,ZIM,해외대출,1,2,,,,,,,0,0,,,,,,
2026-09-28,SHY,SHY,해외대출,1,2,,,,,,,0,0,,,,,,
2026-09-28,KO,KO,해외대출,1,12,,,,,,,0,4,,,,,,
2026-09-28,TLT,TLT,해외대출,1,10,,,,,,,0,1,,,,,,
2026-09-28,RBLX,RBLX,해외대출,1,10,,,,,,,0,0,,,,,,
2026-09-28,XOM,XOM,해외대출,1,3,,,,,,,0,1,,,,,,
2026-09-28,OXY,OXY,해외대출,1,7,,,,,,,0,0,,,,,,
2026-09-28,SOXX,SOXX,해외대출,1,8,,,,,,,2,2,,,,,,
2026-09-28,LCID,LCID,해외대출,1,25,,,,,,,0,0,,,,,,
2026-09-28,SQQQ,SQQQ,해외대출,1,12,,,,,,,0,3,,,,,,
2026-09-28,UBER,UBER,해외대출,1,5,,,,,,,1,5,,,,,,
2026-09-28,AMC,AMC,해외대출,1,2,,,,,,,0,0,,,,,,
2026-09-28,O,O,해외대출,1,10,,,,,,,1,3,,,,,,
2026-09-28,RIVN,RIVN,해외대출,1,17,,,,,,,0,2,,,,,,
2026-09-28,PFE,PFE,해외대출,1,5,,,,,,,0,1,,,,,,
2026-09-28,CPNG,CPNG,해외대출,1,11,,,,,,,0,0,,,,,,
2026-09-28,UPRO,UPRO,해외대출,1,3,,,,,,,0,0,,,,,,
2026-09-28,UPST,UPST,해외대출,1,5,,,,,,,0,2,,,,,,
2026-09-28,ASML,ASML,해외대출,1,4,,,,,,,3,2,,,,,,
2026-09-28,SPG,SPG,해외대출,1,1,,,,,,,0,0,,,,,,
2026-09-28,00175,000175,해외대출,0,1,,,,,,,1,1,,,,,,
2026-09-28,NFLX,NFLX,해외대출,0,12,,,,,,,1,4,,,,,,
2026-09-28,DAL,DAL,해외대출,0,3,,,,,,,2,2,,,,,,
2026-09-28,00700,000700,해외대출,0,0,,,,,,,2,6,,,,,,
2026-09-28,BRK/B,BRK/B,해외대출,0,6,,,,,,,3,3,,,,,,
2026-09-28,09988,009988,해외대출,0,1,,,,,,,21,9,,,,,,
2026-09-28,600276,600276,해외대출,0,0,,,,,,,1,1,,,,,,
2026-09-28,LRCX,LRCX,해외대출,0,6,,,,,,,22,1,,,,,,
2026-09-28,01211,001211,해외대출,0,0,,,,,,,1,2,,,,,,
2026-09-28,MMM,MMM,해외대출,0,1,,,,,,,1,1,,,,,,
2026-09-28,03750,003750,해외대출,0,0,,,,,,,4,2,,,,,,
2026-09-28,00981,000981,해외대출,0,0,,,,,,,3,2,,,,,,
2026-09-28,SNOW,SNOW,해외대출,0,2,,,,,,,1,1,,,,,,
2026-09-28,BABA,BABA,해외대출,0,8,,,,,,,4,8,,,,,,
2026-09-28,TSLA,TSLA,해외주식,13008,317869,,,,,,,7666,18935,,,,,,
2026-09-28,NVDA,NVDA,해외주식,11721,202500,,,,,,,6506,18953,,,,,,
2026-09-28,GOOGL,GOOGL,해외주식,5270,169979,,,,,,,2897,12978,,,,,,
2026-09-28,AAPL,AAPL,해외주식,4103,262986,,,,,,,1495,10887,,,,,,
2026-09-28,QQQ,QQQ,해외주식,3897,65981,,,,,,,1470,6252,,,,,,
2026-09-28,VOO,VOO,해외주식,3846,59052,,,,,,,1035,4507,,,,,,
2026-09-28,PLTR,PLTR,해외주식,2893,58698,,,,,,,1749,8170,,,,,,
2026-09-28,SCHD,SCHD,해외주식,2811,59995,,,,,,,692,5021,,,,,,
2026-09-28,SOXL,SOXL,해외주식,2796,19149,,,,,,,1051,2550,,,,,,
2026-09-28,IONQ,IONQ,해외주식,2516,39486,,,,,,,1304,6674,,,,,,
2026-09-28,TQQQ,TQQQ,해외주식,2406,17238,,,,,,,1061,2278,,,,,,
2026-09-28,MSFT,MSFT,해외주식,2365,84926,,,,,,,1543,8973,,,,,,
2026-09-28,QQQM,QQQM,해외주식,2353,39152,,,,,,,663,4086,,,,,,
2026-09-28,SPY,SPY,해외주식,2321,42578,,,,,,,952,4278,,,,,,
2026-09-28,MU,MU,해외주식,2028,31121,,,,,,,2230,5157,,,,,,
2026-09-28,QLD,QLD,해외주식,1751,13615,,,,,,,329,1682,,,,,,
2026-09-28,AMD,AMD,해외주식,1524,33328,,,,,,,955,3508,,,,,,
2026-09-28,SPCX,SPCX,해외주식,1318,55312,,,,,,,496,6205,,,,,,
2026-09-28,JEPQ,JEPQ,해외주식,1262,16700,,,,,,,236,1535,,,,,,
2026-09-28,AMZN,AMZN,해외주식,1149,90127,,,,,,,973,6690,,,,,,
2026-09-28,SPYM,SPYM,해외주식,1073,24289,,,,,,,233,2230,,,,,,
2026-09-28,SNDK,SNDK,해외주식,1070,12634,,,,,,,1141,2813,,,,,,
2026-09-28,SGOV,SGOV,해외주식,1011,5353,,,,,,,249,880,,,,,,
2026-09-28,INTC,INTC,해외주식,993,36803,,,,,,,769,4129,,,,,,
2026-09-28,GOOG,GOOG,해외주식,926,30375,,,,,,,457,2654,,,,,,
2026-09-28,AVGO,AVGO,해외주식,878,32229,,,,,,,627,4165,,,,,,
2026-09-28,META,META,해외주식,870,42606,,,,,,,1169,4838,,,,,,
2026-09-28,TSM,TSM,해외주식,798,10313,,,,,,,1202,2532,,,,,,
2026-09-28,TSLL,TSLL,해외주식,776,11955,,,,,,,284,1368,,,,,,
2026-09-28,IREN,IREN,해외주식,745,10836,,,,,,,148,1394,,,,,,
2026-09-28,JEPI,JEPI,해외주식,726,18613,,,,,,,143,1420,,,,,,
2026-09-28,RKLB,RKLB,해외주식,617,14332,,,,,,,225,1957,,,,,,
2026-09-28,KO,KO,해외주식,595,66290,,,,,,,74,2552,,,,,,
2026-09-28,SOXX,SOXX,해외주식,583,9506,,,,,,,373,1485,,,,,,
2026-09-28,O,O,해외주식,566,20014,,,,,,,100,1467,,,,,,
2026-09-28,MRVL,MRVL,해외주식,501,11262,,,,,,,490,3039,,,,,,
2026-09-28,CRCL,CRCL,해외주식,496,8617,,,,,,,222,1895,,,,,,
2026-09-28,BMNR,BMNR,해외주식,473,6989,,,,,,,196,1424,,,,,,
2026-09-28,UNH,UNH,해외주식,434,11713,,,,,,,97,990,,,,,,
2026-09-28,QQQI,QQQI,해외주식,422,4873,,,,,,,88,554,,,,,,
2026-09-28,ASML,ASML,해외주식,376,2817,,,,,,,276,938,,,,,,
2026-09-28,IVV,IVV,해외주식,374,6014,,,,,,,88,478,,,,,,
2026-09-28,BE,BE,해외주식,371,5715,,,,,,,257,1097,,,,,,
2026-09-28,ORCL,ORCL,해외주식,360,18617,,,,,,,124,1782,,,,,,
2026-09-28,JOBY,JOBY,해외주식,359,12356,,,,,,,99,1575,,,,,,
2026-09-28,SMH,SMH,해외주식,356,5092,,,,,,,340,1053,,,,,,
2026-09-28,MSTR,MSTR,해외주식,344,4195,,,,,,,649,1592,,,,,,
2026-09-28,GLD,GLD,해외주식,308,16340,,,,,,,151,869,,,,,,
2026-09-28,PFE,PFE,해외주식,303,41565,,,,,,,78,1191,,,,,,
2026-09-28,BRK/B,BRK/B,해외주식,283,10668,,,,,,,333,852,,,,,,
2026-09-28,KORU,KORU,해외주식,280,3048,,,,,,,227,543,,,,,,
2026-09-28,SKHY,SKHY,해외주식,275,6981,,,,,,,332,2063,,,,,,
2026-09-28,NFLX,NFLX,해외주식,271,111754,,,,,,,77,2144,,,,,,
2026-09-28,DRAM,DRAM,해외주식,263,5040,,,,,,,175,1048,,,,,,
2026-09-28,SLV,SLV,해외주식,260,10132,,,,,,,161,1016,,,,,,
2026-09-28,TLT,TLT,해외주식,254,7090,,,,,,,288,6820,,,,,,
2026-09-28,LLY,LLY,해외주식,251,13409,,,,,,,139,1144,,,,,,
2026-09-28,SMR,SMR,해외주식,245,13523,,,,,,,181,2851,,,,,,
2026-09-28,QYLD,QYLD,해외주식,243,8853,,,,,,,97,539,,,,,,
2026-09-28,RGTI,RGTI,해외주식,241,13645,,,,,,,176,1731,,,,,,
2026-09-28,ETHU,ETHU,해외주식,233,3329,,,,,,,42,436,,,,,,
2026-09-28,BITO,BITO,해외주식,218,6796,,,,,,,44,629,,,,,,
2026-09-28,TMF,TMF,해외주식,214,2570,,,,,,,148,906,,,,,,
2026-09-28,USD,USD,해외주식,211,1191,,,,,,,60,182,,,,,,
2026-09-28,SPYG,SPYG,해외주식,205,7142,,,,,,,580,4522,,,,,,
2026-09-28,VTI,VTI,해외주식,203,7237,,,,,,,56,500,,,,,,
2026-09-28,JNJ,JNJ,해외주식,190,36940,,,,,,,37,865,,,,,,
2026-09-28,NKE,NKE,해외주식,184,185347,,,,,,,27,1754,,,,,,
2026-09-28,MUU,MUU,해외주식,176,994,,,,,,,26,117,,,,,,
2026-09-28,COIN,COIN,해외주식,176,7833,,,,,,,155,1337,,,,,,
2026-09-28,NVDL,NVDL,해외주식,167,2131,,,,,,,43,292,,,,,,
2026-09-28,MO,MO,해외주식,166,8300,,,,,,,38,763,,,,,,
2026-09-28,T,T,해외주식,166,99429,,,,,,,53,1320,,,,,,
2026-09-28,CPNG,CPNG,해외주식,158,20944,,,,,,,41,1204,,,,,,
2026-09-28,MRNA,MRNA,해외주식,152,7267,,,,,,,73,437,,,,,,
2026-09-28,TEM,TEM,해외주식,143,3836,,,,,,,117,836,,,,,,
2026-09-28,QCOM,QCOM,해외주식,142,13659,,,,,,,91,994,,,,,,
2026-09-28,ARM,ARM,해외주식,142,2339,,,,,,,106,680,,,,,,
2026-09-28,AMAT,AMAT,해외주식,140,6004,,,,,,,85,605,,,,,,
2026-09-28,IAU,IAU,해외주식,138,7205,,,,,,,94,617,,,,,,
2026-09-28,NBIS,NBIS,해외주식,137,1596,,,,,,,400,1278,,,,,,
2026-09-28,OKLO,OKLO,해외주식,136,6256,,,,,,,58,1049,,,,,,
2026-09-28,GEV,GEV,해외주식,134,3088,,,,,,,149,784,,,,,,
2026-09-28,PLUG,PLUG,해외주식,130,8903,,,,,,,55,1115,,,,,,
2026-09-28,IBM,IBM,해외주식,128,11694,,,,,,,49,675,,,,,,
2026-09-28,VRT,VRT,해외주식,128,3406,,,,,,,102,726,,,,,,
2026-09-28,SBUX,SBUX,해외주식,125,79566,,,,,,,23,1261,,,,,,
2026-09-28,HOOD,HOOD,해외주식,122,5639,,,,,,,68,614,,,,,,
2026-09-28,DIS,DIS,해외주식,121,39447,,,,,,,38,1507,,,,,,
2026-09-28,UPRO,UPRO,해외주식,119,1157,,,,,,,28,209,,,,,,
2026-09-28,DELL,DELL,해외주식,118,2969,,,,,,,65,623,,,,,,
2026-09-28,AGNC,AGNC,해외주식,117,2535,,,,,,,34,363,,,,,,
2026-09-28,PEP,PEP,해외주식,116,6476,,,,,,,7,263,,,,,,
2026-09-28,BITX,BITX,해외주식,116,1977,,,,,,,26,325,,,,,,
2026-09-28,GPIQ,GPIQ,해외주식,115,1282,,,,,,,17,151,,,,,,
2026-09-28,XOM,XOM,해외주식,113,9416,,,,,,,35,567,,,,,,
2026-09-28,SNXX,SNXX,해외주식,112,1551,,,,,,,13,129,,,,,,
2026-09-28,RXRX,RXRX,해외주식,110,5959,,,,,,,41,791,,,,,,
2026-09-28,LRCX,LRCX,해외주식,110,3906,,,,,,,209,458,,,,,,
2026-09-28,COST,COST,해외주식,109,9495,,,,,,,34,534,,,,,,
2026-09-28,SSO,SSO,해외주식,108,1390,,,,,,,33,217,,,,,,
2026-09-28,LITE,LITE,해외주식,107,1975,,,,,,,284,1408,,,,,,
2026-09-28,BULZ,BULZ,해외주식,101,600,,,,,,,30,121,,,,,,
2026-09-28,JPM,JPM,해외주식,97,7364,,,,,,,43,492,,,,,,
2026-09-28,BITU,BITU,해외주식,97,1795,,,,,,,40,326,,,,,,
2026-09-28,SLDP,SLDP,해외주식,92,4405,,,,,,,24,525,,,,,,
2026-09-28,DIA,DIA,해외주식,91,6302,,,,,,,13,335,,,,,,
2026-09-28,NVDY,NVDY,해외주식,91,3108,,,,,,,24,418,,,,,,
2026-09-28,CONL,CONL,해외주식,88,1549,,,,,,,15,188,,,,,,
2026-09-28,RIVN,RIVN,해외주식,87,10720,,,,,,,30,704,,,,,,
2026-09-28,U,U,해외주식,86,8040,,,,,,,112,1605,,,,,,
2026-09-28,BA,BA,해외주식,85,9118,,,,,,,55,707,,,,,,
2026-09-28,ASTS,ASTS,해외주식,85,2675,,,,,,,39,318,,,,,,
2026-09-28,BMNU,BMNU,해외주식,83,811,,,,,,,26,97,,,,,,
2026-09-28,GLW,GLW,해외주식,83,4439,,,,,,,61,751,,,,,,
2026-09-28,QBTS,QBTS,해외주식,81,3662,,,,,,,162,616,,,,,,
2026-09-28,TSLY,TSLY,해외주식,81,3248,,,,,,,22,481,,,,,,
2026-09-28,V,V,해외주식,79,8323,,,,,,,57,781,,,,,,
2026-09-28,CRWD,CRWD,해외주식,79,2985,,,,,,,116,388,,,,,,
2026-09-28,NVO,NVO,해외주식,79,3929,,,,,,,25,575,,,,,,
2026-09-28,COHR,COHR,해외주식,79,2303,,,,,,,65,489,,,,,,
2026-09-28,SPYI,SPYI,해외주식,78,1401,,,,,,,31,184,,,,,,
2026-09-28,MSTU,MSTU,해외주식,76,1487,,,,,,,34,250,,,,,,
2026-09-28,SOXS,SOXS,해외주식,75,1611,,,,,,,15,145,,,,,,
2026-09-28,CRDO,CRDO,해외주식,75,1481,,,,,,,64,478,,,,,,
2026-09-28,GGLL,GGLL,해외주식,74,906,,,,,,,16,108,,,,,,
2026-09-28,MSTY,MSTY,해외주식,73,3514,,,,,,,18,495,,,,,,
2026-09-28,QUBT,QUBT,해외주식,73,6334,,,,,,,16,628,,,,,,
2026-09-28,RDW,RDW,해외주식,73,3047,,,,,,,16,365,,,,,,
2026-09-28,MCD,MCD,해외주식,72,8672,,,,,,,11,358,,,,,,
2026-09-28,CRWV,CRWV,해외주식,71,2403,,,,,,,41,605,,,,,,
2026-09-28,WMT,WMT,해외주식,70,8304,,,,,,,12,436,,,,,,
2026-09-28,WDC,WDC,해외주식,70,3021,,,,,,,62,699,,,,,,
2026-09-28,PLTU,PLTU,해외주식,70,906,,,,,,,17,128,,,,,,
2026-09-28,CCL,CCL,해외주식,69,4183,,,,,,,14,294,,,,,,
2026-09-28,VT,VT,해외주식,69,1733,,,,,,,27,229,,,,,,
2026-09-28,RBLX,RBLX,해외주식,67,10520,,,,,,,29,981,,,,,,
2026-09-28,ABCL,ABCL,해외주식,67,944,,,,,,,29,121,,,,,,
2026-09-28,IONX,IONX,해외주식,67,820,,,,,,,7,91,,,,,,
2026-09-28,MAGS,MAGS,해외주식,67,1506,,,,,,,27,328,,,,,,
2026-09-28,BOXX,BOXX,해외주식,66,184,,,,,,,26,34,,,,,,
2026-09-28,LAES,LAES,해외주식,66,4400,,,,,,,68,561,,,,,,
2026-09-28,XLK,XLK,해외주식,64,1167,,,,,,,44,482,,,,,,
2026-09-28,SPHD,SPHD,해외주식,64,5971,,,,,,,14,384,,,,,,
2026-09-28,GME,GME,해외주식,64,1336,,,,,,,5,98,,,,,,
2026-09-28,FNGU,FNGU,해외주식,63,466,,,,,,,18,60,,,,,,
2026-09-28,ABBV,ABBV,해외주식,62,3824,,,,,,,14,210,,,,,,
2026-09-28,SOFI,SOFI,해외주식,61,3393,,,,,,,18,343,,,,,,
2026-09-28,VZ,VZ,해외주식,61,5708,,,,,,,14,348,,,,,,
2026-09-28,SATL,SATL,해외주식,60,1080,,,,,,,9,108,,,,,,
2026-09-28,TSLT,TSLT,해외주식,60,1006,,,,,,,28,144,,,,,,
2026-09-28,DAL,DAL,해외주식,59,5811,,,,,,,27,347,,,,,,
2026-09-28,SOXQ,SOXQ,해외주식,57,808,,,,,,,23,186,,,,,,
2026-09-28,BAC,BAC,해외주식,57,7335,,,,,,,10,433,,,,,,
2026-09-28,OXY,OXY,해외주식,57,3598,,,,,,,9,287,,,,,,
2026-09-28,SCHG,SCHG,해외주식,57,1390,,,,,,,20,261,,,,,,
2026-09-28,UBER,UBER,해외주식,57,8264,,,,,,,52,549,,,,,,
2026-09-28,CONY,CONY,해외주식,57,3917,,,,,,,9,436,,,,,,
2026-09-28,LEU,LEU,해외주식,56,1528,,,,,,,41,394,,,,,,
2026-09-28,MSFU,MSFU,해외주식,56,766,,,,,,,8,67,,,,,,
2026-09-28,RAM,RAM,해외주식,56,1114,,,,,,,39,108,,,,,,
2026-09-28,BIL,BIL,해외주식,55,412,,,,,,,52,111,,,,,,
2026-09-28,GLDM,GLDM,해외주식,54,1353,,,,,,,18,332,,,,,,
2026-09-28,SNPS,SNPS,해외주식,54,2328,,,,,,,29,271,,,,,,
2026-09-28,PSLV,PSLV,해외주식,54,346,,,,,,,25,74,,,,,,
2026-09-28,NASA,NASA,해외주식,53,3004,,,,,,,16,311,,,,,,
2026-09-28,QS,QS,해외주식,53,3869,,,,,,,31,503,,,,,,
2026-09-28,INFQ,INFQ,해외주식,53,1444,,,,,,,15,194,,,,,,
2026-09-28,ADBE,ADBE,해외주식,52,7934,,,,,,,18,395,,,,,,
2026-09-28,SMCI,SMCI,해외주식,52,1994,,,,,,,17,271,,,,,,
2026-09-28,SPMO,SPMO,해외주식,51,1097,,,,,,,21,186,,,,,,
2026-09-28,LMT,LMT,해외주식,51,6402,,,,,,,13,327,,,,,,
2026-09-28,PANW,PANW,해외주식,50,2753,,,,,,,358,1164,,,,,,
2026-09-28,VIG,VIG,해외주식,49,3142,,,,,,,13,224,,,,,,
2026-09-28,ISRG,ISRG,해외주식,49,2727,,,,,,,33,789,,,,,,
2026-09-28,ARKK,ARKK,해외주식,49,3189,,,,,,,29,616,,,,,,
2026-09-28,PL,PL,해외주식,49,2584,,,,,,,16,362,,,,,,
2026-09-28,MRK,MRK,해외주식,48,5736,,,,,,,271,1197,,,,,,
2026-09-28,CEG,CEG,해외주식,48,2662,,,,,,,16,246,,,,,,
2026-09-28,CVX,CVX,해외주식,48,5790,,,,,,,8,287,,,,,,
2026-09-28,PTIR,PTIR,해외주식,47,591,,,,,,,6,69,,,,,,
2026-09-28,VST,VST,해외주식,46,2194,,,,,,,18,294,,,,,,
2026-09-28,AMDL,AMDL,해외주식,46,346,,,,,,,11,52,,,,,,
2026-09-28,APP,APP,해외주식,45,4447,,,,,,,18,306,,,,,,
2026-09-28,PG,PG,해외주식,43,6136,,,,,,,7,326,,,,,,
2026-09-28,SNOW,SNOW,해외주식,43,2976,,,,,,,319,1147,,,,,,
2026-09-28,QTUM,QTUM,해외주식,43,1151,,,,,,,25,244,,,,,,
2026-09-28,SQQQ,SQQQ,해외주식,43,1382,,,,,,,11,180,,,,,,
2026-09-28,NEE,NEE,해외주식,42,6057,,,,,,,8,329,,,,,,
2026-09-28,IMVT,IMVT,해외주식,42,67,,,,,,,12,22,,,,,,
2026-09-28,ALAB,ALAB,해외주식,42,1026,,,,,,,61,455,,,,,,
2026-09-28,IQQ,IQQ,해외주식,42,1324,,,,,,,8,183,,,,,,
2026-09-28,MP,MP,해외주식,42,2882,,,,,,,15,433,,,,,,
2026-09-28,KLAC,KLAC,해외주식,41,1455,,,,,,,25,247,,,,,,
2026-09-28,IEF,IEF,해외주식,41,1447,,,,,,,26,448,,,,,,
2026-09-28,ANET,ANET,해외주식,41,1705,,,,,,,22,242,,,,,,
2026-09-28,TLTW,TLTW,해외주식,41,1041,,,,,,,30,210,,,,,,
2026-09-28,BOTZ,BOTZ,해외주식,41,3436,,,,,,,32,352,,,,,,
2026-09-28,SOUN,SOUN,해외주식,39,2694,,,,,,,12,257,,,,,,
2026-09-28,NOW,NOW,해외주식,39,1920,,,,,,,14,235,,,,,,
2026-09-28,DGRO,DGRO,해외주식,39,1825,,,,,,,7,177,,,,,,
2026-09-28,OUST,OUST,해외주식,39,837,,,,,,,5,180,,,,,,
2026-09-28,YMAX,YMAX,해외주식,39,1663,,,,,,,2,71,,,,,,
2026-09-28,MAIN,MAIN,해외주식,39,963,,,,,,,10,122,,,,,,
2026-09-28,INOD,INOD,해외주식,39,743,,,,,,,14,151,,,,,,
2026-09-28,LUNR,LUNR,해외주식,39,2077,,,,,,,8,238,,,,,,
2026-09-28,CBRS,CBRS,해외주식,39,931,,,,,,,25,258,,,,,,
2026-09-28,TER,TER,해외주식,38,1210,,,,,,,39,221,,,,,,
2026-09-28,ZIM,ZIM,해외주식,38,3394,,,,,,,3,60,,,,,,
2026-09-28,VYM,VYM,해외주식,37,2897,,,,,,,12,260,,,,,,
2026-09-28,MGK,MGK,해외주식,37,1436,,,,,,,27,187,,,,,,
2026-09-28,STX,STX,해외주식,37,1990,,,,,,,42,224,,,,,,
2026-09-28,GS,GS,해외주식,37,4078,,,,,,,23,443,,,,,,
2026-09-28,CAT,CAT,해외주식,36,2218,,,,,,,22,210,,,,,,
2026-09-28,WM,WM,해외주식,36,2968,,,,,,,6,186,,,,,,
2026-09-28,GDXU,GDXU,해외주식,36,580,,,,,,,12,82,,,,,,
2026-09-28,NDAQ,NDAQ,해외주식,36,3774,,,,,,,16,150,,,,,,
2026-09-28,LCID,LCID,해외주식,36,19539,,,,,,,4,966,,,,,,
2026-09-28,EH,EH,해외주식,36,759,,,,,,,7,116,,,,,,
2026-09-28,STRC,STRC,해외주식,34,286,,,,,,,15,90,,,,,,
2026-09-28,ETN,ETN,해외주식,34,1679,,,,,,,31,221,,,,,,
2026-09-28,NVTS,NVTS,해외주식,34,1286,,,,,,,18,254,,,,,,
2026-09-28,GE,GE,해외주식,34,3034,,,,,,,33,271,,,,,,
2026-09-28,CDNS,CDNS,해외주식,34,664,,,,,,,141,264,,,,,,
2026-09-28,NET,NET,해외주식,34,1788,,,,,,,250,995,,,,,,
2026-09-28,BLK,BLK,해외주식,33,3904,,,,,,,7,183,,,,,,
2026-09-28,VGT,VGT,해외주식,33,1262,,,,,,,15,212,,,,,,
2026-09-28,HIMS,HIMS,해외주식,33,1001,,,,,,,34,171,,,,,,
2026-09-28,SPXL,SPXL,해외주식,33,300,,,,,,,11,95,,,,,,
2026-09-28,PGY,PGY,해외주식,33,1093,,,,,,,6,145,,,,,,
2026-09-28,IRE,IRE,해외주식,33,568,,,,,,,23,41,,,,,,
2026-09-28,SPYD,SPYD,해외주식,32,2206,,,,,,,14,229,,,,,,
2026-09-28,ARKG,ARKG,해외주식,32,1772,,,,,,,9,298,,,,,,
2026-09-28,CLS,CLS,해외주식,32,501,,,,,,,29,136,,,,,,
2026-09-28,ULTY,ULTY,해외주식,32,1555,,,,,,,4,177,,,,,,
2026-09-28,VUG,VUG,해외주식,32,2309,,,,,,,6,109,,,,,,
2026-09-28,NOK,NOK,해외주식,31,1500,,,,,,,10,182,,,,,,
2026-09-28,XLE,XLE,해외주식,31,1941,,,,,,,44,623,,,,,,
2026-09-28,ONDS,ONDS,해외주식,31,1407,,,,,,,8,179,,,,,,
2026-09-28,QDVO,QDVO,해외주식,31,701,,,,,,,4,74,,,,,,
2026-09-28,ACHR,ACHR,해외주식,31,1911,,,,,,,9,225,,,,,,
2026-09-28,SIVR,SIVR,해외주식,31,428,,,,,,,7,62,,,,,,
2026-09-28,CRM,CRM,해외주식,31,3546,,,,,,,38,436,,,,,,
2026-09-28,LABU,LABU,해외주식,30,405,,,,,,,27,74,,,,,,
2026-09-28,PYPL,PYPL,해외주식,30,7112,,,,,,,10,450,,,,,,
2026-09-28,TTWO,TTWO,해외주식,30,1820,,,,,,,3,81,,,,,,
2026-09-28,DHY,DHY,해외주식,30,310608,,,,,,,0,404,,,,,,
2026-09-28,LIT,LIT,해외주식,29,3435,,,,,,,18,369,,,,,,
2026-09-28,BABA,BABA,해외주식,29,1471,,,,,,,65,508,,,,,,
2026-09-28,NVAX,NVAX,해외주식,29,5584,,,,,,,6,188,,,,,,
2026-09-28,BTQ,BTQ,해외주식,29,1357,,,,,,,8,272,,,,,,
2026-09-28,AIPO,AIPO,해외주식,29,1041,,,,,,,16,207,,,,,,
2026-09-28,BND,BND,해외주식,29,2816,,,,,,,8,342,,,,,,
2026-09-28,AGQ,AGQ,해외주식,29,561,,,,,,,10,82,,,,,,
2026-09-28,EDV,EDV,해외주식,28,195,,,,,,,2,26,,,,,,
2026-09-28,DIVO,DIVO,해외주식,28,834,,,,,,,11,105,,,,,,
2026-09-28,XLV,XLV,해외주식,28,1582,,,,,,,11,205,,,,,,
2026-09-28,VNQ,VNQ,해외주식,28,2639,,,,,,,10,362,,,,,,
2026-09-28,RKLX,RKLX,해외주식,27,508,,,,,,,3,55,,,,,,
2026-09-28,GPIX,GPIX,해외주식,27,405,,,,,,,8,53,,,,,,
2026-09-28,ORCX,ORCX,해외주식,27,490,,,,,,,7,68,,,,,,
2026-09-28,MMM,MMM,해외주식,27,4642,,,,,,,7,180,,,,,,
2026-09-28,FIG,FIG,해외주식,26,1740,,,,,,,6,253,,,,,,
2026-09-28,CSCO,CSCO,해외주식,26,3096,,,,,,,8,197,,,,,,
2026-09-28,FLNC,FLNC,해외주식,25,1433,,,,,,,11,264,,,,,,
2026-09-28,SCHB,SCHB,해외주식,25,480,,,,,,,139,2332,,,,,,
2026-09-28,CRSP,CRSP,해외주식,25,1722,,,,,,,7,275,,,,,,
2026-09-28,DXYZ,DXYZ,해외주식,25,1435,,,,,,,9,261,,,,,,
2026-09-28,SPG,SPG,해외주식,24,2751,,,,,,,4,116,,,,,,
2026-09-28,OPEN,OPEN,해외주식,24,2413,,,,,,,2,221,,,,,,
2026-09-28,METU,METU,해외주식,24,619,,,,,,,9,52,,,,,,
2026-09-28,SPGI,SPGI,해외주식,24,2356,,,,,,,15,174,,,,,,
2026-09-28,LULU,LULU,해외주식,24,2403,,,,,,,4,178,,,,,,
2026-09-28,TECL,TECL,해외주식,24,246,,,,,,,25,83,,,,,,
2026-09-28,AAOI,AAOI,해외주식,24,625,,,,,,,35,182,,,,,,
2026-09-28,ZETA,ZETA,해외주식,23,660,,,,,,,3,62,,,,,,
2026-09-28,APH,APH,해외주식,23,863,,,,,,,34,59,,,,,,
2026-09-28,PWR,PWR,해외주식,23,7385,,,,,,,6,305,,,,,,
2026-09-28,ABNB,ABNB,해외주식,23,5727,,,,,,,13,318,,,,,,
2026-09-28,QNDX,QNDX,해외주식,23,812,,,,,,,10,106,,,,,,
2026-09-28,SHV,SHV,해외주식,23,580,,,,,,,10,396,,,,,,
2026-09-28,IAUM,IAUM,해외주식,23,455,,,,,,,6,59,,,,,,
2026-09-28,SPOT,SPOT,해외주식,23,5719,,,,,,,8,212,,,,,,
2026-09-28,ARCC,ARCC,해외주식,22,719,,,,,,,18,124,,,,,,
2026-09-28,ETHT,ETHT,해외주식,22,422,,,,,,,15,102,,,,,,
2026-09-28,XOVR,XOVR,해외주식,22,1288,,,,,,,4,156,,,,,,
2026-09-28,QDTE,QDTE,해외주식,22,495,,,,,,,3,69,,,,,,
2026-09-28,RZLV,RZLV,해외주식,22,1371,,,,,,,3,123,,,,,,
2026-09-28,KEEL,KEEL,해외주식,22,1106,,,,,,,5,133,,,,,,
2026-09-28,UAL,UAL,해외주식,21,1845,,,,,,,7,81,,,,,,
2026-09-28,AIQ,AIQ,해외주식,21,570,,,,,,,9,125,,,,,,
2026-09-28,AXP,AXP,해외주식,21,2747,,,,,,,6,158,,,,,,
2026-09-28,USAR,USAR,해외주식,20,732,,,,,,,3,107,,,,,,
2026-09-28,VWO,VWO,해외주식,20,782,,,,,,,133,5656,,,,,,
2026-09-28,VTV,VTV,해외주식,20,1568,,,,,,,4,96,,,,,,
2026-09-28,SDGR,SDGR,해외주식,20,1423,,,,,,,5,186,,,,,,
2026-09-28,ASST,ASST,해외주식,20,362,,,,,,,18,114,,,,,,
2026-09-28,FSLR,FSLR,해외주식,19,2228,,,,,,,25,234,,,,,,
2026-09-28,DGRW,DGRW,해외주식,19,508,,,,,,,5,96,,,,,,
2026-09-28,MARA,MARA,해외주식,19,788,,,,,,,22,227,,,,,,
2026-09-28,EWY,EWY,해외주식,19,676,,,,,,,9,99,,,,,,
2026-09-28,RDDT,RDDT,해외주식,19,1170,,,,,,,14,150,,,,,,
2026-09-28,ALB,ALB,해외주식,19,3181,,,,,,,13,259,,,,,,
2026-09-28,NEM,NEM,해외주식,19,2822,,,,,,,7,164,,,,,,
2026-09-28,GDX,GDX,해외주식,19,381,,,,,,,12,72,,,,,,
2026-09-28,RTX,RTX,해외주식,19,3092,,,,,,,4,160,,,,,,
2026-09-28,MVLL,MVLL,해외주식,18,271,,,,,,,20,31,,,,,,
2026-09-28,MA,MA,해외주식,18,5809,,,,,,,7,210,,,,,,
2026-09-28,TXN,TXN,해외주식,18,1335,,,,,,,21,121,,,,,,
2026-09-28,VXUS,VXUS,해외주식,18,768,,,,,,,7,78,,,,,,
2026-09-28,MSTX,MSTX,해외주식,18,485,,,,,,,7,96,,,,,,
2026-09-28,C,C,해외주식,18,1591,,,,,,,4,85,,,,,,
2026-09-28,UPS,UPS,해외주식,18,1428,,,,,,,2,76,,,,,,
2026-09-28,SCO,SCO,해외주식,18,257,,,,,,,11,42,,,,,,
2026-09-28,KMI,KMI,해외주식,18,3393,,,,,,,2,97,,,,,,
2026-09-28,FBL,FBL,해외주식,18,247,,,,,,,2,24,,,,,,
2026-09-28,OHI,OHI,해외주식,18,633,,,,,,,14,141,,,,,,
2026-09-28,UEC,UEC,해외주식,18,1010,,,,,,,7,162,,,,,,
2026-09-28,ARKX,ARKX,해외주식,18,1178,,,,,,,12,183,,,,,,
2026-09-28,WBD,WBD,해외주식,17,77115,,,,,,,6,496,,,,,,
2026-09-28,CRML,CRML,해외주식,17,811,,,,,,,6,114,,,,,,
2026-09-28,PLTY,PLTY,해외주식,17,482,,,,,,,4,59,,,,,,
2026-09-28,BLSH,BLSH,해외주식,17,273,,,,,,,8,53,,,,,,
2026-09-28,VEA,VEA,해외주식,17,1424,,,,,,,4,139,,,,,,
2026-09-28,SOLT,SOLT,해외주식,17,338,,,,,,,3,37,,,,,,
2026-09-28,ABSI,ABSI,해외주식,17,455,,,,,,,8,47,,,,,,
2026-09-28,JAAA,JAAA,해외주식,17,127,,,,,,,9,16,,,,,,
2026-09-28,NAIL,NAIL,해외주식,17,227,,,,,,,2,47,,,,,,
2026-09-28,INTW,INTW,해외주식,17,156,,,,,,,18,29,,,,,,
2026-09-28,PM,PM,해외주식,16,1861,,,,,,,7,140,,,,,,
2026-09-28,GM,GM,해외주식,16,3308,,,,,,,17,334,,,,,,
2026-09-28,URA,URA,해외주식,16,814,,,,,,,8,163,,,,,,
2026-09-28,AUR,AUR,해외주식,16,256,,,,,,,1,21,,,,,,
2026-09-28,FCX,FCX,해외주식,16,1577,,,,,,,17,233,,,,,,
2026-09-28,CRCA,CRCA,해외주식,16,392,,,,,,,42,68,,,,,,
2026-09-28,SNDU,SNDU,해외주식,16,144,,,,,,,2,8,,,,,,
2026-09-28,SEDG,SEDG,해외주식,15,1833,,,,,,,6,138,,,,,,
2026-09-28,NTLA,NTLA,해외주식,15,1065,,,,,,,4,157,,,,,,
2026-09-28,NTRA,NTRA,해외주식,15,424,,,,,,,4,44,,,,,,
2026-09-28,XLF,XLF,해외주식,15,1095,,,,,,,7,360,,,,,,
2026-09-28,KHC,KHC,해외주식,15,2288,,,,,,,3,125,,,,,,
2026-09-28,AIPI,AIPI,해외주식,15,256,,,,,,,9,65,,,,,,
2026-09-28,ICLN,ICLN,해외주식,15,1925,,,,,,,6,261,,,,,,
2026-09-28,TSLR,TSLR,해외주식,15,97,,,,,,,4,13,,,,,,
2026-09-28,INDA,INDA,해외주식,15,1734,,,,,,,4,216,,,,,,
2026-09-28,XXRP,XXRP,해외주식,15,286,,,,,,,1,20,,,,,,
2026-09-28,AVAV,AVAV,해외주식,15,636,,,,,,,28,131,,,,,,
2026-09-28,RSP,RSP,해외주식,15,666,,,,,,,4,83,,,,,,
2026-09-28,BWXT,BWXT,해외주식,15,595,,,,,,,3,82,,,,,,
2026-09-28,GRAB,GRAB,해외주식,15,1456,,,,,,,4,142,,,,,,
2026-09-28,ARQQ,ARQQ,해외주식,15,908,,,,,,,40,168,,,,,,
2026-09-28,CIBR,CIBR,해외주식,15,1102,,,,,,,9,111,,,,,,
2026-09-28,PATH,PATH,해외주식,15,1218,,,,,,,10,137,,,,,,
2026-09-28,ALM,ALM,해외주식,15,496,,,,,,,4,69,,,,,,
2026-09-28,QURE,QURE,해외주식,14,113,,,,,,,1,8,,,,,,
2026-09-28,NVDX,NVDX,해외주식,14,297,,,,,,,5,62,,,,,,
2026-09-28,BAH,BAH,해외주식,14,483,,,,,,,3,70,,,,,,
2026-09-28,FRMI,FRMI,해외주식,14,784,,,,,,,2,122,,,,,,
2026-09-28,BBAI,BBAI,해외주식,14,2031,,,,,,,2,167,,,,,,
2026-09-28,SHY,SHY,해외주식,14,1092,,,,,,,8,114,,,,,,
2026-09-28,GCTS,GCTS,해외주식,14,266,,,,,,,20,55,,,,,,
2026-09-28,POET,POET,해외주식,14,798,,,,,,,9,107,,,,,,
2026-09-28,NVDQ,NVDQ,해외주식,14,103,,,,,,,0,7,,,,,,
2026-09-28,SIL,SIL,해외주식,14,131,,,,,,,16,34,,,,,,
2026-09-28,TOPT,TOPT,해외주식,14,294,,,,,,,3,37,,,,,,
2026-09-28,DNA,DNA,해외주식,14,461,,,,,,,2,46,,,,,,
2026-09-28,COPX,COPX,해외주식,14,524,,,,,,,7,100,,,,,,
2026-09-28,CCJ,CCJ,해외주식,14,718,,,,,,,18,192,,,,,,
2026-09-28,GRID,GRID,해외주식,14,516,,,,,,,8,92,,,,,,
2026-09-28,AAL,AAL,해외주식,14,3344,,,,,,,4,168,,,,,,
2026-09-28,SBET,SBET,해외주식,13,727,,,,,,,15,121,,,,,,
2026-09-28,EGO,EGO,해외주식,13,6,,,,,,,0,0,,,,,,
2026-09-28,PDI,PDI,해외주식,13,259,,,,,,,4,43,,,,,,
2026-09-28,DDOG,DDOG,해외주식,13,1150,,,,,,,28,325,,,,,,
2026-09-28,UDOW,UDOW,해외주식,13,127,,,,,,,1,10,,,,,,
2026-09-28,ARKQ,ARKQ,해외주식,13,1137,,,,,,,11,155,,,,,,
2026-09-28,YINN,YINN,해외주식,13,455,,,,,,,35,263,,,,,,
2026-09-28,IRM,IRM,해외주식,13,1838,,,,,,,3,59,,,,,,
2026-09-28,ENPH,ENPH,해외주식,13,1951,,,,,,,3,148,,,,,,
2026-09-28,RCAT,RCAT,해외주식,13,565,,,,,,,2,67,,,,,,
2026-09-28,QQQY,QQQY,해외주식,13,397,,,,,,,2,42,,,,,,
2026-09-28,SYM,SYM,해외주식,13,661,,,,,,,2,74,,,,,,
2026-09-28,BOIL,BOIL,해외주식,13,322,,,,,,,24,42,,,,,,
2026-09-28,TSMX,TSMX,해외주식,13,117,,,,,,,1,21,,,,,,
2026-09-28,APLD,APLD,해외주식,13,344,,,,,,,2,42,,,,,,
2026-09-28,PFF,PFF,해외주식,13,2375,,,,,,,5,103,,,,,,
2026-09-28,SMHX,SMHX,해외주식,13,186,,,,,,,16,89,,,,,,
2026-09-28,UPST,UPST,해외주식,13,1719,,,,,,,9,95,,,,,,
2026-09-28,F,F,해외주식,12,4446,,,,,,,3,470,,,,,,
2026-09-28,SGOL,SGOL,해외주식,12,580,,,,,,,104,5138,,,,,,
2026-09-28,ITA,ITA,해외주식,12,514,,,,,,,8,153,,,,,,
2026-09-28,KBWY,KBWY,해외주식,12,388,,,,,,,2,84,,,,,,
2026-09-28,CVNA,CVNA,해외주식,12,562,,,,,,,9,35,,,,,,
2026-09-28,WOLF,WOLF,해외주식,12,346,,,,,,,1,54,,,,,,
2026-09-28,IGV,IGV,해외주식,12,675,,,,,,,11,178,,,,,,
2026-09-28,QTOP,QTOP,해외주식,12,413,,,,,,,6,73,,,,,,
2026-09-28,VYMI,VYMI,해외주식,12,1250,,,,,,,1,50,,,,,,
2026-09-28,TTD,TTD,해외주식,12,619,,,,,,,1,66,,,,,,
2026-09-28,FTEC,FTEC,해외주식,12,89,,,,,,,14,140,,,,,,
2026-09-28,IONL,IONL,해외주식,12,170,,,,,,,1,15,,,,,,
2026-09-28,NFXL,NFXL,해외주식,12,184,,,,,,,1,15,,,,,,
2026-09-28,XRPT,XRPT,해외주식,12,216,,,,,,,4,30,,,,,,
2026-09-28,AEHR,AEHR,해외주식,12,259,,,,,,,1,28,,,,,,
2026-09-28,AVL,AVL,해외주식,12,111,,,,,,,2,17,,,,,,
2026-09-28,GILD,GILD,해외주식,12,1343,,,,,,,6,76,,,,,,
2026-09-28,AMDY,AMDY,해외주식,12,215,,,,,,,5,21,,,,,,
2026-09-28,AMGN,AMGN,해외주식,11,2775,,,,,,,6,95,,,,,,
2026-09-28,SPCH,SPCH,해외주식,11,352,,,,,,,1,29,,,,,,
2026-09-28,DFEN,DFEN,해외주식,11,163,,,,,,,1,21,,,,,,
2026-09-28,XLU,XLU,해외주식,11,571,,,,,,,5,115,,,,,,
2026-09-28,SERV,SERV,해외주식,11,1216,,,,,,,10,212,,,,,,
2026-09-28,CWEB,CWEB,해외주식,11,308,,,,,,,2,39,,,,,,
2026-09-28,EPR,EPR,해외주식,11,179,,,,,,,4,29,,,,,,
2026-09-28,NYT,NYT,해외주식,11,4813,,,,,,,1,200,,,,,,
2026-09-28,KMB,KMB,해외주식,11,1676,,,,,,,7,373,,,,,,
2026-09-28,SPCE,SPCE,해외주식,11,5132,,,,,,,2,308,,,,,,
2026-09-28,ON,ON,해외주식,11,813,,,,,,,37,139,,,,,,
2026-09-28,EQIX,EQIX,해외주식,11,1274,,,,,,,2,60,,,,,,
2026-09-28,VLO,VLO,해외주식,11,578,,,,,,,10,602,,,,,,
2026-09-28,FEPI,FEPI,해외주식,11,199,,,,,,,1,15,,,,,,
2026-09-28,CHPY,CHPY,해외주식,11,176,,,,,,,3,29,,,,,,
2026-09-28,ADM,ADM,해외주식,11,828,,,,,,,1,64,,,,,,
2026-09-28,CROX,CROX,해외주식,11,1482,,,,,,,1,48,,,,,,
2026-09-28,PDBC,PDBC,해외주식,11,343,,,,,,,3,419,,,,,,
2026-09-28,UFO,UFO,해외주식,10,596,,,,,,,7,120,,,,,,
2026-09-28,RACE,RACE,해외주식,10,2653,,,,,,,3,92,,,,,,
2026-09-28,CLSK,CLSK,해외주식,10,327,,,,,,,4,61,,,,,,
2026-09-28,TE,TE,해외주식,10,765,,,,,,,2,59,,,,,,
2026-09-28,SMU,SMU,해외주식,10,574,,,,,,,11,155,,,,,,
2026-09-28,ARKF,ARKF,해외주식,10,746,,,,,,,5,118,,,,,,
2026-09-28,AMKR,AMKR,해외주식,10,645,,,,,,,8,76,,,,,,
2026-09-28,HPE,HPE,해외주식,10,455,,,,,,,4,76,,,,,,
2026-09-28,LAC,LAC,해외주식,10,1406,,,,,,,2,177,,,,,,
2026-09-28,TGT,TGT,해외주식,10,1550,,,,,,,1,85,,,,,,
2026-09-28,SENS,SENS,해외주식,10,213,,,,,,,0,22,,,,,,
2026-09-28,ILMN,ILMN,해외주식,10,878,,,,,,,3,40,,,,,,
2026-09-28,FTNT,FTNT,해외주식,10,1001,,,,,,,3,73,,,,,,
2026-09-28,SLS,SLS,해외주식,10,48,,,,,,,2,1,,,,,,
2026-09-28,XYZ,XYZ,해외주식,10,4006,,,,,,,5,237,,,,,,
2026-09-28,SHOP,SHOP,해외주식,10,1856,,,,,,,5,112,,,,,,
2026-09-28,KOPN,KOPN,해외주식,10,863,,,,,,,1,65,,,,,,
2026-09-28,BRK/A,BRK/A,해외주식,10,1,,,,,,,103,4,,,,,,
2026-09-28,AMC,AMC,해외주식,10,1539,,,,,,,1,126,,,,,,
2026-09-28,NU,NU,해외주식,10,605,,,,,,,2,45,,,,,,
2026-09-28,SMCX,SMCX,해외주식,9,165,,,,,,,0,15,,,,,,
2026-09-28,ROBN,ROBN,해외주식,9,66,,,,,,,4,10,,,,,,
2026-09-28,WBTN,WBTN,해외주식,9,633,,,,,,,9,79,,,,,,
2026-09-28,DOW,DOW,해외주식,9,2651,,,,,,,1,88,,,,,,
2026-09-28,VHT,VHT,해외주식,9,521,,,,,,,0,36,,,,,,
2026-09-28,XAR,XAR,해외주식,9,1426,,,,,,,1,51,,,,,,
2026-09-28,MPWR,MPWR,해외주식,9,322,,,,,,,2,36,,,,,,
2026-09-28,BB,BB,해외주식,9,592,,,,,,,1,61,,,,,,
2026-09-28,FCEL,FCEL,해외주식,9,781,,,,,,,2,92,,,,,,
2026-09-28,MS,MS,해외주식,9,1541,,,,,,,3,75,,,,,,
2026-09-28,AVGX,AVGX,해외주식,9,167,,,,,,,2,29,,,,,,
2026-09-28,CIEN,CIEN,해외주식,9,464,,,,,,,23,128,,,,,,
2026-09-28,UMAC,UMAC,해외주식,9,347,,,,,,,10,91,,,,,,
2026-09-28,ASTX,ASTX,해외주식,9,379,,,,,,,3,31,,,,,,
2026-09-28,BIDU,BIDU,해외주식,9,510,,,,,,,6,148,,,,,,
2026-09-28,UVIX,UVIX,해외주식,9,218,,,,,,,1,17,,,,,,
2026-09-28,RGTX,RGTX,해외주식,9,334,,,,,,,0,29,,,,,,
2026-09-28,SCCO,SCCO,해외주식,9,849,,,,,,,3,97,,,,,,
2026-09-28,AGG,AGG,해외주식,9,1161,,,,,,,2,103,,,,,,
2026-09-28,ARR,ARR,해외주식,9,510,,,,,,,3,36,,,,,,
2026-09-28,DJT,DJT,해외주식,9,843,,,,,,,7,138,,,,,,
2026-09-28,DX,DX,해외주식,9,284,,,,,,,2,23,,,,,,
2026-09-28,EWJ,EWJ,해외주식,9,751,,,,,,,84,5200,,,,,,
2026-09-28,YMAG,YMAG,해외주식,8,364,,,,,,,1,37,,,,,,
2026-09-28,BTCI,BTCI,해외주식,8,93,,,,,,,0,9,,,,,,
2026-09-28,NNOX,NNOX,해외주식,8,1837,,,,,,,3,283,,,,,,
2026-09-28,XLP,XLP,해외주식,8,312,,,,,,,2,49,,,,,,
2026-09-28,AMDG,AMDG,해외주식,8,13,,,,,,,11,4,,,,,,
2026-09-28,LITX,LITX,해외주식,8,95,,,,,,,23,15,,,,,,
2026-09-28,VEON,VEON,해외주식,8,66,,,,,,,4,7,,,,,,
2026-09-28,GOF,GOF,해외주식,8,361,,,,,,,4,68,,,,,,
2026-09-28,HWM,HWM,해외주식,8,506,,,,,,,5,80,,,,,,
2026-09-28,CDLR,CDLR,해외주식,8,7,,,,,,,0,1,,,,,,
2026-09-28,BKNG,BKNG,해외주식,8,2069,,,,,,,3,81,,,,,,
2026-09-28,EOSE,EOSE,해외주식,8,824,,,,,,,1,68,,,,,,
2026-09-28,NVDU,NVDU,해외주식,8,125,,,,,,,1,12,,,,,,
2026-09-28,NXPI,NXPI,해외주식,8,957,,,,,,,11,142,,,,,,
2026-09-28,PLTW,PLTW,해외주식,8,237,,,,,,,2,33,,,,,,
2026-09-28,STM,STM,해외주식,8,305,,,,,,,1,33,,,,,,
2026-09-28,USO,USO,해외주식,8,95,,,,,,,2,16,,,,,,
2026-09-28,ZS,ZS,해외주식,8,1083,,,,,,,4,62,,,,,,
2026-09-28,QID,QID,해외주식,8,139,,,,,,,1,27,,,,,,
2026-09-28,METV,METV,해외주식,8,870,,,,,,,14,220,,,,,,
2026-09-28,IWM,IWM,해외주식,8,652,,,,,,,5,106,,,,,,
2026-09-28,BEAM,BEAM,해외주식,8,295,,,,,,,1,39,,,,,,
2026-09-28,SDRL,SDRL,해외주식,8,58,,,,,,,1,9,,,,,,
2026-09-28,IEMG,IEMG,해외주식,8,751,,,,,,,2,214,,,,,,
2026-09-28,AI,AI,해외주식,8,982,,,,,,,2,132,,,,,,
2026-09-28,WFC,WFC,해외주식,8,933,,,,,,,3,77,,,,,,
2026-09-28,KTOS,KTOS,해외주식,8,551,,,,,,,9,129,,,,,,
2026-09-28,LPTH,LPTH,해외주식,8,226,,,,,,,2,32,,,,,,
2026-09-28,MBOT,MBOT,해외주식,8,498,,,,,,,2,57,,,,,,
2026-09-28,MULL,MULL,해외주식,8,94,,,,,,,2,19,,,,,,
2026-09-28,ENB,ENB,해외주식,8,516,,,,,,,2,40,,,,,,
2026-09-28,HOOW,HOOW,해외주식,7,179,,,,,,,3,25,,,,,,
2026-09-28,CME,CME,해외주식,7,366,,,,,,,1,35,,,,,,
2026-09-28,AXTI,AXTI,해외주식,7,167,,,,,,,2,29,,,,,,
2026-09-28,MRNY,MRNY,해외주식,7,204,,,,,,,1,21,,,,,,
2026-09-28,INTU,INTU,해외주식,7,1353,,,,,,,2,82,,,,,,
2026-09-28,JOBX,JOBX,해외주식,7,151,,,,,,,0,18,,,,,,
2026-09-28,ONON,ONON,해외주식,7,476,,,,,,,4,74,,,,,,
2026-09-28,STZ,STZ,해외주식,7,1012,,,,,,,1,50,,,,,,
2026-09-28,AUTL,AUTL,해외주식,7,32,,,,,,,1,9,,,,,,
2026-09-28,SECZ,SECZ,해외주식,7,104,,,,,,,4,18,,,,,,
2026-09-28,WELL,WELL,해외주식,7,590,,,,,,,1,48,,,,,,
2026-09-28,UGL,UGL,해외주식,7,202,,,,,,,1,28,,,,,,
2026-09-28,ARKW,ARKW,해외주식,7,360,,,,,,,5,84,,,,,,
2026-09-28,SIDU,SIDU,해외주식,7,748,,,,,,,1,63,,,,,,
2026-09-28,AOR,AOR,해외주식,7,402,,,,,,,2,63,,,,,,
2026-09-28,MOAT,MOAT,해외주식,7,429,,,,,,,2,38,,,,,,
2026-09-28,BIIB,BIIB,해외주식,7,997,,,,,,,1,43,,,,,,
2026-09-28,MAR,MAR,해외주식,7,1177,,,,,,,0,43,,,,,,
2026-09-28,XYLD,XYLD,해외주식,7,228,,,,,,,5,33,,,,,,
2026-09-28,EWU,EWU,해외주식,7,442,,,,,,,99,5381,,,,,,
2026-09-28,RUN,RUN,해외주식,7,2659,,,,,,,0,95,,,,,,
2026-09-28,CRCG,CRCG,해외주식,7,215,,,,,,,1,20,,,,,,
2026-09-28,ETHD,ETHD,해외주식,7,43,,,,,,,2,5,,,,,,
2026-09-28,VICI,VICI,해외주식,7,278,,,,,,,2,32,,,,,,
2026-09-28,AMZU,AMZU,해외주식,7,221,,,,,,,7,28,,,,,,
2026-09-28,CHAT,CHAT,해외주식,7,144,,,,,,,6,38,,,,,,
2026-09-28,DPST,DPST,해외주식,7,55,,,,,,,0,5,,,,,,
2026-09-28,GIS,GIS,해외주식,7,766,,,,,,,1,44,,,,,,
2026-09-28,QNT,QNT,해외주식,7,272,,,,,,,2,44,,,,,,
2026-09-28,QMCO,QMCO,해외주식,7,341,,,,,,,1,33,,,,,,
2026-09-28,SPYV,SPYV,해외주식,7,660,,,,,,,2,57,,,,,,
2026-09-28,DE,DE,해외주식,7,889,,,,,,,3,47,,,,,,
2026-09-28,EWG,EWG,해외주식,7,428,,,,,,,106,5344,,,,,,
2026-09-28,CCUP,CCUP,해외주식,7,146,,,,,,,1,20,,,,,,
2026-09-28,CIFR,CIFR,해외주식,7,280,,,,,,,3,56,,,,,,
2026-09-28,GDXY,GDXY,해외주식,7,171,,,,,,,0,14,,,,,,
2026-09-28,MAGX,MAGX,해외주식,7,103,,,,,,,2,19,,,,,,
2026-09-28,PPLT,PPLT,해외주식,7,1258,,,,,,,2,64,,,,,,
2026-09-28,CMCSA,CMCSA,해외주식,7,2093,,,,,,,0,99,,,,,,
2026-09-28,XE,XE,해외주식,7,309,,,,,,,1,34,,,,,,
2026-09-28,DUOL,DUOL,해외주식,7,245,,,,,,,16,123,,,,,,
2026-09-28,DRIV,DRIV,해외주식,7,1384,,,,,,,3,101,,,,,,
2026-09-28,KVUE,KVUE,해외주식,7,497,,,,,,,2,45,,,,,,
2026-09-28,VGIT,VGIT,해외주식,7,179,,,,,,,9,27,,,,,,
2026-09-28,IREX,IREX,해외주식,6,110,,,,,,,0,6,,,,,,
2026-09-28,FIX,FIX,해외주식,6,392,,,,,,,6,60,,,,,,
2026-09-28,VGLT,VGLT,해외주식,6,72,,,,,,,2,12,,,,,,
2026-09-28,MSTW,MSTW,해외주식,6,89,,,,,,,2,12,,,,,,
2026-09-28,VKTX,VKTX,해외주식,6,314,,,,,,,5,69,,,,,,
2026-09-28,HD,HD,해외주식,6,1676,,,,,,,2,82,,,,,,
2026-09-28,RA,RA,해외주식,6,153,,,,,,,1,19,,,,,,
2026-09-28,HRL,HRL,해외주식,6,1005,,,,,,,0,37,,,,,,
2026-09-28,OKE,OKE,해외주식,6,722,,,,,,,2,51,,,,,,
2026-09-28,XPEV,XPEV,해외주식,6,626,,,,,,,2,156,,,,,,
2026-09-28,EL,EL,해외주식,6,2309,,,,,,,7,123,,,,,,
2026-09-28,BTI,BTI,해외주식,6,195,,,,,,,2,313,,,,,,
2026-09-28,LIN,LIN,해외주식,6,618,,,,,,,2,65,,,,,,
2026-09-28,NIO,NIO,해외주식,6,1929,,,,,,,6,335,,,,,,
2026-09-28,TMC,TMC,해외주식,6,498,,,,,,,3,85,,,,,,
2026-09-28,DLLL,DLLL,해외주식,6,67,,,,,,,0,4,,,,,,
2026-09-28,EXPD,EXPD,해외주식,6,50,,,,,,,0,4,,,,,,
2026-09-28,AMT,AMT,해외주식,6,1252,,,,,,,3,76,,,,,,
2026-09-28,PAVE,PAVE,해외주식,6,539,,,,,,,5,75,,,,,,
2026-09-28,SPLV,SPLV,해외주식,6,1606,,,,,,,0,53,,,,,,
2026-09-28,ECHO,ECHO,해외주식,6,341,,,,,,,2,47,,,,,,
2026-09-28,KOLD,KOLD,해외주식,6,81,,,,,,,0,5,,,,,,
2026-09-28,QBTX,QBTX,해외주식,6,81,,,,,,,0,12,,,,,,
2026-09-28,ROBO,ROBO,해외주식,6,247,,,,,,,8,67,,,,,,
2026-09-28,ABTC,ABTC,해외주식,6,422,,,,,,,1,47,,,,,,
2026-09-28,CMG,CMG,해외주식,6,919,,,,,,,1,81,,,,,,
2026-09-28,LUV,LUV,해외주식,6,1636,,,,,,,2,89,,,,,,
2026-09-28,TNA,TNA,해외주식,6,151,,,,,,,2,18,,,,,,
2026-09-28,HTGC,HTGC,해외주식,6,157,,,,,,,0,13,,,,,,
2026-09-28,USIG,USIG,해외주식,6,394,,,,,,,107,5058,,,,,,
2026-09-28,UUUU,UUUU,해외주식,6,509,,,,,,,3,79,,,,,,
2026-09-28,WULF,WULF,해외주식,6,333,,,,,,,1,39,,,,,,
2026-09-28,DASH,DASH,해외주식,6,1402,,,,,,,7,63,,,,,,
2026-09-28,EWZ,EWZ,해외주식,6,714,,,,,,,4,216,,,,,,
2026-09-28,PINS,PINS,해외주식,6,3727,,,,,,,1,120,,,,,,
2026-09-28,BX,BX,해외주식,6,1949,,,,,,,2,92,,,,,,
2026-09-28,AMBA,AMBA,해외주식,6,182,,,,,,,2,36,,,,,,
2026-09-28,OKLL,OKLL,해외주식,6,522,,,,,,,2,57,,,,,,
2026-09-28,ADI,ADI,해외주식,6,676,,,,,,,3,60,,,,,,
2026-09-28,DUK,DUK,해외주식,6,2312,,,,,,,2,375,,,,,,
2026-09-28,AAPU,AAPU,해외주식,6,182,,,,,,,0,21,,,,,,
2026-09-28,ASX,ASX,해외주식,6,214,,,,,,,29,88,,,,,,
2026-09-28,RCL,RCL,해외주식,6,595,,,,,,,1,46,,,,,,
2026-09-28,SES,SES,해외주식,6,871,,,,,,,2,54,,,,,,
2026-09-28,ZTS,ZTS,해외주식,6,1118,,,,,,,1,62,,,,,,
2026-09-28,VOOG,VOOG,해외주식,6,165,,,,,,,2,34,,,,,,
2026-09-28,CB,CB,해외주식,6,612,,,,,,,17,108,,,,,,
2026-09-28,TSEM,TSEM,해외주식,6,63,,,,,,,7,73,,,,,,
2026-09-28,DPZ,DPZ,해외주식,5,1899,,,,,,,1,61,,,,,,
2026-09-28,HUT,HUT,해외주식,5,121,,,,,,,1,25,,,,,,
2026-09-28,IBB,IBB,해외주식,5,526,,,,,,,2,64,,,,,,
2026-09-28,IDV,IDV,해외주식,5,645,,,,,,,1,41,,,,,,
2026-09-28,IDVO,IDVO,해외주식,5,89,,,,,,,0,11,,,,,,
2026-09-28,SKYY,SKYY,해외주식,5,173,,,,,,,5,77,,,,,,
2026-09-28,USHY,USHY,해외주식,5,71,,,,,,,2,14,,,,,,
2026-09-28,HL,HL,해외주식,5,91,,,,,,,2,27,,,,,,
2026-09-28,TMO,TMO,해외주식,5,786,,,,,,,1,35,,,,,,
2026-09-28,VDC,VDC,해외주식,5,472,,,,,,,1,31,,,,,,
2026-09-28,ARBE,ARBE,해외주식,5,485,,,,,,,1,55,,,,,,
2026-09-28,BLOX,BLOX,해외주식,5,144,,,,,,,1,41,,,,,,
2026-09-28,SDIV,SDIV,해외주식,5,230,,,,,,,11,109,,,,,,
2026-09-28,TSLW,TSLW,해외주식,5,141,,,,,,,0,6,,,,,,
2026-09-28,VTIP,VTIP,해외주식,5,705,,,,,,,10,1650,,,,,,
2026-09-28,NNDM,NNDM,해외주식,5,1174,,,,,,,2,140,,,,,,
2026-09-28,SHEL,SHEL,해외주식,5,116,,,,,,,0,16,,,,,,
2026-09-28,HYT,HYT,해외주식,5,183,,,,,,,1,32,,,,,,
2026-09-28,NOC,NOC,해외주식,5,638,,,,,,,1,40,,,,,,
2026-09-28,ATOM,ATOM,해외주식,5,143,,,,,,,3,11,,,,,,
2026-09-28,BNTX,BNTX,해외주식,5,165,,,,,,,1,28,,,,,,
2026-09-28,KWEB,KWEB,해외주식,5,230,,,,,,,3,81,,,,,,
2026-09-28,MCHI,MCHI,해외주식,5,674,,,,,,,2,240,,,,,,
2026-09-28,REMX,REMX,해외주식,5,293,,,,,,,4,66,,,,,,
2026-09-28,TDOC,TDOC,해외주식,5,2304,,,,,,,1,222,,,,,,
2026-09-28,TNXP,TNXP,해외주식,5,471,,,,,,,1,47,,,,,,
2026-09-28,UNHG,UNHG,해외주식,5,126,,,,,,,0,12,,,,,,
2026-09-28,BST,BST,해외주식,5,120,,,,,,,3,31,,,,,,
2026-09-28,EIX,EIX,해외주식,5,1166,,,,,,,1,61,,,,,,
2026-09-28,MDT,MDT,해외주식,5,897,,,,,,,1,67,,,,,,
2026-09-28,RIG,RIG,해외주식,5,262,,,,,,,5,66,,,,,,
2026-09-28,TAN,TAN,해외주식,5,809,,,,,,,3,121,,,,,,
2026-09-28,EPAM,EPAM,해외주식,5,385,,,,,,,1,44,,,,,,
2026-09-28,BKSY,BKSY,해외주식,5,233,,,,,,,2,44,,,,,,
2026-09-28,VBIL,VBIL,해외주식,5,21,,,,,,,1,5,,,,,,
2026-09-28,TWST,TWST,해외주식,5,78,,,,,,,0,10,,,,,,
2026-09-28,ACN,ACN,해외주식,5,807,,,,,,,1,52,,,,,,
2026-09-28,RIOT,RIOT,해외주식,5,276,,,,,,,14,70,,,,,,
2026-09-28,BSX,BSX,해외주식,5,471,,,,,,,2,53,,,,,,
2026-09-28,CHPT,CHPT,해외주식,5,1646,,,,,,,1,217,,,,,,
2026-09-28,MRVU,MRVU,해외주식,5,69,,,,,,,1,8,,,,,,
2026-09-28,TRMD,TRMD,해외주식,5,294,,,,,,,0,14,,,,,,
2026-09-28,XNDU,XNDU,해외주식,5,542,,,,,,,1,46,,,,,,
2026-09-28,S,S,해외주식,5,516,,,,,,,0,35,,,,,,
2026-09-28,OKTA,OKTA,해외주식,5,378,,,,,,,184,920,,,,,,
2026-09-28,PENG,PENG,해외주식,5,181,,,,,,,1,27,,,,,,
2026-09-28,EWA,EWA,해외주식,5,422,,,,,,,70,5297,,,,,,
2026-09-28,FLY,FLY,해외주식,5,259,,,,,,,5,58,,,,,,
2026-09-28,APPS,APPS,해외주식,5,333,,,,,,,2,37,,,,,,
2026-09-28,CPER,CPER,해외주식,5,168,,,,,,,1,21,,,,,,
2026-09-28,MBLY,MBLY,해외주식,5,315,,,,,,,1,45,,,,,,
2026-09-28,SBIT,SBIT,해외주식,5,66,,,,,,,2,3,,,,,,
2026-09-28,SCHX,SCHX,해외주식,5,448,,,,,,,0,20,,,,,,
2026-09-28,CVS,CVS,해외주식,5,848,,,,,,,1,54,,,,,,
2026-09-28,ORC,ORC,해외주식,5,329,,,,,,,1,20,,,,,,
2026-09-28,AFRM,AFRM,해외주식,5,1308,,,,,,,2,64,,,,,,
2026-09-28,VG,VG,해외주식,5,88,,,,,,,1,17,,,,,,
2026-09-28,ABT,ABT,해외주식,5,876,,,,,,,2,62,,,,,,
2026-09-28,GFS,GFS,해외주식,5,391,,,,,,,10,109,,,,,,
2026-09-28,AGIX,AGIX,해외주식,5,233,,,,,,,1,31,,,,,,
2026-09-28,INMD,INMD,해외주식,5,327,,,,,,,2,50,,,,,,
2026-09-28,MELI,MELI,해외주식,5,756,,,,,,,1,40,,,,,,
2026-09-28,PDYN,PDYN,해외주식,5,400,,,,,,,0,44,,,,,,
2026-09-28,RVMD,RVMD,해외주식,5,89,,,,,,,0,10,,,,,,
2026-09-28,VTRS,VTRS,해외주식,5,2589,,,,,,,0,107,,,,,,
2026-09-28,PBR/A,PBR/A,해외주식,5,361,,,,,,,7,22,,,,,,
2026-09-28,SRPT,SRPT,해외주식,5,284,,,,,,,1,32,,,,,,
2026-09-28,VOYG,VOYG,해외주식,5,95,,,,,,,3,17,,,,,,
2026-09-28,HAWK,HAWK,해외주식,5,23,,,,,,,0,2,,,,,,
2026-09-28,USFR,USFR,해외주식,5,42,,,,,,,1,97,,,,,,
2026-09-28,RL,RL,해외주식,5,1336,,,,,,,4,115,,,,,,
2026-09-28,RR,RR,해외주식,5,528,,,,,,,1,67,,,,,,
2026-09-28,VGSH,VGSH,해외주식,5,64,,,,,,,1,67,,,,,,
2026-09-28,WQTM,WQTM,해외주식,5,261,,,,,,,1,32,,,,,,
2026-09-28,ZM,ZM,해외주식,5,3140,,,,,,,1,89,,,,,,
2026-09-28,TEMT,TEMT,해외주식,4,88,,,,,,,5,15,,,,,,
2026-09-28,UXRP,UXRP,해외주식,4,82,,,,,,,0,18,,,,,,
2026-09-28,AZN,AZN,해외주식,4,168,,,,,,,1,37,,,,,,
2026-09-28,TIP,TIP,해외주식,4,957,,,,,,,1,54,,,,,,
2026-09-28,IONS,IONS,해외주식,4,33,,,,,,,0,5,,,,,,
2026-09-28,IRDM,IRDM,해외주식,4,215,,,,,,,1,56,,,,,,
2026-09-28,POWL,POWL,해외주식,4,78,,,,,,,1,32,,,,,,
2026-09-28,MPC,MPC,해외주식,4,166,,,,,,,4,65,,,,,,
2026-09-28,OVV,OVV,해외주식,4,129,,,,,,,1,14,,,,,,
2026-09-28,GOOY,GOOY,해외주식,4,189,,,,,,,0,16,,,,,,
2026-09-28,GRAL,GRAL,해외주식,4,626,,,,,,,5,47,,,,,,
2026-09-28,DIDIY,DIDIY,해외주식,4,161,,,,,,,1,29,,,,,,
2026-09-28,B,B,해외주식,4,273,,,,,,,2,49,,,,,,
2026-09-28,NUVB,NUVB,해외주식,4,86,,,,,,,0,7,,,,,,
2026-09-28,AG,AG,해외주식,4,110,,,,,,,61,31,,,,,,
2026-09-28,NLR,NLR,해외주식,4,201,,,,,,,3,62,,,,,,
2026-09-28,KRBN,KRBN,해외주식,4,403,,,,,,,2,93,,,,,,
2026-09-28,SLVP,SLVP,해외주식,4,52,,,,,,,3,11,,,,,,
2026-09-28,EXE,EXE,해외주식,4,130,,,,,,,0,42,,,,,,
2026-09-28,LHX,LHX,해외주식,4,507,,,,,,,2,65,,,,,,
2026-09-28,PBR,PBR,해외주식,4,267,,,,,,,3,41,,,,,,
2026-09-28,BYND,BYND,해외주식,4,4019,,,,,,,1,140,,,,,,
2026-09-28,EFA,EFA,해외주식,4,175,,,,,,,1,17,,,,,,
2026-09-28,MCO,MCO,해외주식,4,481,,,,,,,9,38,,,,,,
2026-09-28,RSX,RSX,해외주식,4,391,,,,,,,3,59,,,,,,
2026-09-28,AMCR,AMCR,해외주식,4,1232,,,,,,,0,36,,,,,,
2026-09-28,COKE,COKE,해외주식,4,69,,,,,,,1,13,,,,,,
2026-09-28,LMND,LMND,해외주식,4,868,,,,,,,1,64,,,,,,
2026-09-28,OSCR,OSCR,해외주식,4,148,,,,,,,0,11,,,,,,
2026-09-28,SONY,SONY,해외주식,4,284,,,,,,,0,27,,,,,,
2026-09-28,RDWU,RDWU,해외주식,4,135,,,,,,,1,13,,,,,,
2026-09-28,SIMO,SIMO,해외주식,4,64,,,,,,,4,77,,,,,,
2026-09-28,IVW,IVW,해외주식,4,360,,,,,,,1,27,,,,,,
2026-09-28,AVGG,AVGG,해외주식,4,79,,,,,,,2,17,,,,,,
2026-09-28,SPYU,SPYU,해외주식,4,105,,,,,,,1,12,,,,,,
2026-09-28,NE,NE,해외주식,4,104,,,,,,,1,13,,,,,,
2026-09-28,GRRR,GRRR,해외주식,4,306,,,,,,,0,29,,,,,,
2026-09-28,TSSI,TSSI,해외주식,4,117,,,,,,,0,10,,,,,,
2026-09-28,SE,SE,해외주식,4,229,,,,,,,21,76,,,,,,
2026-09-28,DLR,DLR,해외주식,4,567,,,,,,,1,43,,,,,,
2026-09-28,XBI,XBI,해외주식,4,174,,,,,,,4,61,,,,,,
2026-09-28,AAOX,AAOX,해외주식,4,121,,,,,,,2,11,,,,,,
2026-09-28,CRMG,CRMG,해외주식,4,18,,,,,,,0,3,,,,,,
2026-09-28,GDXJ,GDXJ,해외주식,4,21,,,,,,,1,7,,,,,,
2026-09-28,TLN,TLN,해외주식,4,182,,,,,,,3,57,,,,,,
2026-09-28,TXG,TXG,해외주식,4,152,,,,,,,1,16,,,,,,
2026-09-28,XLG,XLG,해외주식,4,130,,,,,,,1,21,,,,,,
2026-09-28,AMPX,AMPX,해외주식,4,145,,,,,,,1,21,,,,,,
2026-09-28,GEVO,GEVO,해외주식,4,820,,,,,,,0,65,,,,,,
2026-09-28,SCHP,SCHP,해외주식,4,700,,,,,,,5,303,,,,,,
2026-09-28,MXL,MXL,해외주식,4,94,,,,,,,3,17,,,,,,
2026-09-28,SBLK,SBLK,해외주식,4,113,,,,,,,1,9,,,,,,
2026-09-28,DHI,DHI,해외주식,4,2278,,,,,,,1,116,,,,,,
2026-09-28,IYW,IYW,해외주식,4,175,,,,,,,3,32,,,,,,
2026-09-28,QSI,QSI,해외주식,4,520,,,,,,,1,44,,,,,,
2026-09-28,GLND,GLND,해외주식,4,254,,,,,,,20,21,,,,,,
2026-09-28,PURR,PURR,해외주식,4,114,,,,,,,28,121,,,,,,
2026-09-28,VFLO,VFLO,해외주식,4,63,,,,,,,0,0,,,,,,
2026-09-28,XDTE,XDTE,해외주식,4,153,,,,,,,1,23,,,,,,
2026-09-28,ZROZ,ZROZ,해외주식,4,56,,,,,,,7,30,,,,,,
2026-09-28,BEX,BEX,해외주식,4,57,,,,,,,4,7,,,,,,
2026-09-28,AREC,AREC,해외주식,4,337,,,,,,,0,22,,,,,,
2026-09-28,DKNG,DKNG,해외주식,4,151,,,,,,,1,28,,,,,,
2026-09-28,RGTU,RGTU,해외주식,4,55,,,,,,,0,6,,,,,,
2026-09-28,CTVA,CTVA,해외주식,4,528,,,,,,,0,18,,,,,,
2026-09-28,TLRY,TLRY,해외주식,4,729,,,,,,,1,83,,,,,,
2026-09-28,VIAV,VIAV,해외주식,4,76,,,,,,,1,23,,,,,,
2026-09-28,VWOB,VWOB,해외주식,4,368,,,,,,,73,5644,,,,,,
2026-09-28,XERS,XERS,해외주식,4,14,,,,,,,0,2,,,,,,
2026-09-28,AIS,AIS,해외주식,4,84,,,,,,,1,14,,,,,,
2026-09-28,EEM,EEM,해외주식,4,179,,,,,,,1,57,,,,,,
2026-09-28,FSK,FSK,해외주식,4,100,,,,,,,0,18,,,,,,
2026-09-28,LEN,LEN,해외주식,4,430,,,,,,,1,32,,,,,,
2026-09-28,RIO,RIO,해외주식,4,167,,,,,,,2,35,,,,,,
2026-09-28,BNDX,BNDX,해외주식,4,1173,,,,,,,2,276,,,,,,
2026-09-28,CRGY,CRGY,해외주식,4,62,,,,,,,1,10,,,,,,
2026-09-28,IIPR,IIPR,해외주식,4,106,,,,,,,1,23,,,,,,
2026-09-28,ORCU,ORCU,해외주식,4,66,,,,,,,0,9,,,,,,
2026-09-28,PONY,PONY,해외주식,4,141,,,,,,,0,16,,,,,,
2026-09-28,SU,SU,해외주식,4,39,,,,,,,0,4,,,,,,
2026-09-28,BMY,BMY,해외주식,4,685,,,,,,,1,59,,,,,,
2026-09-28,FRO,FRO,해외주식,4,110,,,,,,,4,71,,,,,,
2026-09-28,HPQ,HPQ,해외주식,4,1275,,,,,,,1,42,,,,,,
2026-09-28,LEGN,LEGN,해외주식,4,23,,,,,,,1,4,,,,,,
2026-09-28,LTPZ,LTPZ,해외주식,4,102,,,,,,,0,12,,,,,,
2026-09-28,SKHU,SKHU,해외주식,4,24,,,,,,,0,2,,,,,,
2026-09-28,PBA,PBA,해외주식,3,81,,,,,,,0,6,,,,,,
2026-09-28,UNG,UNG,해외주식,3,109,,,,,,,2,18,,,,,,
2026-09-28,FISV,FISV,해외주식,3,280,,,,,,,2,28,,,,,,
2026-09-28,HYLN,HYLN,해외주식,3,243,,,,,,,1,32,,,,,,
2026-09-28,MCHP,MCHP,해외주식,3,567,,,,,,,1,55,,,,,,
2026-09-28,MUFG,MUFG,해외주식,3,184,,,,,,,2,21,,,,,,
2026-09-28,QUAL,QUAL,해외주식,3,187,,,,,,,6,33,,,,,,
2026-09-28,YBTC,YBTC,해외주식,3,83,,,,,,,0,10,,,,,,
2026-09-28,CELH,CELH,해외주식,3,139,,,,,,,0,9,,,,,,
2026-09-28,NCLH,NCLH,해외주식,3,349,,,,,,,1,29,,,,,,
2026-09-28,SLNH,SLNH,해외주식,3,127,,,,,,,0,4,,,,,,
2026-09-28,SNDL,SNDL,해외주식,3,1432,,,,,,,0,82,,,,,,
2026-09-28,SVCO,SVCO,해외주식,3,93,,,,,,,2,14,,,,,,
2026-09-28,VCLT,VCLT,해외주식,3,265,,,,,,,0,18,,,,,,
2026-09-28,AEP,AEP,해외주식,3,517,,,,,,,0,29,,,,,,
2026-09-28,CAG,CAG,해외주식,3,221,,,,,,,1,23,,,,,,
2026-09-28,FAS,FAS,해외주식,3,81,,,,,,,1,23,,,,,,
2026-09-28,ROK,ROK,해외주식,3,342,,,,,,,1,25,,,,,,
2026-09-28,WMB,WMB,해외주식,3,460,,,,,,,1,30,,,,,,
2026-09-28,BXMT,BXMT,해외주식,3,44,,,,,,,1,8,,,,,,
2026-09-28,CHWY,CHWY,해외주식,3,1581,,,,,,,1,96,,,,,,
2026-09-28,CWVX,CWVX,해외주식,3,71,,,,,,,1,13,,,,,,
2026-09-28,DIVB,DIVB,해외주식,3,75,,,,,,,1,19,,,,,,
2026-09-28,IXHL,IXHL,해외주식,3,387,,,,,,,0,23,,,,,,
2026-09-28,SOFX,SOFX,해외주식,3,34,,,,,,,0,2,,,,,,
2026-09-28,TMUS,TMUS,해외주식,3,831,,,,,,,3,70,,,,,,
2026-09-28,USDE,USDE,해외주식,3,126,,,,,,,0,12,,,,,,
2026-09-28,ADP,ADP,해외주식,3,309,,,,,,,0,18,,,,,,
2026-09-28,APA,APA,해외주식,3,79,,,,,,,0,13,,,,,,
2026-09-28,CDE,CDE,해외주식,3,81,,,,,,,2,21,,,,,,
2026-09-28,CLM,CLM,해외주식,3,103,,,,,,,1,13,,,,,,
2026-09-28,FXY,FXY,해외주식,3,44,,,,,,,1,38,,,,,,
2026-09-28,MDB,MDB,해외주식,3,253,,,,,,,6,75,,,,,,
2026-09-28,NNE,NNE,해외주식,3,262,,,,,,,1,38,,,,,,
2026-09-28,TDW,TDW,해외주식,3,37,,,,,,,0,2,,,,,,
2026-09-28,CLOV,CLOV,해외주식,3,110,,,,,,,0,12,,,,,,
2026-09-28,FIGR,FIGR,해외주식,3,90,,,,,,,0,14,,,,,,
2026-09-28,HIMZ,HIMZ,해외주식,3,165,,,,,,,0,12,,,,,,
2026-09-28,NTSX,NTSX,해외주식,3,61,,,,,,,0,8,,,,,,
2026-09-28,PUSA,PUSA,해외주식,3,49,,,,,,,0,6,,,,,,
2026-09-28,QMMM,QMMM,해외주식,3,31,,,,,,,0,3,,,,,,
2026-09-28,RPAR,RPAR,해외주식,3,130,,,,,,,1,26,,,,,,
2026-09-28,SMTC,SMTC,해외주식,3,60,,,,,,,1,14,,,,,,
2026-09-28,JPM/M,JPM/M,해외주식,3,23,,,,,,,0,2,,,,,,
2026-09-28,P,P,해외주식,3,281,,,,,,,4,36,,,,,,
2026-09-28,EWH,EWH,해외주식,3,417,,,,,,,62,5467,,,,,,
2026-09-28,HON,HON,해외주식,3,585,,,,,,,0,50,,,,,,
2026-09-28,WPC,WPC,해외주식,3,221,,,,,,,0,20,,,,,,
2026-09-28,DECK,DECK,해외주식,3,384,,,,,,,0,25,,,,,,
2026-09-28,ESGU,ESGU,해외주식,3,403,,,,,,,1,40,,,,,,
2026-09-28,IQQQ,IQQQ,해외주식,3,81,,,,,,,0,6,,,,,,
2026-09-28,PAAS,PAAS,해외주식,3,133,,,,,,,4,38,,,,,,
2026-09-28,SEZL,SEZL,해외주식,3,37,,,,,,,0,5,,,,,,
2026-09-28,SHNY,SHNY,해외주식,3,124,,,,,,,0,6,,,,,,
2026-09-28,SRFM,SRFM,해외주식,3,202,,,,,,,1,20,,,,,,
2026-09-28,TOPW,TOPW,해외주식,3,103,,,,,,,1,16,,,,,,
2026-09-28,ECO,ECO,해외주식,3,36,,,,,,,3,56,,,,,,
2026-09-28,LNG,LNG,해외주식,3,366,,,,,,,1,25,,,,,,
2026-09-28,PRU,PRU,해외주식,3,459,,,,,,,5,23,,,,,,
2026-09-28,SLB,SLB,해외주식,3,613,,,,,,,1,35,,,,,,
2026-09-28,BLDP,BLDP,해외주식,3,489,,,,,,,1,48,,,,,,
2026-09-28,CQQQ,CQQQ,해외주식,3,106,,,,,,,2,36,,,,,,
2026-09-28,GSBD,GSBD,해외주식,3,272,,,,,,,0,14,,,,,,
2026-09-28,LQDW,LQDW,해외주식,3,11,,,,,,,0,1,,,,,,
2026-09-28,QQQU,QQQU,해외주식,3,31,,,,,,,0,4,,,,,,
2026-09-28,RETL,RETL,해외주식,3,71,,,,,,,0,7,,,,,,
2026-09-28,SILJ,SILJ,해외주식,3,54,,,,,,,17,15,,,,,,
2026-09-28,SPHY,SPHY,해외주식,3,39,,,,,,,0,6,,,,,,
2026-09-28,AIT,AIT,해외주식,3,5180,,,,,,,1,164,,,,,,
2026-09-28,DHR,DHR,해외주식,3,457,,,,,,,1,27,,,,,,
2026-09-28,MOS,MOS,해외주식,3,286,,,,,,,1,35,,,,,,
2026-09-28,AMWL,AMWL,해외주식,3,2332,,,,,,,1,91,,,,,,
2026-09-28,CNTN,CNTN,해외주식,3,144,,,,,,,8,17,,,,,,
2026-09-28,DOCU,DOCU,해외주식,3,1452,,,,,,,0,54,,,,,,
2026-09-28,ENVX,ENVX,해외주식,3,282,,,,,,,0,20,,,,,,
2026-09-28,GRML,GRML,해외주식,3,203,,,,,,,5,18,,,,,,
2026-09-28,INVZ,INVZ,해외주식,3,542,,,,,,,0,40,,,,,,
2026-09-28,LINT,LINT,해외주식,3,52,,,,,,,0,9,,,,,,
2026-09-28,RMBS,RMBS,해외주식,3,128,,,,,,,3,29,,,,,,
2026-09-28,TWLO,TWLO,해외주식,3,652,,,,,,,3,82,,,,,,
2026-09-28,BAI,BAI,해외주식,3,67,,,,,,,12,42,,,,,,
2026-09-28,FPS,FPS,해외주식,3,83,,,,,,,1,30,,,,,,
2026-09-28,LQD,LQD,해외주식,3,218,,,,,,,5,640,,,,,,
2026-09-28,MGV,MGV,해외주식,3,356,,,,,,,2,28,,,,,,
2026-09-28,NLY,NLY,해외주식,3,178,,,,,,,1,34,,,,,,
2026-09-28,CMPX,CMPX,해외주식,3,212,,,,,,,3,35,,,,,,
2026-09-28,DBMF,DBMF,해외주식,3,46,,,,,,,2,75,,,,,,
2026-09-28,GAIN,GAIN,해외주식,3,155,,,,,,,0,10,,,,,,
2026-09-28,HITI,HITI,해외주식,3,16,,,,,,,0,2,,,,,,
2026-09-28,NOWL,NOWL,해외주식,3,44,,,,,,,0,4,,,,,,
2026-09-28,QTEX,QTEX,해외주식,3,310,,,,,,,0,29,,,,,,
2026-09-28,ROKU,ROKU,해외주식,3,1139,,,,,,,0,48,,,,,,
2026-09-28,TSLQ,TSLQ,해외주식,3,137,,,,,,,2,6,,,,,,
2026-09-28,VUZI,VUZI,해외주식,3,303,,,,,,,0,42,,,,,,
2026-09-28,XQQI,XQQI,해외주식,3,27,,,,,,,0,7,,,,,,
2026-09-28,BTU,BTU,해외주식,3,79,,,,,,,0,13,,,,,,
2026-09-28,DBC,DBC,해외주식,3,148,,,,,,,1,36,,,,,,
2026-09-28,HYG,HYG,해외주식,3,296,,,,,,,24,36,,,,,,
2026-09-28,TDG,TDG,해외주식,3,216,,,,,,,1,16,,,,,,
2026-09-28,AVGW,AVGW,해외주식,3,104,,,,,,,1,15,,,,,,
2026-09-28,LASR,LASR,해외주식,3,100,,,,,,,0,14,,,,,,
2026-09-28,TSNF,TSNF,해외주식,3,286,,,,,,,0,18,,,,,,
2026-09-28,VICR,VICR,해외주식,3,72,,,,,,,26,250,,,,,,
2026-09-28,PSQ,PSQ,해외주식,3,103,,,,,,,1,20,,,,,,
2026-09-28,VBR,VBR,해외주식,3,169,,,,,,,0,8,,,,,,
2026-09-28,CRWG,CRWG,해외주식,3,80,,,,,,,2,11,,,,,,
2026-09-28,FNGS,FNGS,해외주식,3,77,,,,,,,2,19,,,,,,
2026-09-28,MSFL,MSFL,해외주식,3,70,,,,,,,0,2,,,,,,
2026-09-28,QQQH,QQQH,해외주식,3,95,,,,,,,0,15,,,,,,
2026-09-28,SMCY,SMCY,해외주식,3,231,,,,,,,1,27,,,,,,
2026-09-28,SNAP,SNAP,해외주식,3,3335,,,,,,,0,101,,,,,,
2026-09-28,STRK,STRK,해외주식,3,23,,,,,,,0,8,,,,,,
2026-09-28,STRL,STRL,해외주식,3,72,,,,,,,1,20,,,,,,
2026-09-28,VEEV,VEEV,해외주식,3,191,,,,,,,2,27,,,,,,
2026-09-28,AA,AA,해외주식,3,446,,,,,,,3,49,,,,,,
2026-09-28,LOW,LOW,해외주식,3,813,,,,,,,1,37,,,,,,
2026-09-28,PLD,PLD,해외주식,3,1398,,,,,,,1,57,,,,,,
2026-09-28,PSX,PSX,해외주식,3,359,,,,,,,1,18,,,,,,
2026-09-28,VET,VET,해외주식,3,125,,,,,,,1,14,,,,,,
2026-09-28,XYL,XYL,해외주식,3,301,,,,,,,0,27,,,,,,
2026-09-28,ARMG,ARMG,해외주식,3,78,,,,,,,10,19,,,,,,
2026-09-28,FLOT,FLOT,해외주식,3,77,,,,,,,2,420,,,,,,
2026-09-28,FOUR,FOUR,해외주식,3,104,,,,,,,0,15,,,,,,
2026-09-28,IBRX,IBRX,해외주식,3,106,,,,,,,0,13,,,,,,
2026-09-28,JETS,JETS,해외주식,3,591,,,,,,,3,58,,,,,,
2026-09-28,NUGT,NUGT,해외주식,3,47,,,,,,,2,8,,,,,,
2026-09-28,NVII,NVII,해외주식,3,85,,,,,,,0,10,,,,,,
2026-09-28,SHLD,SHLD,해외주식,3,257,,,,,,,3,39,,,,,,
2026-09-28,ZENA,ZENA,해외주식,3,246,,,,,,,1,41,,,,,,
2026-09-28,BG,BG,해외주식,3,358,,,,,,,1,22,,,,,,
2026-09-28,HLT,HLT,해외주식,3,872,,,,,,,0,41,,,,,,
2026-09-28,XME,XME,해외주식,3,383,,,,,,,2,65,,,,,,
2026-09-28,ONTO,ONTO,해외주식,3,53,,,,,,,7,13,,,,,,
2026-09-28,PSEC,PSEC,해외주식,3,373,,,,,,,1,23,,,,,,
2026-09-28,REGN,REGN,해외주식,3,236,,,,,,,2,25,,,,,,
2026-09-28,SPIR,SPIR,해외주식,3,296,,,,,,,0,26,,,,,,
2026-09-28,TEVA,TEVA,해외주식,3,136,,,,,,,1,27,,,,,,
2026-09-28,TSLG,TSLG,해외주식,3,98,,,,,,,0,8,,,,,,
2026-09-28,GD,GD,해외주식,3,1154,,,,,,,0,41,,,,,,
2026-09-28,HSY,HSY,해외주식,3,889,,,,,,,1,31,,,,,,
2026-09-28,VDE,VDE,해외주식,3,347,,,,,,,1,12,,,,,,
2026-09-28,BTCL,BTCL,해외주식,3,25,,,,,,,0,3,,,,,,
2026-09-28,GOOW,GOOW,해외주식,3,80,,,,,,,1,6,,,,,,
2026-09-28,HSBC,HSBC,해외주식,3,121,,,,,,,0,6,,,,,,
2026-09-28,QCLN,QCLN,해외주식,3,456,,,,,,,4,159,,,,,,
2026-09-28,SPTL,SPTL,해외주식,3,97,,,,,,,3,146,,,,,,
2026-09-28,EMR,EMR,해외주식,3,400,,,,,,,1,40,,,,,,
2026-09-28,SAP,SAP,해외주식,3,166,,,,,,,0,13,,,,,,
2026-09-28,APLE,APLE,해외주식,3,165,,,,,,,1,23,,,,,,
2026-09-28,APLY,APLY,해외주식,3,165,,,,,,,0,18,,,,,,
2026-09-28,ARWR,ARWR,해외주식,3,26,,,,,,,1,9,,,,,,
2026-09-28,CORZ,CORZ,해외주식,3,58,,,,,,,1,14,,,,,,
2026-09-28,EMLC,EMLC,해외주식,3,317,,,,,,,1,17,,,,,,
2026-09-28,FSLY,FSLY,해외주식,3,674,,,,,,,6,130,,,,,,
2026-09-28,GOOD,GOOD,해외주식,3,234,,,,,,,0,18,,,,,,
2026-09-28,GOVT,GOVT,해외주식,3,332,,,,,,,0,43,,,,,,
2026-09-28,REKR,REKR,해외주식,3,481,,,,,,,0,40,,,,,,
2026-09-28,VRTX,VRTX,해외주식,3,362,,,,,,,3,32,,,,,,
2026-09-28,WEBL,WEBL,해외주식,3,99,,,,,,,0,10,,,,,,
2026-09-28,BAC/P,BAC/P,해외주식,3,50,,,,,,,1,4,,,,,,
2026-09-28,PGR,PGR,해외주식,3,735,,,,,,,1,50,,,,,,
2026-09-28,ADSK,ADSK,해외주식,3,897,,,,,,,1,34,,,,,,
2026-09-28,AMSC,AMSC,해외주식,3,209,,,,,,,4,21,,,,,,
2026-09-28,MRAM,MRAM,해외주식,3,151,,,,,,,1,20,,,,,,
2026-09-28,VELO,VELO,해외주식,3,159,,,,,,,0,31,,,,,,
2026-09-28,BSV,BSV,해외주식,3,804,,,,,,,1,44,,,,,,
2026-09-28,UCO,UCO,해외주식,3,47,,,,,,,1,11,,,,,,
2026-09-28,ARTY,ARTY,해외주식,3,77,,,,,,,4,39,,,,,,
2026-09-28,AVUV,AVUV,해외주식,3,74,,,,,,,1,10,,,,,,
2026-09-28,BKKT,BKKT,해외주식,3,214,,,,,,,1,32,,,,,,
2026-09-28,MFIN,MFIN,해외주식,3,1,,,,,,,0,0,,,,,,
2026-09-28,AMDW,AMDW,해외주식,2,25,,,,,,,2,7,,,,,,
2026-09-28,BFLY,BFLY,해외주식,2,128,,,,,,,2,26,,,,,,
2026-09-28,BSIN,BSIN,해외주식,2,120,,,,,,,0,6,,,,,,
2026-09-28,BTGD,BTGD,해외주식,2,164,,,,,,,2,42,,,,,,
2026-09-28,GLAD,GLAD,해외주식,2,106,,,,,,,0,7,,,,,,
2026-09-28,HUMN,HUMN,해외주식,2,125,,,,,,,2,30,,,,,,
2026-09-28,HYMC,HYMC,해외주식,2,46,,,,,,,0,4,,,,,,
2026-09-28,LSCC,LSCC,해외주식,2,85,,,,,,,1,14,,,,,,
2026-09-28,OMAH,OMAH,해외주식,2,87,,,,,,,0,12,,,,,,
2026-09-28,PHYS,PHYS,해외주식,2,23,,,,,,,0,9,,,,,,
2026-09-28,SRTA,SRTA,해외주식,2,250,,,,,,,0,31,,,,,,
2026-09-28,TTMI,TTMI,해외주식,2,101,,,,,,,5,29,,,,,,
2026-09-28,ATI,ATI,해외주식,2,76,,,,,,,71,898,,,,,,
2026-09-28,AWK,AWK,해외주식,2,326,,,,,,,1,29,,,,,,
2026-09-28,ECH,ECH,해외주식,2,48,,,,,,,0,6,,,,,,
2026-09-28,JD,JD,해외주식,2,127,,,,,,,3,31,,,,,,
2026-09-28,SWK,SWK,해외주식,2,334,,,,,,,0,16,,,,,,
2026-09-28,WRD,WRD,해외주식,2,149,,,,,,,1,20,,,,,,
2026-09-28,YSS,YSS,해외주식,2,62,,,,,,,0,6,,,,,,
2026-09-28,ACHV,ACHV,해외주식,2,5,,,,,,,0,0,,,,,,
2026-09-28,ALNY,ALNY,해외주식,2,162,,,,,,,1,29,,,,,,
2026-09-28,ASPI,ASPI,해외주식,2,80,,,,,,,0,6,,,,,,
2026-09-28,CGDV,CGDV,해외주식,2,42,,,,,,,0,21,,,,,,
2026-09-28,GNRC,GNRC,해외주식,2,185,,,,,,,1,20,,,,,,
2026-09-28,GRMN,GRMN,해외주식,2,192,,,,,,,3,12,,,,,,
2026-09-28,MTUM,MTUM,해외주식,2,207,,,,,,,5,23,,,,,,
2026-09-28,NAKA,NAKA,해외주식,2,51,,,,,,,0,5,,,,,,
2026-09-28,ORBS,ORBS,해외주식,2,169,,,,,,,3,14,,,,,,
2026-09-28,PACB,PACB,해외주식,2,653,,,,,,,0,32,,,,,,
2026-09-28,STEM,STEM,해외주식,2,185,,,,,,,0,30,,,,,,
2026-09-28,AU,AU,해외주식,2,22,,,,,,,2,7,,,,,,
2026-09-28,DVN,DVN,해외주식,2,488,,,,,,,1,39,,,,,,
2026-09-28,HII,HII,해외주식,2,302,,,,,,,6,72,,,,,,
2026-09-28,TSLX,TSLX,해외주식,2,49,,,,,,,0,7,,,,,,
2026-09-28,USMV,USMV,해외주식,2,155,,,,,,,0,17,,,,,,
2026-09-28,VERI,VERI,해외주식,2,427,,,,,,,0,32,,,,,,
2026-09-28,VMRK,VMRK,해외주식,2,1256,,,,,,,0,41,,,,,,
2026-09-28,WCPRF,WCPRF,해외주식,2,56,,,,,,,0,7,,,,,,
2026-09-28,Q,Q,해외주식,2,1120,,,,,,,1,48,,,,,,
2026-09-28,CLF,CLF,해외주식,2,57,,,,,,,1,40,,,,,,
2026-09-28,MGA,MGA,해외주식,2,201,,,,,,,1,23,,,,,,
2026-09-28,AMZY,AMZY,해외주식,2,122,,,,,,,0,20,,,,,,
2026-09-28,AQST,AQST,해외주식,2,13,,,,,,,2,9,,,,,,
2026-09-28,VGK,VGK,해외주식,2,276,,,,,,,0,20,,,,,,
2026-09-28,BMNG,BMNG,해외주식,2,38,,,,,,,0,6,,,,,,
2026-09-28,DVLT,DVLT,해외주식,2,847,,,,,,,0,71,,,,,,
2026-09-28,GUSH,GUSH,해외주식,2,12,,,,,,,0,0,,,,,,
2026-09-28,HIVE,HIVE,해외주식,2,140,,,,,,,0,7,,,,,,
2026-09-28,RLAY,RLAY,해외주식,2,29,,,,,,,2,3,,,,,,
2026-09-28,SLVR,SLVR,해외주식,2,50,,,,,,,3,13,,,,,,
2026-09-28,VSAT,VSAT,해외주식,2,90,,,,,,,1,17,,,,,,
2026-09-28,AOA,AOA,해외주식,2,193,,,,,,,2,32,,,,,,
2026-09-28,FDX,FDX,해외주식,2,1018,,,,,,,1,41,,,,,,
2026-09-28,MPT,MPT,해외주식,2,222,,,,,,,0,18,,,,,,
2026-09-28,ROM,ROM,해외주식,2,18,,,,,,,0,0,,,,,,
2026-09-28,WRB,WRB,해외주식,2,166,,,,,,,8,527,,,,,,
2026-09-28,CCCC,CCCC,해외주식,2,72,,,,,,,0,8,,,,,,
2026-09-28,COTY,COTY,해외주식,2,1944,,,,,,,0,31,,,,,,
2026-09-28,EIDO,EIDO,해외주식,2,75,,,,,,,0,29,,,,,,
2026-09-28,FORM,FORM,해외주식,2,70,,,,,,,4,18,,,,,,
2026-09-28,GMMF,GMMF,해외주식,2,4,,,,,,,0,1,,,,,,
2026-09-28,MSOX,MSOX,해외주식,2,25,,,,,,,0,1,,,,,,
2026-09-28,SGML,SGML,해외주식,2,137,,,,,,,0,12,,,,,,
2026-09-28,SPAL,SPAL,해외주식,2,81,,,,,,,0,7,,,,,,
2026-09-28,WDCX,WDCX,해외주식,2,71,,,,,,,1,9,,,,,,
2026-09-28,YBIT,YBIT,해외주식,2,106,,,,,,,0,10,,,,,,
2026-09-28,BNY,BNY,해외주식,2,274,,,,,,,0,18,,,,,,
2026-09-28,CGC,CGC,해외주식,2,179,,,,,,,0,11,,,,,,
2026-09-28,COP,COP,해외주식,2,520,,,,,,,0,37,,,,,,
2026-09-28,EOG,EOG,해외주식,2,386,,,,,,,1,39,,,,,,
2026-09-28,FAZ,FAZ,해외주식,2,13,,,,,,,0,2,,,,,,
2026-09-28,IWD,IWD,해외주식,2,46,,,,,,,1,16,,,,,,
2026-09-28,NAK,NAK,해외주식,2,105,,,,,,,0,11,,,,,,
2026-09-28,PHO,PHO,해외주식,2,243,,,,,,,0,20,,,,,,
2026-09-28,BLOK,BLOK,해외주식,2,186,,,,,,,2,50,,,,,,
2026-09-28,DFDV,DFDV,해외주식,2,84,,,,,,,0,7,,,,,,
2026-09-28,EQNR,EQNR,해외주식,2,37,,,,,,,0,2,,,,,,
2026-09-28,GLTR,GLTR,해외주식,2,92,,,,,,,1,12,,,,,,
2026-09-28,HONA,HONA,해외주식,2,555,,,,,,,0,53,,,,,,
2026-09-28,HYDR,HYDR,해외주식,2,109,,,,,,,1,22,,,,,,
2026-09-28,ITOT,ITOT,해외주식,2,206,,,,,,,8,280,,,,,,
2026-09-28,OBDC,OBDC,해외주식,2,119,,,,,,,0,9,,,,,,
2026-09-28,SNDG,SNDG,해외주식,2,36,,,,,,,3,3,,,,,,
2026-09-28,SOFR,SOFR,해외주식,2,35,,,,,,,0,7,,,,,,
2026-09-28,SPXU,SPXU,해외주식,2,81,,,,,,,0,10,,,,,,
2026-09-28,SSPC,SSPC,해외주식,2,34,,,,,,,1,3,,,,,,
2026-09-28,DD,DD,해외주식,2,1462,,,,,,,0,49,,,,,,
2026-09-28,GH,GH,해외주식,2,179,,,,,,,1,37,,,,,,
2026-09-28,BXP,BXP,해외주식,2,445,,,,,,,0,20,,,,,,
2026-09-28,CPB,CPB,해외주식,2,642,,,,,,,0,22,,,,,,
2026-09-28,IHI,IHI,해외주식,2,209,,,,,,,1,31,,,,,,
2026-09-28,TSN,TSN,해외주식,2,424,,,,,,,1,40,,,,,,
2026-09-28,PDD,PDD,해외주식,2,158,,,,,,,2,56,,,,,,
2026-09-28,URI,URI,해외주식,2,220,,,,,,,1,13,,,,,,
2026-09-28,VEU,VEU,해외주식,2,151,,,,,,,3,111,,,,,,
2026-09-28,WFF,WFF,해외주식,2,32,,,,,,,0,3,,,,,,
2026-09-28,AIIO,AIIO,해외주식,2,776,,,,,,,0,74,,,,,,
2026-09-28,GPUS,GPUS,해외주식,2,874,,,,,,,0,66,,,,,,
2026-09-28,IEFA,IEFA,해외주식,2,33,,,,,,,0,14,,,,,,
2026-09-28,PHIO,PHIO,해외주식,2,70,,,,,,,0,4,,,,,,
2026-09-28,SRET,SRET,해외주식,2,108,,,,,,,9,88,,,,,,
2026-09-28,TEAM,TEAM,해외주식,2,355,,,,,,,90,895,,,,,,
2026-09-28,IVZ,IVZ,해외주식,2,165,,,,,,,0,14,,,,,,
2026-09-28,LTC,LTC,해외주식,2,115,,,,,,,0,12,,,,,,
2026-09-28,UMC,UMC,해외주식,2,156,,,,,,,1,34,,,,,,
2026-09-28,ABUS,ABUS,해외주식,2,50,,,,,,,0,3,,,,,,
2026-09-28,AXON,AXON,해외주식,2,273,,,,,,,1,21,,,,,,
2026-09-28,CARR,CARR,해외주식,2,290,,,,,,,0,14,,,,,,
2026-09-28,EDSA,EDSA,해외주식,2,41,,,,,,,0,1,,,,,,
2026-09-28,GPTY,GPTY,해외주식,2,63,,,,,,,0,16,,,,,,
2026-09-28,IAUI,IAUI,해외주식,2,33,,,,,,,1,4,,,,,,
2026-09-28,NOBL,NOBL,해외주식,2,137,,,,,,,2,39,,,,,,
2026-09-28,OLED,OLED,해외주식,2,1543,,,,,,,2,66,,,,,,
2026-09-28,POOL,POOL,해외주식,2,224,,,,,,,0,13,,,,,,
2026-09-28,QQQJ,QQQJ,해외주식,2,103,,,,,,,0,19,,,,,,
2026-09-28,SIRI,SIRI,해외주식,2,224,,,,,,,1,37,,,,,,
2026-09-28,SOLV,SOLV,해외주식,2,2905,,,,,,,0,98,,,,,,
2026-09-28,VOOV,VOOV,해외주식,2,74,,,,,,,0,16,,,,,,
2026-09-28,YANG,YANG,해외주식,2,80,,,,,,,0,11,,,,,,
2026-09-28,CMPS,CMPS,해외주식,2,33,,,,,,,0,4,,,,,,
2026-09-28,GSIT,GSIT,해외주식,2,146,,,,,,,0,8,,,,,,
2026-09-28,INSM,INSM,해외주식,2,52,,,,,,,2,13,,,,,,
2026-09-28,LWLG,LWLG,해외주식,2,89,,,,,,,0,9,,,,,,
2026-09-28,MARO,MARO,해외주식,2,87,,,,,,,0,11,,,,,,
2026-09-28,OTLK,OTLK,해외주식,2,173,,,,,,,0,16,,,,,,
2026-09-28,REET,REET,해외주식,2,22,,,,,,,0,3,,,,,,
2026-09-28,SKUU,SKUU,해외주식,2,26,,,,,,,0,2,,,,,,
2026-09-28,URGN,URGN,해외주식,2,6,,,,,,,0,0,,,,,,
2026-09-28,VRSN,VRSN,해외주식,2,316,,,,,,,1,27,,,,,,
2026-09-28,D,D,해외주식,2,547,,,,,,,1,34,,,,,,
2026-09-28,PH,PH,해외주식,2,313,,,,,,,5,19,,,,,,
2026-09-28,SO,SO,해외주식,2,372,,,,,,,0,19,,,,,,
2026-09-28,TT,TT,해외주식,2,4683,,,,,,,1,163,,,,,,
2026-09-28,CCI,CCI,해외주식,2,612,,,,,,,0,39,,,,,,
2026-09-28,CLX,CLX,해외주식,2,649,,,,,,,0,24,,,,,,
2026-09-28,CNC,CNC,해외주식,2,205,,,,,,,4,590,,,,,,
2026-09-28,DHT,DHT,해외주식,2,109,,,,,,,0,10,,,,,,
2026-09-28,DGXX,DGXX,해외주식,2,47,,,,,,,0,9,,,,,,
2026-09-28,KOMP,KOMP,해외주식,2,154,,,,,,,0,11,,,,,,
2026-09-28,MSCI,MSCI,해외주식,2,489,,,,,,,1,29,,,,,,
2026-09-28,NEBX,NEBX,해외주식,2,35,,,,,,,7,1,,,,,,
2026-09-28,PICK,PICK,해외주식,2,65,,,,,,,2,14,,,,,,
2026-09-28,RYLD,RYLD,해외주식,2,84,,,,,,,0,10,,,,,,
2026-09-28,SATA,SATA,해외주식,2,39,,,,,,,3,24,,,,,,
2026-09-28,STLA,STLA,해외주식,2,272,,,,,,,0,12,,,,,,
2026-09-28,STRF,STRF,해외주식,2,12,,,,,,,0,4,,,,,,
2026-09-28,STWD,STWD,해외주식,2,75,,,,,,,0,6,,,,,,
2026-09-28,ULTA,ULTA,해외주식,2,616,,,,,,,0,27,,,,,,
2026-09-28,BCI,BCI,해외주식,2,45,,,,,,,1,100,,,,,,
2026-09-28,BHP,BHP,해외주식,2,76,,,,,,,1,12,,,,,,
2026-09-28,NVS,NVS,해외주식,2,133,,,,,,,1,38,,,,,,
2026-09-28,RMD,RMD,해외주식,2,2298,,,,,,,0,85,,,,,,
2026-09-28,TJX,TJX,해외주식,2,258,,,,,,,0,18,,,,,,
2026-09-28,TLS,TLS,해외주식,2,246,,,,,,,1,16,,,,,,
2026-09-28,TME,TME,해외주식,2,117,,,,,,,2,50,,,,,,
2026-09-28,TMQ,TMQ,해외주식,2,220,,,,,,,2,45,,,,,,
2026-09-28,BATL,BATL,해외주식,2,363,,,,,,,1,26,,,,,,
2026-09-28,DTCR,DTCR,해외주식,2,142,,,,,,,1,19,,,,,,
2026-09-28,METW,METW,해외주식,2,31,,,,,,,0,0,,,,,,
2026-09-28,NBIG,NBIG,해외주식,2,34,,,,,,,9,4,,,,,,
2026-09-28,OMER,OMER,해외주식,2,55,,,,,,,0,3,,,,,,
2026-09-28,RVNL,RVNL,해외주식,2,2,,,,,,,0,0,,,,,,
2026-09-28,SCHW,SCHW,해외주식,2,427,,,,,,,0,31,,,,,,
2026-09-28,SVIX,SVIX,해외주식,2,33,,,,,,,0,1,,,,,,
2026-09-28,TSYY,TSYY,해외주식,2,167,,,,,,,1,25,,,,,,
2026-09-28,AP,AP,해외주식,2,10,,,,,,,0,2,,,,,,
2026-09-28,ATO,ATO,해외주식,2,1431,,,,,,,0,45,,,,,,
2026-09-28,EMB,EMB,해외주식,2,162,,,,,,,0,49,,,,,,
2026-09-28,EQT,EQT,해외주식,2,97,,,,,,,1,25,,,,,,
2026-09-28,LVS,LVS,해외주식,2,1291,,,,,,,1,62,,,,,,
2026-09-28,NVT,NVT,해외주식,2,78,,,,,,,0,13,,,,,,
2026-09-28,UVV,UVV,해외주식,2,104,,,,,,,0,9,,,,,,
2026-09-28,ACWI,ACWI,해외주식,2,201,,,,,,,5,414,,,,,,
2026-09-28,BILS,BILS,해외주식,2,4,,,,,,,0,2,,,,,,
2026-09-28,EBAY,EBAY,해외주식,2,1286,,,,,,,9,51,,,,,,
2026-09-28,ENTG,ENTG,해외주식,2,181,,,,,,,0,10,,,,,,
2026-09-28,GPRO,GPRO,해외주식,2,293,,,,,,,1,16,,,,,,
2026-09-28,IMUX,IMUX,해외주식,2,26,,,,,,,0,4,,,,,,
2026-09-28,MNST,MNST,해외주식,2,904,,,,,,,0,43,,,,,,
2026-09-28,CNK,CNK,해외주식,2,526,,,,,,,0,14,,,,,,
2026-09-28,DDD,DDD,해외주식,2,343,,,,,,,0,29,,,,,,
2026-09-28,DNN,DNN,해외주식,2,141,,,,,,,1,14,,,,,,
2026-09-28,EFC,EFC,해외주식,2,72,,,,,,,0,5,,,,,,
2026-09-28,IBX,IBX,해외주식,2,56,,,,,,,1,8,,,,,,
2026-09-28,IVR,IVR,해외주식,2,290,,,,,,,1,27,,,,,,
2026-09-28,LYB,LYB,해외주식,2,430,,,,,,,1,24,,,,,,
2026-09-28,STI,STI,해외주식,2,256,,,,,,,0,13,,,,,,
2026-09-28,AVPT,AVPT,해외주식,2,117,,,,,,,0,8,,,,,,
2026-09-28,BXSL,BXSL,해외주식,2,73,,,,,,,4,16,,,,,,
2026-09-28,FIRY,FIRY,해외주식,2,456,,,,,,,0,55,,,,,,
2026-09-28,HOOY,HOOY,해외주식,2,73,,,,,,,1,7,,,,,,
2026-09-28,LFGY,LFGY,해외주식,2,75,,,,,,,0,6,,,,,,
2026-09-28,MSTZ,MSTZ,해외주식,2,83,,,,,,,0,11,,,,,,
2026-09-28,DDI,DDI,해외주식,2,15,,,,,,,0,1,,,,,,
2026-09-28,DIV,DIV,해외주식,2,145,,,,,,,1,23,,,,,,
2026-09-28,EIS,EIS,해외주식,2,39,,,,,,,0,6,,,,,,
2026-09-28,IOT,IOT,해외주식,2,262,,,,,,,1,31,,,,,,
2026-09-28,JBL,JBL,해외주식,2,107,,,,,,,0,12,,,,,,
2026-09-28,WGS,WGS,해외주식,2,16,,,,,,,0,2,,,,,,
2026-09-28,AAAU,AAAU,해외주식,2,60,,,,,,,0,8,,,,,,
2026-09-28,AMLP,AMLP,해외주식,2,53,,,,,,,3,37,,,,,,
2026-09-28,ASHR,ASHR,해외주식,2,39,,,,,,,2,21,,,,,,
2026-09-28,BCAT,BCAT,해외주식,2,48,,,,,,,0,4,,,,,,
2026-09-28,FDVV,FDVV,해외주식,2,60,,,,,,,0,9,,,,,,
2026-09-28,FRMM,FRMM,해외주식,2,156,,,,,,,0,7,,,,,,
2026-09-28,GBDC,GBDC,해외주식,2,44,,,,,,,2,7,,,,,,
2026-09-28,GEHC,GEHC,해외주식,2,1101,,,,,,,0,42,,,,,,
2026-09-28,LIDR,LIDR,해외주식,2,193,,,,,,,0,10,,,,,,
2026-09-28,OXSQ,OXSQ,해외주식,2,284,,,,,,,3,17,,,,,,
2026-09-28,SPAX,SPAX,해외주식,2,72,,,,,,,0,9,,,,,,
2026-09-28,TMDX,TMDX,해외주식,2,93,,,,,,,1,21,,,,,,
2026-09-28,TSHA,TSHA,해외주식,2,21,,,,,,,0,2,,,,,,
2026-09-28,URNM,URNM,해외주식,2,122,,,,,,,5,19,,,,,,
2026-09-28,VCIT,VCIT,해외주식,2,177,,,,,,,0,10,,,,,,
2026-09-28,TM,TM,해외주식,2,109,,,,,,,1,25,,,,,,
2026-09-28,CVE,CVE,해외주식,2,80,,,,,,,7,6,,,,,,
2026-09-28,GSK,GSK,해외주식,2,107,,,,,,,0,17,,,,,,
2026-09-28,HDV,HDV,해외주식,2,91,,,,,,,1,17,,,,,,
2026-09-28,IGM,IGM,해외주식,2,27,,,,,,,8,41,,,,,,
2026-09-28,NUE,NUE,해외주식,2,308,,,,,,,0,12,,,,,,
2026-09-28,XLI,XLI,해외주식,2,100,,,,,,,1,39,,,,,,
2026-09-28,XLY,XLY,해외주식,2,180,,,,,,,1,35,,,,,,
2026-09-28,AISP,AISP,해외주식,2,295,,,,,,,0,23,,,,,,
2026-09-28,ALDX,ALDX,해외주식,2,31,,,,,,,0,1,,,,,,
2026-09-28,AMUU,AMUU,해외주식,2,11,,,,,,,0,3,,,,,,
2026-09-28,MVST,MVST,해외주식,2,392,,,,,,,0,18,,,,,,
2026-09-28,NVDW,NVDW,해외주식,2,98,,,,,,,0,9,,,,,,
2026-09-28,QUBX,QUBX,해외주식,2,92,,,,,,,0,8,,,,,,
2026-09-28,BAC/Q,BAC/Q,해외주식,2,47,,,,,,,1,5,,,,,,
2026-09-28,JFLI,JFLI,해외주식,2,28,,,,,,,0,2,,,,,,
2026-09-28,JMIA,JMIA,해외주식,2,155,,,,,,,1,31,,,,,,
2026-09-28,JPST,JPST,해외주식,2,46,,,,,,,1,43,,,,,,
2026-09-28,MAGY,MAGY,해외주식,2,33,,,,,,,0,1,,,,,,
2026-09-28,RITM,RITM,해외주식,2,109,,,,,,,5,42,,,,,,
2026-09-28,TECX,TECX,해외주식,2,10,,,,,,,0,4,,,,,,
2026-09-28,UPXI,UPXI,해외주식,2,163,,,,,,,0,11,,,,,,
2026-09-28,WEAT,WEAT,해외주식,2,40,,,,,,,1,8,,,,,,
2026-09-28,CF,CF,해외주식,2,159,,,,,,,0,13,,,,,,
2026-09-28,IOO,IOO,해외주식,2,315,,,,,,,0,22,,,,,,
2026-09-28,MOD,MOD,해외주식,2,118,,,,,,,1,30,,,,,,
2026-09-28,NXT,NXT,해외주식,2,73,,,,,,,17,298,,,,,,
2026-09-28,SFY,SFY,해외주식,2,40,,,,,,,0,15,,,,,,
2026-09-28,ABAT,ABAT,해외주식,2,206,,,,,,,0,19,,,,,,
2026-09-28,APPX,APPX,해외주식,2,59,,,,,,,0,8,,,,,,
2026-09-28,EXPE,EXPE,해외주식,2,645,,,,,,,1,28,,,,,,
2026-09-28,GOVZ,GOVZ,해외주식,2,4,,,,,,,0,4,,,,,,
2026-09-28,LLYX,LLYX,해외주식,2,42,,,,,,,0,6,,,,,,
2026-09-28,NUAI,NUAI,해외주식,2,101,,,,,,,0,10,,,,,,
2026-09-28,NVTX,NVTX,해외주식,2,47,,,,,,,1,5,,,,,,
2026-09-28,PFLT,PFLT,해외주식,2,101,,,,,,,0,9,,,,,,
2026-09-28,QLDY,QLDY,해외주식,2,68,,,,,,,0,6,,,,,,
2026-09-28,QPUX,QPUX,해외주식,2,89,,,,,,,0,13,,,,,,
2026-09-28,LKNCY,LKNCY,해외주식,2,95,,,,,,,2,25,,,,,,
2026-09-28,BN,BN,해외주식,2,148,,,,,,,5,28,,,,,,
2026-09-28,UL,UL,해외주식,2,134,,,,,,,6,311,,,,,,
2026-09-28,WU,WU,해외주식,2,1196,,,,,,,1,25,,,,,,
2026-09-28,BKR,BKR,해외주식,2,104,,,,,,,4,64,,,,,,
2026-09-28,ETU,ETU,해외주식,2,39,,,,,,,2,5,,,,,,
2026-09-28,FXI,FXI,해외주식,2,141,,,,,,,1,27,,,,,,
2026-09-28,ICE,ICE,해외주식,2,252,,,,,,,1,22,,,,,,
2026-09-28,MST,MST,해외주식,2,39,,,,,,,1,2,,,,,,
2026-09-28,QXO,QXO,해외주식,2,99,,,,,,,0,13,,,,,,
2026-09-28,ACMR,ACMR,해외주식,2,36,,,,,,,0,9,,,,,,
2026-09-28,CEVA,CEVA,해외주식,2,163,,,,,,,0,14,,,,,,
2026-09-28,CGNX,CGNX,해외주식,2,185,,,,,,,10,12,,,,,,
2026-09-28,CRWL,CRWL,해외주식,2,14,,,,,,,0,2,,,,,,
2026-09-28,EONR,EONR,해외주식,2,66,,,,,,,0,6,,,,,,
2026-09-28,OCGN,OCGN,해외주식,2,293,,,,,,,0,14,,,,,,
2026-09-28,RPRX,RPRX,해외주식,2,33,,,,,,,1,8,,,,,,
2026-09-28,SNDQ,SNDQ,해외주식,2,47,,,,,,,0,7,,,,,,
2026-09-28,TROW,TROW,해외주식,2,359,,,,,,,0,40,,,,,,
2026-09-28,UAVS,UAVS,해외주식,2,273,,,,,,,0,21,,,,,,
2026-09-28,VALE,VALE,해외주식,2,157,,,,,,,0,15,,,,,,
2026-09-28,MX,MX,해외주식,2,68,,,,,,,0,11,,,,,,
2026-09-28,ENS,ENS,해외주식,2,1123,,,,,,,0,31,,,,,,
2026-09-28,LAR,LAR,해외주식,2,341,,,,,,,0,48,,,,,,
2026-09-28,MET,MET,해외주식,2,1472,,,,,,,0,42,,,,,,
2026-09-28,OGN,OGN,해외주식,2,1599,,,,,,,0,62,,,,,,
2026-09-28,OMF,OMF,해외주식,2,148,,,,,,,0,12,,,,,,
2026-09-28,PTC,PTC,해외주식,2,330,,,,,,,3,29,,,,,,
2026-09-28,RUM,RUM,해외주식,2,134,,,,,,,1,23,,,,,,
2026-09-28,VNM,VNM,해외주식,2,61,,,,,,,0,14,,,,,,
2026-09-28,VTR,VTR,해외주식,2,146,,,,,,,1,16,,,,,,
2026-09-28,BNAI,BNAI,해외주식,2,391,,,,,,,0,16,,,,,,
2026-09-28,BULL,BULL,해외주식,2,158,,,,,,,0,5,,,,,,
2026-09-28,DRTS,DRTS,해외주식,2,17,,,,,,,14,5,,,,,,
2026-09-28,EETH,EETH,해외주식,2,64,,,,,,,2,13,,,,,,
2026-09-28,QDTY,QDTY,해외주식,2,17,,,,,,,0,5,,,,,,
2026-09-28,RBRK,RBRK,해외주식,2,57,,,,,,,1,5,,,,,,
2026-09-28,MTVA,MTVA,해외주식,1,153,,,,,,,0,9,,,,,,
2026-09-28,NTNX,NTNX,해외주식,1,65,,,,,,,0,14,,,,,,
2026-09-28,NTSK,NTSK,해외주식,1,50,,,,,,,0,10,,,,,,
2026-09-28,NVEC,NVEC,해외주식,1,10,,,,,,,0,6,,,,,,
2026-09-28,NXAT,NXAT,해외주식,1,86,,,,,,,0,11,,,,,,
2026-09-28,PHUN,PHUN,해외주식,1,361,,,,,,,0,18,,,,,,
2026-09-28,PZZA,PZZA,해외주식,1,50,,,,,,,0,7,,,,,,
2026-09-28,RGTZ,RGTZ,해외주식,1,39,,,,,,,0,1,,,,,,
2026-09-28,TSLZ,TSLZ,해외주식,1,106,,,,,,,0,9,,,,,,
2026-09-28,URTH,URTH,해외주식,1,17,,,,,,,0,4,,,,,,
2026-09-28,UTHR,UTHR,해외주식,1,80,,,,,,,0,15,,,,,,
2026-09-28,WETO,WETO,해외주식,1,172,,,,,,,0,14,,,,,,
2026-09-28,XTIA,XTIA,해외주식,1,291,,,,,,,0,23,,,,,,
2026-09-28,HAFN,HAFN,해외주식,1,19,,,,,,,0,1,,,,,,
2026-09-28,INDI,INDI,해외주식,1,67,,,,,,,0,6,,,,,,
2026-09-28,KZIA,KZIA,해외주식,1,26,,,,,,,0,2,,,,,,
2026-09-28,LOAR,LOAR,해외주식,1,4,,,,,,,0,2,,,,,,
2026-09-28,LYFT,LYFT,해외주식,1,330,,,,,,,1,31,,,,,,
2026-09-28,MEDS,MEDS,해외주식,1,101,,,,,,,0,10,,,,,,
2026-09-28,MTCH,MTCH,해외주식,1,215,,,,,,,0,15,,,,,,
2026-09-28,NRXP,NRXP,해외주식,1,65,,,,,,,0,6,,,,,,
2026-09-28,PTON,PTON,해외주식,1,2374,,,,,,,0,72,,,,,,
2026-09-28,RCKT,RCKT,해외주식,1,38,,,,,,,0,3,,,,,,
2026-09-28,ROIV,ROIV,해외주식,1,38,,,,,,,1,5,,,,,,
2026-09-28,SOXY,SOXY,해외주식,1,16,,,,,,,0,3,,,,,,
2026-09-28,SPTM,SPTM,해외주식,1,239,,,,,,,6,579,,,,,,
2026-09-28,STXL,STXL,해외주식,1,15,,,,,,,0,4,,,,,,
2026-09-28,EPR/G,EPR/G,해외주식,1,5,,,,,,,0,0,,,,,,
2026-09-28,RGTIW,RGTIW,해외주식,1,61,,,,,,,0,8,,,,,,
2026-09-28,AEM,AEM,해외주식,1,148,,,,,,,1,16,,,,,,
2026-09-28,ARE,ARE,해외주식,1,213,,,,,,,0,11,,,,,,
2026-09-28,ERO,ERO,해외주식,1,20,,,,,,,0,3,,,,,,
2026-09-28,EXK,EXK,해외주식,1,45,,,,,,,1,9,,,,,,
2026-09-28,FIS,FIS,해외주식,1,306,,,,,,,0,21,,,,,,
2026-09-28,FLG,FLG,해외주식,1,22,,,,,,,0,2,,,,,,
2026-09-28,IWN,IWN,해외주식,1,106,,,,,,,0,11,,,,,,
2026-09-28,KSS,KSS,해외주식,1,227,,,,,,,0,18,,,,,,
2026-09-28,SNY,SNY,해외주식,1,159,,,,,,,1,314,,,,,,
2026-09-28,XRX,XRX,해외주식,1,1408,,,,,,,0,22,,,,,,
2026-09-28,XSD,XSD,해외주식,1,21,,,,,,,0,12,,,,,,
2026-09-28,ACIU,ACIU,해외주식,1,60,,,,,,,0,0,,,,,,
2026-09-28,AWAY,AWAY,해외주식,1,120,,,,,,,0,27,,,,,,
2026-09-28,BITQ,BITQ,해외주식,1,32,,,,,,,0,4,,,,,,
2026-09-28,CADL,CADL,해외주식,1,26,,,,,,,4,3,,,,,,
2026-09-28,CAPR,CAPR,해외주식,1,43,,,,,,,0,7,,,,,,
2026-09-28,CHRD,CHRD,해외주식,1,36,,,,,,,0,5,,,,,,
2026-09-28,COWZ,COWZ,해외주식,1,33,,,,,,,0,4,,,,,,
2026-09-28,CRMD,CRMD,해외주식,1,29,,,,,,,0,2,,,,,,
2026-09-28,CRNC,CRNC,해외주식,1,203,,,,,,,0,33,,,,,,
2026-09-28,EROC,EROC,해외주식,1,43,,,,,,,2,32,,,,,,
2026-09-28,ESTC,ESTC,해외주식,1,124,,,,,,,1,17,,,,,,
2026-09-28,FNGO,FNGO,해외주식,1,18,,,,,,,4,6,,,,,,
2026-09-28,FTXL,FTXL,해외주식,1,29,,,,,,,1,11,,,,,,
2026-09-28,GAME,GAME,해외주식,1,25,,,,,,,0,0,,,,,,
2026-09-28,GLSI,GLSI,해외주식,1,49,,,,,,,0,5,,,,,,
2026-09-28,HACK,HACK,해외주식,1,46,,,,,,,1,20,,,,,,
2026-09-28,HERO,HERO,해외주식,1,67,,,,,,,0,23,,,,,,
2026-09-28,KNSL,KNSL,해외주식,1,1050,,,,,,,0,49,,,,,,
2026-09-28,LOFF,LOFF,해외주식,1,25,,,,,,,1,2,,,,,,
2026-09-28,MNKD,MNKD,해외주식,1,27,,,,,,,0,2,,,,,,
2026-09-28,MDLZ,MDLZ,해외주식,1,385,,,,,,,0,21,,,,,,
2026-09-28,MTRN,MTRN,해외주식,1,19,,,,,,,0,3,,,,,,
2026-09-28,NVOX,NVOX,해외주식,1,89,,,,,,,0,6,,,,,,
2026-09-28,OCUL,OCUL,해외주식,1,28,,,,,,,0,5,,,,,,
2026-09-28,PILL,PILL,해외주식,1,33,,,,,,,0,1,,,,,,
2026-09-28,PRZO,PRZO,해외주식,1,223,,,,,,,1,62,,,,,,
2026-09-28,QFIN,QFIN,해외주식,1,44,,,,,,,0,2,,,,,,
2026-09-28,RARE,RARE,해외주식,1,34,,,,,,,0,6,,,,,,
2026-09-28,RONB,RONB,해외주식,1,76,,,,,,,0,7,,,,,,
2026-09-28,SBSW,SBSW,해외주식,1,50,,,,,,,0,7,,,,,,
2026-09-28,SIGA,SIGA,해외주식,1,79,,,,,,,0,9,,,,,,
2026-09-28,SNAL,SNAL,해외주식,1,57,,,,,,,0,5,,,,,,
2026-09-28,SPCF,SPCF,해외주식,1,27,,,,,,,1,2,,,,,,
2026-09-28,SPDW,SPDW,해외주식,1,89,,,,,,,1,403,,,,,,
2026-09-28,TARK,TARK,해외주식,1,18,,,,,,,0,1,,,,,,
2026-09-28,TDIV,TDIV,해외주식,1,18,,,,,,,0,3,,,,,,
2026-09-28,VIXY,VIXY,해외주식,1,60,,,,,,,0,12,,,,,,
2026-09-28,VSTL,VSTL,해외주식,1,14,,,,,,,0,0,,,,,,
2026-09-28,WGMI,WGMI,해외주식,1,78,,,,,,,6,25,,,,,,
2026-09-28,CI,CI,해외주식,1,211,,,,,,,0,16,,,,,,
2026-09-28,XT,XT,해외주식,1,11,,,,,,,0,4,,,,,,
2026-09-28,BMO,BMO,해외주식,1,136,,,,,,,0,6,,,,,,
2026-09-28,CMI,CMI,해외주식,1,167,,,,,,,1,19,,,,,,
2026-09-28,DBA,DBA,해외주식,1,96,,,,,,,1,13,,,,,,
2026-09-28,DON,DON,해외주식,1,132,,,,,,,0,11,,,,,,
2026-09-28,GAP,GAP,해외주식,1,1242,,,,,,,0,35,,,,,,
2026-09-28,HCA,HCA,해외주식,1,185,,,,,,,0,12,,,,,,
2026-09-28,RKT,RKT,해외주식,1,153,,,,,,,0,21,,,,,,
2026-09-28,ROP,ROP,해외주식,1,452,,,,,,,0,34,,,,,,
2026-09-28,RPG,RPG,해외주식,1,11,,,,,,,1,2,,,,,,
2026-09-28,SNX,SNX,해외주식,1,72,,,,,,,0,1,,,,,,
2026-09-28,TPR,TPR,해외주식,1,220,,,,,,,1,18,,,,,,
2026-09-28,WPM,WPM,해외주식,1,136,,,,,,,1,15,,,,,,
2026-09-28,ACCS,ACCS,해외주식,1,1,,,,,,,0,0,,,,,,
2026-09-28,AIRR,AIRR,해외주식,1,31,,,,,,,1,13,,,,,,
2026-09-28,BCTX,BCTX,해외주식,1,56,,,,,,,0,2,,,,,,
2026-09-28,CALM,CALM,해외주식,1,47,,,,,,,1,7,,,,,,
2026-09-28,CAVA,CAVA,해외주식,1,52,,,,,,,0,9,,,,,,
2026-09-28,CNSY,CNSY,해외주식,1,70,,,,,,,0,5,,,,,,
2026-09-28,CYPH,CYPH,해외주식,1,212,,,,,,,1,8,,,,,,
2026-09-28,FIAT,FIAT,해외주식,1,116,,,,,,,0,9,,,,,,
2026-09-28,FRVO,FRVO,해외주식,1,57,,,,,,,0,4,,,,,,
2026-09-28,GRNY,GRNY,해외주식,1,36,,,,,,,2,17,,,,,,
2026-09-28,MSFX,MSFX,해외주식,1,39,,,,,,,0,6,,,,,,
2026-09-28,NRGU,NRGU,해외주식,1,24,,,,,,,0,1,,,,,,
2026-09-28,OXLC,OXLC,해외주식,1,106,,,,,,,0,16,,,,,,
2026-09-28,PLTD,PLTD,해외주식,1,38,,,,,,,0,0,,,,,,
2026-09-28,PSKY,PSKY,해외주식,1,737,,,,,,,0,29,,,,,,
2026-09-28,REPL,REPL,해외주식,1,45,,,,,,,0,2,,,,,,
2026-09-28,SWMR,SWMR,해외주식,1,64,,,,,,,0,10,,,,,,
2026-09-28,TENX,TENX,해외주식,1,60,,,,,,,0,4,,,,,,
2026-09-28,TSII,TSII,해외주식,1,59,,,,,,,0,6,,,,,,
2026-09-28,WHLR,WHLR,해외주식,1,102,,,,,,,0,11,,,,,,
2026-09-28,XLRE,XLRE,해외주식,1,223,,,,,,,2,141,,,,,,
2026-09-28,RY,RY,해외주식,1,337,,,,,,,0,11,,,,,,
2026-09-28,ADC,ADC,해외주식,1,41,,,,,,,0,3,,,,,,
2026-09-28,ASM,ASM,해외주식,1,45,,,,,,,0,10,,,,,,
2026-09-28,BCE,BCE,해외주식,1,279,,,,,,,0,5,,,,,,
2026-09-28,EHC,EHC,해외주식,1,39,,,,,,,0,3,,,,,,
2026-09-28,HLF,HLF,해외주식,1,50,,,,,,,16,18,,,,,,
2026-09-28,ITW,ITW,해외주식,1,267,,,,,,,0,15,,,,,,
2026-09-28,KDP,KDP,해외주식,1,631,,,,,,,0,25,,,,,,
2026-09-28,NVA,NVA,해외주식,1,12,,,,,,,0,0,,,,,,
2026-09-28,RXT,RXT,해외주식,1,161,,,,,,,0,15,,,,,,
2026-09-28,T/C,T/C,해외주식,1,11,,,,,,,0,0,,,,,,
2026-09-28,UHS,UHS,해외주식,1,51,,,,,,,0,7,,,,,,
2026-09-28,USB,USB,해외주식,1,289,,,,,,,0,21,,,,,,
2026-09-28,UTF,UTF,해외주식,1,32,,,,,,,0,3,,,,,,
2026-09-28,VFC,VFC,해외주식,1,1032,,,,,,,0,41,,,,,,
2026-09-28,VFH,VFH,해외주식,1,340,,,,,,,2,20,,,,,,
2026-09-28,AIFC,AIFC,해외주식,1,112,,,,,,,0,6,,,,,,
2026-09-28,APTV,APTV,해외주식,1,353,,,,,,,1,41,,,,,,
2026-09-28,AUDC,AUDC,해외주식,1,138,,,,,,,0,11,,,,,,
2026-09-28,BTBT,BTBT,해외주식,1,225,,,,,,,0,17,,,,,,
2026-09-28,CRBU,CRBU,해외주식,1,79,,,,,,,1,12,,,,,,
2026-09-28,CRGO,CRGO,해외주식,1,11,,,,,,,0,3,,,,,,
2026-09-28,CTEC,CTEC,해외주식,1,60,,,,,,,0,9,,,,,,
2026-09-28,DUSL,DUSL,해외주식,1,10,,,,,,,0,1,,,,,,
2026-09-28,ESTA,ESTA,해외주식,1,8,,,,,,,23,6,,,,,,
2026-09-28,EVGO,EVGO,해외주식,1,322,,,,,,,0,36,,,,,,
2026-09-28,FLYT,FLYT,해외주식,1,6,,,,,,,0,2,,,,,,
2026-09-28,GDXW,GDXW,해외주식,1,19,,,,,,,0,2,,,,,,
2026-09-28,HGER,HGER,해외주식,1,8,,,,,,,0,0,,,,,,
2026-09-28,HOLO,HOLO,해외주식,1,245,,,,,,,0,29,,,,,,
2026-09-28,INFY,INFY,해외주식,1,231,,,,,,,3,740,,,,,,
2026-09-28,LENZ,LENZ,해외주식,1,181,,,,,,,0,20,,,,,,
2026-09-28,LIMN,LIMN,해외주식,1,107,,,,,,,0,18,,,,,,
2026-09-28,REBN,REBN,해외주식,1,27,,,,,,,0,7,,,,,,
2026-09-28,ROKT,ROKT,해외주식,1,43,,,,,,,0,8,,,,,,
2026-09-28,SANA,SANA,해외주식,1,72,,,,,,,0,17,,,,,,
2026-09-28,SHIP,SHIP,해외주식,1,68,,,,,,,0,4,,,,,,
2026-09-28,SPCU,SPCU,해외주식,1,33,,,,,,,0,1,,,,,,
2026-09-28,TTAN,TTAN,해외주식,1,22,,,,,,,0,8,,,,,,
2026-09-28,UFOX,UFOX,해외주식,1,41,,,,,,,1,17,,,,,,
2026-09-28,USRT,USRT,해외주식,1,3,,,,,,,0,1,,,,,,
2026-09-28,WATT,WATT,해외주식,1,31,,,,,,,0,3,,,,,,
2026-09-28,WDAY,WDAY,해외주식,1,172,,,,,,,0,20,,,,,,
2026-09-28,WDTE,WDTE,해외주식,1,53,,,,,,,0,2,,,,,,
2026-09-28,ZURA,ZURA,해외주식,1,25,,,,,,,0,4,,,,,,
2026-09-28,BBY,BBY,해외주식,1,713,,,,,,,0,31,,,,,,
2026-09-28,CHT,CHT,해외주식,1,2,,,,,,,0,0,,,,,,
2026-09-28,CII,CII,해외주식,1,12,,,,,,,0,1,,,,,,
2026-09-28,CTM,CTM,해외주식,1,104,,,,,,,0,8,,,,,,
2026-09-28,IAI,IAI,해외주식,1,62,,,,,,,1,16,,,,,,
2026-09-28,IXN,IXN,해외주식,1,134,,,,,,,0,13,,,,,,
2026-09-28,NMM,NMM,해외주식,1,11,,,,,,,0,1,,,,,,
2026-09-28,PGX,PGX,해외주식,1,141,,,,,,,8,30,,,,,,
2026-09-28,PSN,PSN,해외주식,1,30,,,,,,,0,8,,,,,,
2026-09-28,RAL,RAL,해외주식,1,86,,,,,,,0,4,,,,,,
2026-09-28,RBC,RBC,해외주식,1,6,,,,,,,0,1,,,,,,
2026-09-28,SKM,SKM,해외주식,1,104,,,,,,,0,7,,,,,,
2026-09-28,TEL,TEL,해외주식,1,164,,,,,,,0,12,,,,,,
2026-09-28,TRP,TRP,해외주식,1,287,,,,,,,0,7,,,,,,
2026-09-28,YYY,YYY,해외주식,1,16,,,,,,,0,1,,,,,,
2026-09-28,ADBG,ADBG,해외주식,1,29,,,,,,,0,0,,,,,,
2026-09-28,AKBA,AKBA,해외주식,1,38,,,,,,,0,3,,,,,,
2026-09-28,ARDX,ARDX,해외주식,1,115,,,,,,,2,8,,,,,,
2026-09-28,ASMG,ASMG,해외주식,1,19,,,,,,,0,9,,,,,,
2026-09-28,BIAF,BIAF,해외주식,1,51,,,,,,,0,7,,,,,,
2026-09-28,BKCH,BKCH,해외주식,1,34,,,,,,,0,10,,,,,,
2026-09-28,CCEP,CCEP,해외주식,1,318,,,,,,,0,21,,,,,,
2026-09-28,CHMI,CHMI,해외주식,1,57,,,,,,,0,1,,,,,,
2026-09-28,CHTR,CHTR,해외주식,1,511,,,,,,,0,33,,,,,,
2026-09-28,CORT,CORT,해외주식,1,12,,,,,,,0,2,,,,,,
2026-09-28,DRIP,DRIP,해외주식,1,13,,,,,,,0,2,,,,,,
2026-09-28,ELAN,ELAN,해외주식,1,356,,,,,,,2,114,,,,,,
2026-09-28,FNGD,FNGD,해외주식,1,40,,,,,,,0,5,,,,,,
2026-09-28,GERN,GERN,해외주식,1,88,,,,,,,0,8,,,,,,
2026-09-28,GMEU,GMEU,해외주식,1,15,,,,,,,0,2,,,,,,
2026-09-28,HUBB,HUBB,해외주식,1,88,,,,,,,0,6,,,,,,
2026-09-28,INDY,INDY,해외주식,1,50,,,,,,,0,7,,,,,,
2026-09-28,VTGN,VTGN,해외주식,1,132,,,,,,,0,12,,,,,,
2026-09-28,WRBY,WRBY,해외주식,1,119,,,,,,,7,30,,,,,,
2026-09-28,XRPI,XRPI,해외주식,1,65,,,,,,,2,15,,,,,,
2026-09-28,CORZZ,CORZZ,해외주식,1,7,,,,,,,0,0,,,,,,
2026-09-28,ET,ET,해외주식,1,66,,,,,,,1,15,,,,,,
2026-09-28,SH,SH,해외주식,1,43,,,,,,,1,22,,,,,,
2026-09-28,ADT,ADT,해외주식,1,1110,,,,,,,0,17,,,,,,
2026-09-28,BNS,BNS,해외주식,1,189,,,,,,,0,9,,,,,,
2026-09-28,CNQ,CNQ,해외주식,1,123,,,,,,,0,12,,,,,,
2026-09-28,DBB,DBB,해외주식,1,19,,,,,,,0,4,,,,,,
2026-09-28,DDM,DDM,해외주식,1,31,,,,,,,0,5,,,,,,
2026-09-28,DVY,DVY,해외주식,1,56,,,,,,,1,16,,,,,,
2026-09-28,HAL,HAL,해외주식,1,298,,,,,,,0,17,,,,,,
2026-09-28,HUM,HUM,해외주식,1,131,,,,,,,1,13,,,,,,
2026-09-28,IWF,IWF,해외주식,1,276,,,,,,,0,18,,,,,,
2026-09-28,IXJ,IXJ,해외주식,1,193,,,,,,,0,17,,,,,,
2026-09-28,KBR,KBR,해외주식,1,77,,,,,,,0,5,,,,,,
2026-09-28,KGC,KGC,해외주식,1,52,,,,,,,0,7,,,,,,
2026-09-28,PBM,PBM,해외주식,1,86,,,,,,,0,14,,,,,,
2026-09-28,SRE,SRE,해외주식,1,760,,,,,,,0,28,,,,,,
2026-09-28,TKO,TKO,해외주식,1,223,,,,,,,0,11,,,,,,
2026-09-28,UNP,UNP,해외주식,1,378,,,,,,,0,22,,,,,,
2026-09-28,VOE,VOE,해외주식,1,128,,,,,,,0,6,,,,,,
2026-09-28,XXI,XXI,해외주식,1,52,,,,,,,0,8,,,,,,
2026-09-28,ADMA,ADMA,해외주식,1,63,,,,,,,0,8,,,,,,
2026-09-28,BDRY,BDRY,해외주식,1,26,,,,,,,0,4,,,,,,
2026-09-28,BURU,BURU,해외주식,1,247,,,,,,,0,13,,,,,,
2026-09-28,CASY,CASY,해외주식,1,158,,,,,,,0,10,,,,,,
2026-09-28,CCXI,CCXI,해외주식,1,49,,,,,,,0,12,,,,,,
2026-09-28,COYY,COYY,해외주식,1,59,,,,,,,0,10,,,,,,
2026-09-28,CPRT,CPRT,해외주식,1,180,,,,,,,0,26,,,,,,
2026-09-28,CSWC,CSWC,해외주식,1,102,,,,,,,1,10,,,,,,
2026-09-28,DWLD,DWLD,해외주식,1,1,,,,,,,0,0,,,,,,
2026-09-28,FANG,FANG,해외주식,1,317,,,,,,,0,21,,,,,,
2026-09-28,FATE,FATE,해외주식,1,37,,,,,,,0,5,,,,,,
2026-09-28,FLEX,FLEX,해외주식,1,59,,,,,,,1,14,,,,,,
2026-09-28,GILT,GILT,해외주식,1,45,,,,,,,0,5,,,,,,
2026-09-28,HOOG,HOOG,해외주식,1,23,,,,,,,1,5,,,,,,
2026-09-28,HYFT,HYFT,해외주식,1,29,,,,,,,0,2,,,,,,
2026-09-28,IBKR,IBKR,해외주식,1,103,,,,,,,0,10,,,,,,
2026-09-28,IDRV,IDRV,해외주식,1,96,,,,,,,1,34,,,,,,
2026-09-28,IMRX,IMRX,해외주식,1,46,,,,,,,0,4,,,,,,
2026-09-28,IMSR,IMSR,해외주식,1,106,,,,,,,1,13,,,,,,
2026-09-28,INTZ,INTZ,해외주식,1,156,,,,,,,0,18,,,,,,
2026-09-28,IVES,IVES,해외주식,1,33,,,,,,,2,28,,,,,,
2026-09-28,KBWD,KBWD,해외주식,1,43,,,,,,,0,8,,,,,,
2026-09-28,KODK,KODK,해외주식,1,113,,,,,,,0,10,,,,,,
2026-09-28,KSPI,KSPI,해외주식,1,20,,,,,,,0,5,,,,,,
2026-09-28,ONEQ,ONEQ,해외주식,1,15,,,,,,,1,20,,,,,,
2026-09-28,OTIS,OTIS,해외주식,1,245,,,,,,,5,524,,,,,,
2026-09-28,BW,BW,해외주식,1,74,,,,,,,0,11,,,,,,
2026-09-28,FN,FN,해외주식,1,50,,,,,,,0,7,,,,,,
2026-09-28,NB,NB,해외주식,1,43,,,,,,,0,5,,,,,,
2026-09-28,AOM,AOM,해외주식,1,75,,,,,,,0,7,,,,,,
2026-09-28,CAH,CAH,해외주식,1,103,,,,,,,0,10,,,,,,
2026-09-28,GCT,GCT,해외주식,1,27,,,,,,,0,1,,,,,,
2026-09-28,HCC,HCC,해외주식,1,20,,,,,,,1,29,,,,,,
2026-09-28,KJD,KJD,해외주식,1,1,,,,,,,0,0,,,,,,
2026-09-28,LNC,LNC,해외주식,1,152,,,,,,,0,3,,,,,,
2026-09-28,MTZ,MTZ,해외주식,1,78,,,,,,,0,9,,,,,,
2026-09-28,NAD,NAD,해외주식,1,13,,,,,,,0,1,,,,,,
2026-09-28,SDY,SDY,해외주식,1,44,,,,,,,1,5,,,,,,
2026-09-28,TRT,TRT,해외주식,1,10,,,,,,,0,2,,,,,,
2026-09-28,URG,URG,해외주식,1,59,,,,,,,0,2,,,,,,
2026-09-28,VLN,VLN,해외주식,1,35,,,,,,,0,4,,,,,,
2026-09-28,XTL,XTL,해외주식,1,19,,,,,,,0,18,,,,,,
2026-09-28,AMBQ,AMBQ,해외주식,1,22,,,,,,,0,13,,,,,,
2026-09-28,ASTI,ASTI,해외주식,1,92,,,,,,,0,8,,,,,,
2026-09-28,AVIR,AVIR,해외주식,1,46,,,,,,,0,8,,,,,,
2026-09-28,AVXL,AVXL,해외주식,1,23,,,,,,,0,3,,,,,,
2026-09-28,BATT,BATT,해외주식,1,89,,,,,,,0,15,,,,,,
2026-09-28,BZAI,BZAI,해외주식,1,110,,,,,,,1,9,,,,,,
2026-09-28,DFLI,DFLI,해외주식,1,223,,,,,,,0,15,,,,,,
2026-09-28,ETHB,ETHB,해외주식,1,44,,,,,,,0,1,,,,,,
2026-09-28,FICO,FICO,해외주식,1,138,,,,,,,3,15,,,,,,
2026-09-28,FWDI,FWDI,해외주식,1,26,,,,,,,0,2,,,,,,
2026-09-28,GARP,GARP,해외주식,1,7,,,,,,,0,2,,,,,,
2026-09-28,HRZN,HRZN,해외주식,1,53,,,,,,,0,9,,,,,,
2026-09-28,IDEV,IDEV,해외주식,1,40,,,,,,,2,206,,,,,,
2026-09-28,IDXX,IDXX,해외주식,1,414,,,,,,,0,17,,,,,,
2026-09-28,IGLD,IGLD,해외주식,1,56,,,,,,,0,5,,,,,,
2026-09-28,KOID,KOID,해외주식,1,89,,,,,,,0,10,,,,,,
2026-09-28,MDAI,MDAI,해외주식,1,68,,,,,,,0,1,,,,,,
2026-09-28,MTEX,MTEX,해외주식,1,39,,,,,,,1,14,,,,,,
2026-09-28,PLTG,PLTG,해외주식,1,33,,,,,,,0,3,,,,,,
2026-09-28,QIWI,QIWI,해외주식,1,39,,,,,,,0,0,,,,,,
2026-09-28,RDTL,RDTL,해외주식,1,26,,,,,,,0,0,,,,,,
2026-09-28,RETO,RETO,해외주식,1,230,,,,,,,0,14,,,,,,
2026-09-28,ROBT,ROBT,해외주식,1,63,,,,,,,0,3,,,,,,
2026-09-28,SDOT,SDOT,해외주식,1,119,,,,,,,0,7,,,,,,
2026-09-28,SOLS,SOLS,해외주식,1,381,,,,,,,0,29,,,,,,
2026-09-28,TSES,TSES,해외주식,1,135,,,,,,,0,8,,,,,,
2026-09-28,TSSD,TSSD,해외주식,1,127,,,,,,,0,5,,,,,,
2026-09-28,PMT/A,PMT/A,해외주식,1,6,,,,,,,0,1,,,,,,
2026-09-28,LI,LI,해외주식,1,162,,,,,,,0,30,,,,,,
2026-09-28,ALP,ALP,해외주식,1,154,,,,,,,0,14,,,,,,
2026-09-28,APO,APO,해외주식,1,330,,,,,,,1,18,,,,,,
2026-09-28,AZO,AZO,해외주식,1,220,,,,,,,0,10,,,,,,
2026-09-28,CNI,CNI,해외주식,1,225,,,,,,,0,13,,,,,,
2026-09-28,EME,EME,해외주식,1,110,,,,,,,0,12,,,,,,
2026-09-28,EUV,EUV,해외주식,1,47,,,,,,,1,13,,,,,,
2026-09-28,HAS,HAS,해외주식,1,512,,,,,,,0,22,,,,,,
2026-09-28,IPO,IPO,해외주식,1,70,,,,,,,2,113,,,,,,
2026-09-28,KKR,KKR,해외주식,1,258,,,,,,,1,22,,,,,,
2026-09-28,LPG,LPG,해외주식,1,24,,,,,,,0,2,,,,,,
2026-09-28,PBW,PBW,해외주식,1,93,,,,,,,2,89,,,,,,
2026-09-28,POR,POR,해외주식,1,81,,,,,,,0,8,,,,,,
2026-09-28,SFM,SFM,해외주식,1,29,,,,,,,0,6,,,,,,
2026-09-28,WEC,WEC,해외주식,1,179,,,,,,,0,5,,,,,,
2026-09-28,WMS,WMS,해외주식,1,326,,,,,,,0,14,,,,,,
2026-09-28,WWR,WWR,해외주식,1,85,,,,,,,3,10,,,,,,
2026-09-28,ADBT,ADBT,해외주식,1,54,,,,,,,0,5,,,,,,
2026-09-28,AMZW,AMZW,해외주식,1,26,,,,,,,0,1,,,,,,
2026-09-28,CBRG,CBRG,해외주식,1,31,,,,,,,0,8,,,,,,
2026-09-28,CTAS,CTAS,해외주식,1,145,,,,,,,0,13,,,,,,
2026-09-28,CURE,CURE,해외주식,1,33,,,,,,,0,10,,,,,,
2026-09-28,DEFT,DEFT,해외주식,1,136,,,,,,,0,17,,,,,,
2026-09-28,DRAL,DRAL,해외주식,1,10,,,,,,,0,2,,,,,,
2026-09-28,FLIN,FLIN,해외주식,1,40,,,,,,,0,7,,,,,,
2026-09-28,HSAI,HSAI,해외주식,1,113,,,,,,,1,15,,,,,,
2026-09-28,INLF,INLF,해외주식,1,105,,,,,,,0,12,,,,,,
2026-09-28,KULR,KULR,해외주식,1,194,,,,,,,0,18,,,,,,
2026-09-28,LUNL,LUNL,해외주식,1,47,,,,,,,0,4,,,,,,
2026-09-28,LVHI,LVHI,해외주식,1,8,,,,,,,0,11,,,,,,
2026-09-28,MSAI,MSAI,해외주식,1,54,,,,,,,0,5,,,,,,
2026-09-28,MTSI,MTSI,해외주식,1,29,,,,,,,0,12,,,,,,
2026-09-28,NTAP,NTAP,해외주식,1,138,,,,,,,1,11,,,,,,
2026-09-28,NVYY,NVYY,해외주식,1,53,,,,,,,0,10,,,,,,
2026-09-28,NXST,NXST,해외주식,1,61,,,,,,,0,6,,,,,,
2026-09-28,PFFD,PFFD,해외주식,1,42,,,,,,,1,9,,,,,,
2026-09-28,SOGP,SOGP,해외주식,1,14,,,,,,,0,2,,,,,,
2026-09-28,STAG,STAG,해외주식,1,144,,,,,,,0,18,,,,,,
2026-09-28,TGHL,TGHL,해외주식,1,54,,,,,,,4,8,,,,,,
2026-09-28,TNYA,TNYA,해외주식,1,54,,,,,,,0,1,,,,,,
2026-09-28,TPVG,TPVG,해외주식,1,79,,,,,,,0,9,,,,,,
2026-09-28,TSPY,TSPY,해외주식,1,19,,,,,,,0,2,,,,,,
2026-09-28,UTSL,UTSL,해외주식,1,21,,,,,,,0,2,,,,,,
2026-09-28,VRTL,VRTL,해외주식,1,37,,,,,,,1,6,,,,,,
2026-09-28,WNTR,WNTR,해외주식,1,24,,,,,,,0,1,,,,,,
2026-09-28,ZPTA,ZPTA,해외주식,1,127,,,,,,,7,8,,,,,,
2026-09-28,ABBNY,ABBNY,해외주식,1,61,,,,,,,6,11,,,,,,
2026-09-28,GNR,GNR,해외주식,1,238,,,,,,,0,11,,,,,,
2026-09-28,JNK,JNK,해외주식,1,202,,,,,,,1,14,,,,,,
2026-09-28,MFA,MFA,해외주식,1,77,,,,,,,0,14,,,,,,
2026-09-28,MRP,MRP,해외주식,1,182,,,,,,,0,10,,,,,,
2026-09-28,NTR,NTR,해외주식,1,233,,,,,,,0,13,,,,,,
2026-09-28,OWL,OWL,해외주식,1,63,,,,,,,0,7,,,,,,
2026-09-28,SYY,SYY,해외주식,1,444,,,,,,,0,27,,,,,,
2026-09-28,TNK,TNK,해외주식,1,13,,,,,,,0,3,,,,,,
2026-09-28,TZA,TZA,해외주식,1,28,,,,,,,0,3,,,,,,
2026-09-28,VXX,VXX,해외주식,1,60,,,,,,,1,6,,,,,,
2026-09-28,ACRE,ACRE,해외주식,1,46,,,,,,,0,7,,,,,,
2026-09-28,AMPG,AMPG,해외주식,1,94,,,,,,,0,13,,,,,,
2026-09-28,APUS,APUS,해외주식,1,84,,,,,,,0,6,,,,,,
2026-09-28,ARMW,ARMW,해외주식,1,14,,,,,,,0,1,,,,,,
2026-09-28,ARQT,ARQT,해외주식,1,48,,,,,,,0,7,,,,,,
2026-09-28,BNGO,BNGO,해외주식,1,154,,,,,,,0,23,,,,,,
2026-09-28,BTCT,BTCT,해외주식,1,186,,,,,,,0,12,,,,,,
2026-09-28,CRDU,CRDU,해외주식,1,39,,,,,,,13,14,,,,,,
2026-09-28,DOCN,DOCN,해외주식,1,80,,,,,,,216,899,,,,,,
2026-09-28,DPRO,DPRO,해외주식,1,110,,,,,,,0,16,,,,,,
2026-09-28,EDIT,EDIT,해외주식,1,131,,,,,,,0,22,,,,,,
2026-09-28,GEVX,GEVX,해외주식,1,32,,,,,,,0,4,,,,,,
2026-09-28,GLDW,GLDW,해외주식,1,24,,,,,,,0,1,,,,,,
2026-09-28,HESM,HESM,해외주식,1,140,,,,,,,0,16,,,,,,
2026-09-28,ICSH,ICSH,해외주식,1,14,,,,,,,1,7,,,,,,
2026-09-28,IYRI,IYRI,해외주식,1,10,,,,,,,0,0,,,,,,
2026-09-28,LBRT,LBRT,해외주식,1,79,,,,,,,0,6,,,,,,
2026-09-28,MIST,MIST,해외주식,1,40,,,,,,,0,2,,,,,,
2026-09-28,MOBX,MOBX,해외주식,1,186,,,,,,,0,13,,,,,,
2026-09-28,MPTI,MPTI,해외주식,1,4,,,,,,,0,0,,,,,,
2026-09-28,ONDL,ONDL,해외주식,1,18,,,,,,,0,3,,,,,,
2026-09-28,PGEN,PGEN,해외주식,1,32,,,,,,,0,3,,,,,,
2026-09-28,QCMU,QCMU,해외주식,1,46,,,,,,,1,4,,,,,,
2026-09-28,QQQE,QQQE,해외주식,1,46,,,,,,,0,6,,,,,,
2026-09-28,QTEC,QTEC,해외주식,1,11,,,,,,,1,7,,,,,,
2026-09-28,RANI,RANI,해외주식,1,123,,,,,,,0,7,,,,,,
2026-09-28,RVSN,RVSN,해외주식,1,76,,,,,,,0,4,,,,,,
2026-09-28,SCHH,SCHH,해외주식,1,51,,,,,,,0,11,,,,,,
2026-09-28,SDTY,SDTY,해외주식,1,26,,,,,,,0,4,,,,,,
2026-09-28,SNOY,SNOY,해외주식,1,36,,,,,,,0,3,,,,,,
2026-09-28,SWKS,SWKS,해외주식,1,445,,,,,,,0,24,,,,,,
2026-09-28,TCPC,TCPC,해외주식,1,48,,,,,,,0,4,,,,,,
2026-09-28,TECB,TECB,해외주식,1,31,,,,,,,2,13,,,,,,
2026-09-28,URNJ,URNJ,해외주식,1,8,,,,,,,1,6,,,,,,
2026-09-28,XCUR,XCUR,해외주식,1,68,,,,,,,3,7,,,,,,
2026-09-28,XTND,XTND,해외주식,1,15,,,,,,,0,2,,,,,,
2026-09-28,MOG/A,MOG/A,해외주식,1,26,,,,,,,0,3,,,,,,
2026-09-28,TMV,TMV,해외주식,1,29,,,,,,,1,8,,,,,,
2026-09-28,TYD,TYD,해외주식,1,18,,,,,,,0,6,,,,,,
2026-09-28,VAW,VAW,해외주식,1,249,,,,,,,0,8,,,,,,
2026-09-28,BENF,BENF,해외주식,1,172,,,,,,,0,12,,,,,,
2026-09-28,BITI,BITI,해외주식,1,84,,,,,,,0,12,,,,,,
2026-09-28,BRSL,BRSL,해외주식,1,242,,,,,,,0,10,,,,,,
2026-09-28,BRZE,BRZE,해외주식,1,91,,,,,,,0,17,,,,,,
2026-09-28,BTDR,BTDR,해외주식,1,42,,,,,,,0,5,,,,,,
2026-09-28,CGTX,CGTX,해외주식,1,72,,,,,,,0,6,,,,,,
2026-09-28,CING,CING,해외주식,1,43,,,,,,,0,1,,,,,,
2026-09-28,CRCO,CRCO,해외주식,1,36,,,,,,,0,1,,,,,,
2026-09-28,FUBO,FUBO,해외주식,1,241,,,,,,,1,35,,,,,,
2026-09-28,GDMN,GDMN,해외주식,1,3,,,,,,,0,0,,,,,,
2026-09-28,GLDI,GLDI,해외주식,1,20,,,,,,,0,5,,,,,,
2026-09-28,HIBL,HIBL,해외주식,1,13,,,,,,,0,2,,,,,,
2026-09-28,HOOX,HOOX,해외주식,1,24,,,,,,,0,2,,,,,,
2026-09-28,HUYA,HUYA,해외주식,1,142,,,,,,,1,44,,,,,,
2026-09-28,JPLD,JPLD,해외주식,1,1,,,,,,,0,0,,,,,,
2026-09-28,KNOP,KNOP,해외주식,1,62,,,,,,,1,6,,,,,,
2026-09-28,MBGL,MBGL,해외주식,1,2130,,,,,,,0,149,,,,,,
2026-09-28,MLPX,MLPX,해외주식,1,32,,,,,,,0,4,,,,,,
2026-09-28,OSTX,OSTX,해외주식,1,29,,,,,,,0,3,,,,,,
2026-09-28,RZLT,RZLT,해외주식,1,56,,,,,,,0,5,,,,,,
2026-09-28,SBGI,SBGI,해외주식,1,40,,,,,,,0,2,,,,,,
2026-09-28,SGHC,SGHC,해외주식,1,35,,,,,,,0,2,,,,,,
2026-09-28,STLD,STLD,해외주식,1,111,,,,,,,0,9,,,,,,
2026-09-28,TCOM,TCOM,해외주식,1,66,,,,,,,2,16,,,,,,
2026-09-28,TIGO,TIGO,해외주식,1,11,,,,,,,0,4,,,,,,
2026-09-28,UPWK,UPWK,해외주식,1,610,,,,,,,0,19,,,,,,
2026-09-28,YMAT,YMAT,해외주식,1,92,,,,,,,0,7,,,,,,
2026-09-28,BAC/O,BAC/O,해외주식,1,14,,,,,,,0,3,,,,,,
2026-09-28,FE,FE,해외주식,1,290,,,,,,,1,309,,,,,,
2026-09-28,GP,GP,해외주식,1,36,,,,,,,0,5,,,,,,
2026-09-28,KD,KD,해외주식,1,3743,,,,,,,0,111,,,,,,
2026-09-28,KR,KR,해외주식,1,365,,,,,,,2,539,,,,,,
2026-09-28,TS,TS,해외주식,1,17,,,,,,,1,4,,,,,,
2026-09-28,AGX,AGX,해외주식,1,24,,,,,,,0,3,,,,,,
2026-09-28,AMA,AMA,해외주식,1,30,,,,,,,1,3,,,,,,
2026-09-28,ANL,ANL,해외주식,1,2,,,,,,,0,0,,,,,,
2026-09-28,APD,APD,해외주식,1,256,,,,,,,0,18,,,,,,
2026-09-28,BUG,BUG,해외주식,1,88,,,,,,,0,32,,,,,,
2026-09-28,DDC,DDC,해외주식,1,11,,,,,,,0,1,,,,,,
2026-09-28,EDC,EDC,해외주식,1,15,,,,,,,0,2,,,,,,
2026-09-28,FMC,FMC,해외주식,1,270,,,,,,,0,19,,,,,,
2026-09-28,FTI,FTI,해외주식,1,43,,,,,,,0,7,,,,,,
2026-09-28,GDE,GDE,해외주식,1,36,,,,,,,0,9,,,,,,
2026-09-28,BABX,BABX,해외주식,1,27,,,,,,,0,4,,,,,,
2026-09-28,CGBD,CGBD,해외주식,1,18,,,,,,,0,4,,,,,,
2026-09-28,CHRN,CHRN,해외주식,1,112,,,,,,,0,9,,,,,,
2026-09-28,CMBT,CMBT,해외주식,1,75,,,,,,,0,11,,,,,,
2026-09-28,DFTX,DFTX,해외주식,1,35,,,,,,,0,5,,,,,,
2026-09-28,FLKR,FLKR,해외주식,1,32,,,,,,,0,9,,,,,,
2026-09-28,GITS,GITS,해외주식,1,83,,,,,,,1,10,,,,,,
2026-09-28,HAFC,HAFC,해외주식,1,3,,,,,,,0,0,,,,,,
2026-09-28,HNGE,HNGE,해외주식,1,18,,,,,,,0,4,,,,,,
2026-09-28,HUBS,HUBS,해외주식,1,134,,,,,,,0,9,,,,,,
2026-09-28,ICON,ICON,해외주식,1,44,,,,,,,0,3,,,,,,
2026-09-28,INDO,INDO,해외주식,1,134,,,,,,,0,11,,,,,,
2026-09-28,INIO,INIO,해외주식,1,15,,,,,,,0,3,,,,,,
2026-09-28,MSFO,MSFO,해외주식,1,69,,,,,,,0,9,,,,,,
2026-09-28,NRGV,NRGV,해외주식,1,46,,,,,,,0,1,,,,,,
2026-09-28,QYLG,QYLG,해외주식,1,78,,,,,,,0,6,,,,,,
2026-09-28,SCZM,SCZM,해외주식,1,8,,,,,,,0,3,,,,,,
2026-09-28,TDIC,TDIC,해외주식,1,275,,,,,,,0,21,,,,,,
2026-09-28,TECK,TECK,해외주식,1,19,,,,,,,1,6,,,,,,
2026-09-28,TELO,TELO,해외주식,1,67,,,,,,,0,11,,,,,,
2026-09-28,UNHU,UNHU,해외주식,1,1,,,,,,,0,0,,,,,,
2026-09-28,VECO,VECO,해외주식,1,14,,,,,,,0,1,,,,,,
2026-09-28,VIVO,VIVO,해외주식,1,65,,,,,,,1,15,,,,,,
2026-09-28,VTEB,VTEB,해외주식,1,216,,,,,,,16,1742,,,,,,
2026-09-28,WYFI,WYFI,해외주식,1,22,,,,,,,0,6,,,,,,
2026-09-28,XIFR,XIFR,해외주식,1,71,,,,,,,0,5,,,,,,
2026-09-28,JPM/J,JPM/J,해외주식,1,24,,,,,,,4,10,,,,,,
2026-09-28,IP,IP,해외주식,1,484,,,,,,,0,13,,,,,,
2026-09-28,SN,SN,해외주식,1,44,,,,,,,0,8,,,,,,
2026-09-28,TD,TD,해외주식,1,198,,,,,,,1,11,,,,,,
2026-09-28,VV,VV,해외주식,1,5,,,,,,,0,1,,,,,,
2026-09-28,BMR,BMR,해외주식,1,110,,,,,,,0,7,,,,,,
2026-09-28,BRO,BRO,해외주식,1,915,,,,,,,0,41,,,,,,
2026-09-28,BZQ,BZQ,해외주식,1,3,,,,,,,0,1,,,,,,
2026-09-28,COR,COR,해외주식,1,109,,,,,,,0,4,,,,,,
2026-09-28,DLO,DLO,해외주식,1,49,,,,,,,1,14,,,,,,
2026-09-28,FLR,FLR,해외주식,1,72,,,,,,,0,12,,,,,,
2026-09-28,GEO,GEO,해외주식,1,60,,,,,,,0,8,,,,,,
2026-09-28,NOG,NOG,해외주식,1,67,,,,,,,0,6,,,,,,
2026-09-28,NOV,NOV,해외주식,1,37,,,,,,,1,12,,,,,,
2026-09-28,PMN,PMN,해외주식,1,30,,,,,,,0,3,,,,,,
2026-09-28,PPA,PPA,해외주식,1,62,,,,,,,0,12,,,,,,
2026-09-28,RSG,RSG,해외주식,1,236,,,,,,,0,17,,,,,,
2026-09-28,SDS,SDS,해외주식,1,33,,,,,,,0,10,,,,,,
2026-09-28,ALGM,ALGM,해외주식,1,55,,,,,,,1,7,,,,,,
2026-09-28,ARES,ARES,해외주식,1,56,,,,,,,0,6,,,,,,
2026-09-28,BHVN,BHVN,해외주식,1,276,,,,,,,0,3,,,,,,
2026-09-28,ECPG,ECPG,해외주식,1,15,,,,,,,1,3,,,,,,
2026-09-28,EVMN,EVMN,해외주식,1,46,,,,,,,1,13,,,,,,
2026-09-28,EVTL,EVTL,해외주식,1,163,,,,,,,0,12,,,,,,
2026-09-28,FKWL,FKWL,해외주식,1,2,,,,,,,0,0,,,,,,
2026-09-28,IONZ,IONZ,해외주식,1,42,,,,,,,0,3,,,,,,
2026-09-28,KMLM,KMLM,해외주식,1,22,,,,,,,0,3,,,,,,
2026-09-28,KRMN,KRMN,해외주식,1,47,,,,,,,4,28,,,,,,
2026-09-28,LAWR,LAWR,해외주식,1,41,,,,,,,0,10,,,,,,
2026-09-28,LAZR,LAZR,해외주식,1,29,,,,,,,0,5,,,,,,
2026-09-28,MBIO,MBIO,해외주식,1,119,,,,,,,0,9,,,,,,
2026-09-28,MS/E,MS/E,해외주식,1,18,,,,,,,0,0,,,,,,
2026-09-28,REAL,REAL,해외주식,1,699,,,,,,,0,21,,,,,,
2026-09-28,SLVO,SLVO,해외주식,1,27,,,,,,,0,1,,,,,,
2026-09-28,SPWR,SPWR,해외주식,1,88,,,,,,,0,3,,,,,,
2026-09-28,STIP,STIP,해외주식,1,22,,,,,,,0,4,,,,,,
2026-09-28,TBIL,TBIL,해외주식,1,16,,,,,,,0,2,,,,,,
2026-09-28,TFLO,TFLO,해외주식,1,16,,,,,,,1,2,,,,,,
2026-09-28,URTY,URTY,해외주식,1,34,,,,,,,0,4,,,,,,
2026-09-28,UVXY,UVXY,해외주식,1,63,,,,,,,1,26,,,,,,
2026-09-28,VIST,VIST,해외주식,1,52,,,,,,,0,10,,,,,,
2026-09-28,VOLT,VOLT,해외주식,1,28,,,,,,,0,7,,,,,,
2026-09-28,WFC/C,WFC/C,해외주식,1,18,,,,,,,0,2,,,,,,
2026-09-28,W,W,해외주식,1,100,,,,,,,0,3,,,,,,
2026-09-28,Z,Z,해외주식,1,537,,,,,,,4,95,,,,,,
2026-09-28,DG,DG,해외주식,1,725,,,,,,,0,60,,,,,,
2026-09-28,AON,AON,해외주식,1,998,,,,,,,0,44,,,,,,
2026-09-28,CFG,CFG,해외주식,1,152,,,,,,,0,10,,,,,,
2026-09-28,COF,COF,해외주식,1,206,,,,,,,0,16,,,,,,
2026-09-28,DNP,DNP,해외주식,1,24,,,,,,,0,1,,,,,,
2026-09-28,ECC,ECC,해외주식,1,47,,,,,,,0,8,,,,,,
2026-09-28,EXC,EXC,해외주식,1,424,,,,,,,0,21,,,,,,
2026-09-28,FPX,FPX,해외주식,1,34,,,,,,,27,421,,,,,,
2026-09-28,IQV,IQV,해외주식,1,122,,,,,,,0,8,,,,,,
2026-09-28,ITB,ITB,해외주식,1,49,,,,,,,0,6,,,,,,
2026-09-28,MDA,MDA,해외주식,1,44,,,,,,,0,4,,,,,,
2026-09-28,MOO,MOO,해외주식,1,82,,,,,,,1,19,,,,,,
2026-09-28,NXE,NXE,해외주식,1,56,,,,,,,0,10,,,,,,
2026-09-28,ONL,ONL,해외주식,1,735,,,,,,,0,122,,,,,,
2026-09-28,OSS,OSS,해외주식,1,82,,,,,,,0,9,,,,,,
2026-09-28,PMT,PMT,해외주식,1,93,,,,,,,0,8,,,,,,
2026-09-28,SEI,SEI,해외주식,1,53,,,,,,,1,17,,,,,,
2026-09-28,SVM,SVM,해외주식,1,26,,,,,,,60,9,,,,,,
2026-09-28,AEVA,AEVA,해외주식,1,103,,,,,,,0,10,,,,,,
2026-09-28,AGEN,AGEN,해외주식,1,20,,,,,,,0,2,,,,,,
2026-09-28,ATOS,ATOS,해외주식,1,98,,,,,,,0,7,,,,,,
2026-09-28,AVGE,AVGE,해외주식,1,1,,,,,,,0,0,,,,,,
2026-09-28,NRG,NRG,해외주식,1,112,,,,,,,0,14,,,,,,
2026-09-28,OEF,OEF,해외주식,1,16,,,,,,,0,6,,,,,,
2026-09-28,VFS,VFS,해외주식,1,151,,,,,,,0,13,,,,,,
2026-09-28,VPU,VPU,해외주식,1,229,,,,,,,0,12,,,,,,
2026-09-28,WEN,WEN,해외주식,1,112,,,,,,,0,9,,,,,,
2026-09-28,XEL,XEL,해외주식,1,294,,,,,,,0,14,,,,,,
2026-09-28,XLC,XLC,해외주식,1,70,,,,,,,2,186,,,,,,
2026-09-28,YUM,YUM,해외주식,1,645,,,,,,,0,22,,,,,,
2026-09-28,ARCT,ARCT,해외주식,1,38,,,,,,,1,7,,,,,,
2026-09-28,CGGO,CGGO,해외주식,1,3,,,,,,,0,0,,,,,,
2026-09-28,CHGG,CHGG,해외주식,1,297,,,,,,,0,16,,,,,,
2026-09-28,FTAI,FTAI,해외주식,1,41,,,,,,,41,88,,,,,,
2026-09-28,ICOP,ICOP,해외주식,1,30,,,,,,,0,4,,,,,,
2026-09-28,IOVA,IOVA,해외주식,1,68,,,,,,,2,11,,,,,,
2026-09-28,LOGI,LOGI,해외주식,1,144,,,,,,,0,8,,,,,,
2026-09-28,MANE,MANE,해외주식,1,86,,,,,,,1,16,,,,,,
2026-09-28,MGNI,MGNI,해외주식,1,33,,,,,,,0,7,,,,,,
2026-09-28,MINT,MINT,해외주식,1,108,,,,,,,2,500,,,,,,
2026-09-28,MNDY,MNDY,해외주식,1,106,,,,,,,0,6,,,,,,
2026-09-28,POWR,POWR,해외주식,1,51,,,,,,,1,10,,,,,,
2026-09-28,PSNY,PSNY,해외주식,1,186,,,,,,,0,16,,,,,,
2026-09-28,PTGX,PTGX,해외주식,1,10,,,,,,,0,2,,,,,,
2026-09-28,QCML,QCML,해외주식,1,55,,,,,,,1,7,,,,,,
2026-09-28,QUCY,QUCY,해외주식,1,55,,,,,,,0,11,,,,,,
2026-09-28,ROOT,ROOT,해외주식,1,32,,,,,,,0,6,,,,,,
2026-09-28,SCHO,SCHO,해외주식,1,26,,,,,,,0,3,,,,,,
2026-09-28,SCHY,SCHY,해외주식,1,23,,,,,,,0,2,,,,,,
2026-09-28,SEMY,SEMY,해외주식,1,15,,,,,,,0,5,,,,,,
2026-09-28,SHAK,SHAK,해외주식,1,1193,,,,,,,0,30,,,,,,
2026-09-28,SPHQ,SPHQ,해외주식,1,59,,,,,,,0,11,,,,,,
2026-09-28,SPUU,SPUU,해외주식,1,21,,,,,,,1,6,,,,,,
2026-09-28,SVOL,SVOL,해외주식,1,100,,,,,,,0,13,,,,,,
2026-09-28,VTWO,VTWO,해외주식,1,46,,,,,,,0,12,,,,,,
2026-09-28,WTRG,WTRG,해외주식,1,50,,,,,,,0,6,,,,,,
2026-09-28,CORZW,CORZW,해외주식,1,21,,,,,,,0,3,,,,,,
2026-09-28,NG,NG,해외주식,1,10,,,,,,,0,1,,,,,,
2026-09-28,ACM,ACM,해외주식,1,106,,,,,,,1,3,,,,,,
2026-09-28,CAN,CAN,해외주식,1,233,,,,,,,0,9,,,,,,
2026-09-28,GSY,GSY,해외주식,1,128,,,,,,,2,557,,,,,,
2026-09-28,JKS,JKS,해외주식,1,72,,,,,,,0,16,,,,,,
2026-09-28,MBB,MBB,해외주식,1,631,,,,,,,0,30,,,,,,
2026-09-28,MCK,MCK,해외주식,1,177,,,,,,,1,14,,,,,,
2026-09-28,MIR,MIR,해외주식,1,39,,,,,,,0,9,,,,,,
2026-09-28,MKL,MKL,해외주식,1,4,,,,,,,0,1,,,,,,
2026-09-28,PKX,PKX,해외주식,1,167,,,,,,,2,21,,,,,,
2026-09-28,PTY,PTY,해외주식,1,23,,,,,,,1,6,,,,,,
2026-09-28,SYK,SYK,해외주식,1,292,,,,,,,0,33,,,,,,
2026-09-28,UTG,UTG,해외주식,1,36,,,,,,,0,5,,,,,,
2026-09-28,XLB,XLB,해외주식,1,57,,,,,,,1,51,,,,,,
2026-09-28,ADEA,ADEA,해외주식,1,19,,,,,,,0,3,,,,,,
2026-09-28,AIRJ,AIRJ,해외주식,1,31,,,,,,,0,6,,,,,,
2026-09-28,ZAP,ZAP,해외주식,1,31,,,,,,,3,11,,,,,,
2026-09-28,ALGN,ALGN,해외주식,1,248,,,,,,,0,13,,,,,,
2026-09-28,ASPN,ASPN,해외주식,1,43,,,,,,,0,5,,,,,,
2026-09-28,BLNK,BLNK,해외주식,1,389,,,,,,,0,34,,,,,,
2026-09-28,CEPI,CEPI,해외주식,1,19,,,,,,,0,0,,,,,,
2026-09-28,CHKP,CHKP,해외주식,1,93,,,,,,,0,2,,,,,,
2026-09-28,COHX,COHX,해외주식,1,39,,,,,,,6,11,,,,,,
2026-09-28,CSGP,CSGP,해외주식,1,168,,,,,,,0,19,,,,,,
2026-09-28,CTNT,CTNT,해외주식,1,177,,,,,,,0,9,,,,,,
2026-09-28,ELBM,ELBM,해외주식,1,202,,,,,,,0,15,,,,,,
2026-09-28,EVLV,EVLV,해외주식,1,25,,,,,,,0,3,,,,,,
2026-09-28,FLJP,FLJP,해외주식,1,20,,,,,,,0,1,,,,,,
2026-09-28,GNTA,GNTA,해외주식,1,130,,,,,,,0,6,,,,,,
2026-09-28,GOOX,GOOX,해외주식,1,39,,,,,,,0,3,,,,,,
2026-09-28,GTLB,GTLB,해외주식,1,298,,,,,,,0,17,,,,,,
2026-09-28,HYNX,HYNX,해외주식,1,13,,,,,,,0,4,,,,,,
2026-09-28,INCY,INCY,해외주식,1,105,,,,,,,0,34,,,,,,
2026-09-28,NNBR,NNBR,해외주식,1,20,,,,,,,0,1,,,,,,
2026-09-28,NUKZ,NUKZ,해외주식,1,44,,,,,,,1,23,,,,,,
2026-09-28,PSHG,PSHG,해외주식,1,32,,,,,,,0,4,,,,,,
2026-09-28,RLMD,RLMD,해외주식,1,26,,,,,,,0,5,,,,,,
2026-09-28,SKYQ,SKYQ,해외주식,1,79,,,,,,,0,11,,,,,,
2026-09-28,STNG,STNG,해외주식,1,17,,,,,,,0,11,,,,,,
2026-09-28,SWRD,SWRD,해외주식,1,15,,,,,,,0,3,,,,,,
2026-09-28,TARA,TARA,해외주식,1,13,,,,,,,0,1,,,,,,
2026-09-28,TPOR,TPOR,해외주식,1,15,,,,,,,0,3,,,,,,
2026-09-28,TRIP,TRIP,해외주식,1,1659,,,,,,,0,34,,,,,,
2026-09-28,TSDD,TSDD,해외주식,1,17,,,,,,,0,1,,,,,,
2026-09-28,TSMY,TSMY,해외주식,1,61,,,,,,,1,6,,,,,,
2026-09-28,UBOT,UBOT,해외주식,1,50,,,,,,,0,3,,,,,,
2026-09-28,VIVK,VIVK,해외주식,1,121,,,,,,,0,10,,,,,,
2026-09-28,WTAI,WTAI,해외주식,1,13,,,,,,,0,1,,,,,,
2026-09-28,M,M,해외주식,1,218,,,,,,,0,24,,,,,,
2026-09-28,BP,BP,해외주식,1,50,,,,,,,1,17,,,,,,
2026-09-28,ABR,ABR,해외주식,1,166,,,,,,,0,11,,,,,,
2026-09-28,BBH,BBH,해외주식,1,8,,,,,,,0,1,,,,,,
2026-09-28,BOT,BOT,해외주식,1,43,,,,,,,0,5,,,,,,
2026-09-28,DEO,DEO,해외주식,1,21,,,,,,,0,6,,,,,,
2026-09-28,ECL,ECL,해외주식,1,326,,,,,,,0,16,,,,,,
2026-09-28,EPI,EPI,해외주식,1,26,,,,,,,1,9,,,,,,
2026-09-28,FEZ,FEZ,해외주식,1,142,,,,,,,0,14,,,,,,
2026-09-28,GNL,GNL,해외주식,1,98,,,,,,,0,16,,,,,,
2026-09-28,HMR,HMR,해외주식,1,92,,,,,,,0,5,,,,,,
2026-09-28,IJH,IJH,해외주식,1,329,,,,,,,0,14,,,,,,
2026-09-28,INV,INV,해외주식,1,88,,,,,,,0,8,,,,,,
2026-09-28,LGN,LGN,해외주식,1,61,,,,,,,0,25,,,,,,
2026-09-28,MBT,MBT,해외주식,1,7,,,,,,,0,5,,,,,,
2026-09-28,IJR,IJR,해외주식,1,304,,,,,,,0,14,,,,,,
2026-09-28,JCI,JCI,해외주식,1,40,,,,,,,0,7,,,,,,
2026-09-28,MRX,MRX,해외주식,1,7,,,,,,,0,0,,,,,,
2026-09-28,QSR,QSR,해외주식,1,291,,,,,,,0,21,,,,,,
2026-09-28,SLG,SLG,해외주식,1,64,,,,,,,1,8,,,,,,
2026-09-28,SNK,SNK,해외주식,1,17,,,,,,,0,3,,,,,,
2026-09-28,TSL,TSL,해외주식,1,66,,,,,,,0,3,,,,,,
2026-09-28,WSM,WSM,해외주식,1,781,,,,,,,0,39,,,,,,
2026-09-28,BBDC,BBDC,해외주식,1,43,,,,,,,0,7,,,,,,
2026-09-28,BNDW,BNDW,해외주식,1,83,,,,,,,1,374,,,,,,
2026-09-28,CLOU,CLOU,해외주식,1,85,,,,,,,2,32,,,,,,
2026-09-28,COSM,COSM,해외주식,1,71,,,,,,,0,7,,,,,,
2026-09-28,CRAK,CRAK,해외주식,1,9,,,,,,,2,5,,,,,,
2026-09-28,DXCM,DXCM,해외주식,1,288,,,,,,,0,31,,,,,,
2026-09-28,GSAT,GSAT,해외주식,1,56,,,,,,,0,16,,,,,,
2026-09-28,ICHR,ICHR,해외주식,1,36,,,,,,,0,4,,,,,,
2026-09-28,IPSC,IPSC,해외주식,1,28,,,,,,,0,3,,,,,,
2026-09-28,IWMY,IWMY,해외주식,1,66,,,,,,,0,8,,,,,,
2026-09-28,KBWB,KBWB,해외주식,1,139,,,,,,,0,21,,,,,,
2026-09-28,KEYS,KEYS,해외주식,1,128,,,,,,,2,11,,,,,,
2026-09-28,KLIP,KLIP,해외주식,1,36,,,,,,,1,13,,,,,,
2026-09-28,LYTE,LYTE,해외주식,1,29,,,,,,,0,3,,,,,,
2026-09-28,MREO,MREO,해외주식,1,74,,,,,,,0,6,,,,,,
2026-09-28,NTES,NTES,해외주식,1,16,,,,,,,0,1,,,,,,
2026-09-28,PFIX,PFIX,해외주식,1,39,,,,,,,0,5,,,,,,
2026-09-28,PODD,PODD,해외주식,1,119,,,,,,,0,7,,,,,,
2026-09-28,PYXS,PYXS,해외주식,1,23,,,,,,,0,2,,,,,,
2026-09-28,QQQA,QQQA,해외주식,1,33,,,,,,,1,11,,,,,,
2026-09-28,RDTE,RDTE,해외주식,1,49,,,,,,,0,2,,,,,,
2026-09-28,ROLR,ROLR,해외주식,1,52,,,,,,,0,7,,,,,,
2026-09-28,SPYT,SPYT,해외주식,1,51,,,,,,,0,6,,,,,,
2026-09-28,SSYS,SSYS,해외주식,1,310,,,,,,,0,20,,,,,,
2026-09-28,TRGP,TRGP,해외주식,1,94,,,,,,,0,5,,,,,,
2026-09-28,VNQI,VNQI,해외주식,1,449,,,,,,,0,23,,,,,,
2026-09-28,YETH,YETH,해외주식,1,53,,,,,,,0,6,,,,,,
2026-09-28,JPM/K,JPM/K,해외주식,1,15,,,,,,,1,6,,,,,,
2026-09-28,ZOMDF,ZOMDF,해외주식,1,1271,,,,,,,0,57,,,,,,
2026-09-28,CL,CL,해외주식,1,610,,,,,,,0,25,,,,,,
2026-09-28,ELV,ELV,해외주식,1,135,,,,,,,0,14,,,,,,
2026-09-28,HOG,HOG,해외주식,1,1210,,,,,,,0,40,,,,,,
2026-09-28,HRB,HRB,해외주식,1,489,,,,,,,0,9,,,,,,
2026-09-28,IXC,IXC,해외주식,1,233,,,,,,,0,98,,,,,,
2026-09-28,JBS,JBS,해외주식,1,18,,,,,,,0,3,,,,,,
2026-09-28,RHI,RHI,해외주식,1,189,,,,,,,0,9,,,,,,
2026-09-28,TAL,TAL,해외주식,1,33,,,,,,,0,1,,,,,,
2026-09-28,NHI,NHI,해외주식,1,29,,,,,,,0,8,,,,,,
2026-09-28,PNC,PNC,해외주식,1,248,,,,,,,0,15,,,,,,
2026-09-28,PNR,PNR,해외주식,1,100,,,,,,,0,1,,,,,,
2026-09-28,REM,REM,해외주식,1,26,,,,,,,1,8,,,,,,
2026-09-28,RNG,RNG,해외주식,1,66,,,,,,,1,7,,,,,,
2026-09-28,TEN,TEN,해외주식,1,16,,,,,,,0,1,,,,,,
2026-09-28,TRX,TRX,해외주식,1,102,,,,,,,0,14,,,,,,
2026-09-28,UBT,UBT,해외주식,1,27,,,,,,,1,8,,,,,,
2026-09-28,VFF,VFF,해외주식,1,48,,,,,,,0,2,,,,,,
2026-09-28,WSO,WSO,해외주식,1,72,,,,,,,0,7,,,,,,
2026-09-28,AKAM,AKAM,해외주식,1,214,,,,,,,1,30,,,,,,
2026-09-28,ATCH,ATCH,해외주식,1,228,,,,,,,0,12,,,,,,
2026-09-28,BWEN,BWEN,해외주식,1,68,,,,,,,0,4,,,,,,
2026-09-28,COIW,COIW,해외주식,1,73,,,,,,,0,8,,,,,,
2026-09-28,ETSY,ETSY,해외주식,1,665,,,,,,,0,33,,,,,,
2026-09-28,FNUC,FNUC,해외주식,1,100,,,,,,,0,9,,,,,,
2026-09-28,GLPI,GLPI,해외주식,1,40,,,,,,,0,5,,,,,,
2026-09-28,GLXY,GLXY,해외주식,1,62,,,,,,,1,10,,,,,,
2026-09-28,IBTG,IBTG,해외주식,1,71,,,,,,,2,382,,,,,,
2026-09-28,IMMR,IMMR,해외주식,1,70,,,,,,,0,13,,,,,,
2026-09-28,LAND,LAND,해외주식,1,56,,,,,,,0,4,,,,,,
2026-09-28,MLTX,MLTX,해외주식,1,67,,,,,,,0,5,,,,,,
2026-09-28,NRIX,NRIX,해외주식,1,13,,,,,,,0,2,,,,,,
2026-09-28,NVDD,NVDD,해외주식,1,13,,,,,,,0,1,,,,,,
2026-09-28,NVDS,NVDS,해외주식,1,37,,,,,,,0,2,,,,,,
2026-09-28,POWI,POWI,해외주식,1,93,,,,,,,0,10,,,,,,
2026-09-28,PYPG,PYPG,해외주식,1,19,,,,,,,0,3,,,,,,
2026-09-28,SCHF,SCHF,해외주식,1,18,,,,,,,0,3,,,,,,
2026-09-28,SMCL,SMCL,해외주식,1,22,,,,,,,0,4,,,,,,
2026-09-28,TDAQ,TDAQ,해외주식,1,48,,,,,,,0,10,,,,,,
2026-09-28,TRIN,TRIN,해외주식,1,36,,,,,,,0,5,,,,,,
2026-09-28,ULST,ULST,해외주식,1,12,,,,,,,0,4,,,,,,
2026-09-28,UROY,UROY,해외주식,1,75,,,,,,,0,6,,,,,,
2026-09-28,USOI,USOI,해외주식,1,33,,,,,,,0,9,,,,,,
2026-09-28,VCSH,VCSH,해외주식,1,129,,,,,,,1,14,,,,,,
2026-09-28,WFC/D,WFC/D,해외주식,1,20,,,,,,,0,2,,,,,,
2026-09-28,EW,EW,해외주식,1,103,,,,,,,0,10,,,,,,
2026-09-28,VO,VO,해외주식,1,171,,,,,,,0,12,,,,,,
2026-09-28,AMR,AMR,해외주식,1,14,,,,,,,0,2,,,,,,
2026-09-28,CXW,CXW,해외주식,1,24,,,,,,,0,3,,,,,,
2026-09-28,EWS,EWS,해외주식,1,192,,,,,,,0,9,,,,,,
2026-09-28,FAC,FAC,해외주식,1,31,,,,,,,0,3,,,,,,
2026-09-28,GNS,GNS,해외주식,1,170,,,,,,,0,8,,,,,,
2026-09-28,HBM,HBM,해외주식,1,41,,,,,,,0,6,,,,,,
2026-09-28,AES,AES,해외주식,1,161,,,,,,,0,18,,,,,,
2026-09-28,ALT,ALT,해외주식,1,101,,,,,,,0,7,,,,,,
2026-09-28,DOC,DOC,해외주식,1,109,,,,,,,0,20,,,,,,
2026-09-28,EDU,EDU,해외주식,1,28,,,,,,,0,5,,,,,,
2026-09-28,FRT,FRT,해외주식,1,38,,,,,,,0,3,,,,,,
2026-09-28,LMB,LMB,해외주식,1,20,,,,,,,0,2,,,,,,
2026-09-28,NAT,NAT,해외주식,1,80,,,,,,,0,5,,,,,,
2026-09-28,NCI,NCI,해외주식,1,41,,,,,,,0,3,,,,,,
2026-09-28,OBE,OBE,해외주식,1,43,,,,,,,0,2,,,,,,
2026-09-28,OII,OII,해외주식,1,65,,,,,,,2,12,,,,,,
2026-09-28,PLG,PLG,해외주식,1,46,,,,,,,0,4,,,,,,
2026-09-28,PSI,PSI,해외주식,1,24,,,,,,,0,7,,,,,,
2026-09-28,SID,SID,해외주식,1,27,,,,,,,0,5,,,,,,
2026-09-28,ALLW,ALLW,해외주식,1,29,,,,,,,0,6,,,,,,
2026-09-28,BROS,BROS,해외주식,1,127,,,,,,,1,21,,,,,,
2026-09-28,BSTZ,BSTZ,해외주식,1,26,,,,,,,0,7,,,,,,
2026-09-28,CLPT,CLPT,해외주식,1,75,,,,,,,0,4,,,,,,
2026-09-28,DFNS,DFNS,해외주식,1,85,,,,,,,0,9,,,,,,
2026-09-28,ESPO,ESPO,해외주식,1,57,,,,,,,1,12,,,,,,
2026-09-28,EXEL,EXEL,해외주식,1,27,,,,,,,0,5,,,,,,
2026-09-28,HSHP,HSHP,해외주식,1,22,,,,,,,0,4,,,,,,
2026-09-28,HUMA,HUMA,해외주식,1,73,,,,,,,0,5,,,,,,
2026-09-28,HURA,HURA,해외주식,1,125,,,,,,,0,3,,,,,,
2026-09-28,LOBO,LOBO,해외주식,1,157,,,,,,,0,14,,,,,,
2026-09-28,LUMN,LUMN,해외주식,1,114,,,,,,,0,11,,,,,,
2026-09-28,MAIR,MAIR,해외주식,1,26,,,,,,,0,5,,,,,,
2026-09-28,MLGO,MLGO,해외주식,1,232,,,,,,,0,20,,,,,,
2026-09-28,MNTS,MNTS,해외주식,1,214,,,,,,,0,22,,,,,,
2026-09-28,MPLX,MPLX,해외주식,1,4,,,,,,,0,5,,,,,,
2026-09-28,MQQQ,MQQQ,해외주식,1,15,,,,,,,0,2,,,,,,
2026-09-28,PRME,PRME,해외주식,1,71,,,,,,,1,11,,,,,,
2026-09-28,PRNT,PRNT,해외주식,1,88,,,,,,,0,18,,,,,,
2026-09-28,QQQT,QQQT,해외주식,1,28,,,,,,,0,7,,,,,,
2026-09-28,SARK,SARK,해외주식,1,6,,,,,,,0,0,,,,,,
2026-09-28,SITM,SITM,해외주식,1,18,,,,,,,1,18,,,,,,
2026-09-28,SMUP,SMUP,해외주식,1,73,,,,,,,0,8,,,,,,
2026-09-28,TSCO,TSCO,해외주식,1,193,,,,,,,0,17,,,,,,
2026-09-28,USAS,USAS,해외주식,1,27,,,,,,,1,8,,,,,,
2026-09-28,PK,PK,해외주식,1,54,,,,,,,0,11,,,,,,
2026-09-28,AIP,AIP,해외주식,1,34,,,,,,,0,5,,,,,,
2026-09-28,BDX,BDX,해외주식,1,297,,,,,,,0,19,,,,,,
2026-09-28,DLS,DLS,해외주식,1,1,,,,,,,0,0,,,,,,
2026-09-28,EWT,EWT,해외주식,1,197,,,,,,,0,22,,,,,,
2026-09-28,HEI,HEI,해외주식,1,208,,,,,,,0,10,,,,,,
2026-09-28,HST,HST,해외주식,1,1190,,,,,,,0,34,,,,,,
2026-09-28,IAG,IAG,해외주식,1,43,,,,,,,0,2,,,,,,
2026-09-28,IREG,IREG,해외주식,0,17,,,,,,,1,6,,,,,,
2026-09-28,PULS,PULS,해외주식,0,75,,,,,,,2,384,,,,,,
2026-09-28,QGRW,QGRW,해외주식,0,4,,,,,,,1,2,,,,,,
2026-09-28,RDIV,RDIV,해외주식,0,5,,,,,,,1,6,,,,,,
2026-09-28,SABR,SABR,해외주식,0,33,,,,,,,4,108,,,,,,
2026-09-28,TLTP,TLTP,해외주식,0,5,,,,,,,2,1,,,,,,
2026-09-28,XRPNU,XRPNU,해외주식,0,0,,,,,,,1,1,,,,,,
2026-09-28,EVV,EVV,해외주식,0,9,,,,,,,1,2,,,,,,
2026-09-28,PTF,PTF,해외주식,0,4,,,,,,,1,1,,,,,,
2026-09-28,ADAM,ADAM,해외주식,0,72,,,,,,,7,28,,,,,,
2026-09-28,JILL,JILL,해외주식,0,9,,,,,,,2,98,,,,,,
2026-09-28,KTEC,KTEC,해외주식,0,9,,,,,,,1,1,,,,,,
2026-09-28,SGDJ,SGDJ,해외주식,0,1,,,,,,,1,3,,,,,,
2026-09-28,AVK,AVK,해외주식,0,3,,,,,,,2,3,,,,,,
2026-09-28,BEG,BEG,해외주식,0,10,,,,,,,1,4,,,,,,
2026-09-28,CIM,CIM,해외주식,0,45,,,,,,,1,5,,,,,,
2026-09-28,FDN,FDN,해외주식,0,12,,,,,,,1,19,,,,,,
2026-09-28,BIRK,BIRK,해외주식,0,8,,,,,,,1,26,,,,,,
2026-09-28,HYPR,HYPR,해외주식,0,24,,,,,,,1,2,,,,,,
2026-09-28,MXCT,MXCT,해외주식,0,54,,,,,,,1,10,,,,,,
2026-09-28,NBIL,NBIL,해외주식,0,13,,,,,,,6,5,,,,,,
2026-09-28,QRVO,QRVO,해외주식,0,163,,,,,,,1,34,,,,,,
2026-09-28,DQ,DQ,해외주식,0,58,,,,,,,3,22,,,,,,
2026-09-28,WT,WT,해외주식,0,4,,,,,,,15,232,,,,,,
2026-09-28,ZD,ZD,해외주식,0,12,,,,,,,2,98,,,,,,
2026-09-28,FAN,FAN,해외주식,0,44,,,,,,,4,71,,,,,,
2026-09-28,FDD,FDD,해외주식,0,1,,,,,,,1,1,,,,,,
2026-09-28,PRG,PRG,해외주식,0,8,,,,,,,2,99,,,,,,
2026-09-28,THW,THW,해외주식,0,23,,,,,,,1,6,,,,,,
2026-09-28,ERTH,ERTH,해외주식,0,2,,,,,,,1,12,,,,,,
2026-09-28,LXRX,LXRX,해외주식,0,38,,,,,,,1,2,,,,,,
2026-09-28,PENN,PENN,해외주식,0,26,,,,,,,1,101,,,,,,
2026-09-28,SVXY,SVXY,해외주식,0,18,,,,,,,1,12,,,,,,
2026-09-28,CNR,CNR,해외주식,0,6,,,,,,,1,28,,,,,,
2026-09-28,PGF,PGF,해외주식,0,10,,,,,,,1,6,,,,,,
2026-09-28,VRP,VRP,해외주식,0,1,,,,,,,1,56,,,,,,
2026-09-28,VVX,VVX,해외주식,0,28,,,,,,,1,3,,,,,,
2026-09-28,AUPH,AUPH,해외주식,0,17,,,,,,,2,5,,,,,,
2026-09-28,DBRG,DBRG,해외주식,0,10,,,,,,,2,3,,,,,,
2026-09-28,PDBA,PDBA,해외주식,0,6,,,,,,,1,2,,,,,,
2026-09-28,PHAT,PHAT,해외주식,0,6,,,,,,,6,1,,,,,,
2026-09-28,UBSI,UBSI,해외주식,0,34,,,,,,,1,5,,,,,,
2026-09-28,GVIP,GVIP,해외주식,0,3,,,,,,,1,4,,,,,,
2026-09-28,RELX,RELX,해외주식,0,15,,,,,,,1,1,,,,,,
2026-09-28,RSPT,RSPT,해외주식,0,13,,,,,,,2,139,,,,,,
2026-09-28,SBIL,SBIL,해외주식,0,0,,,,,,,1,1,,,,,,
2026-09-28,SPSB,SPSB,해외주식,0,93,,,,,,,1,171,,,,,,
2026-09-28,UTES,UTES,해외주식,0,17,,,,,,,1,12,,,,,,
2026-09-28,VUSB,VUSB,해외주식,0,4,,,,,,,2,91,,,,,,
2026-09-28,TW,TW,해외주식,0,140,,,,,,,2,450,,,,,,
2026-09-28,EWC,EWC,해외주식,0,82,,,,,,,2,221,,,,,,
2026-09-28,IBN,IBN,해외주식,0,25,,,,,,,1,6,,,,,,
2026-09-28,XHB,XHB,해외주식,0,7,,,,,,,1,18,,,,,,
2026-09-28,BLMN,BLMN,해외주식,0,29,,,,,,,1,98,,,,,,
2026-09-28,CCIF,CCIF,해외주식,0,9,,,,,,,6,1,,,,,,
2026-09-28,CRSR,CRSR,해외주식,0,45,,,,,,,2,102,,,,,,
2026-09-28,SRTY,SRTY,해외주식,0,12,,,,,,,4,2,,,,,,
2026-09-28,JPM/C,JPM/C,해외주식,0,23,,,,,,,3,16,,,,,,
2026-09-28,DJD,DJD,해외주식,0,6,,,,,,,1,3,,,,,,
2026-09-28,FWD,FWD,해외주식,0,1,,,,,,,4,33,,,,,,
2026-09-28,ACLS,ACLS,해외주식,0,23,,,,,,,1,8,,,,,,
2026-09-28,ALIT,ALIT,해외주식,0,31,,,,,,,1,100,,,,,,
2026-09-28,BWET,BWET,해외주식,0,6,,,,,,,1,4,,,,,,
2026-09-28,CNCK,CNCK,해외주식,0,13,,,,,,,1,6,,,,,,
2026-09-28,EPOL,EPOL,해외주식,0,13,,,,,,,1,34,,,,,,
2026-09-28,HLLY,HLLY,해외주식,0,9,,,,,,,1,98,,,,,,
2026-09-28,JNUG,JNUG,해외주식,0,13,,,,,,,6,8,,,,,,
2026-09-28,SPMB,SPMB,해외주식,0,27,,,,,,,1,168,,,,,,
2026-09-28,SPTS,SPTS,해외주식,0,34,,,,,,,2,170,,,,,,
2026-09-28,MQ,MQ,해외주식,0,67,,,,,,,2,104,,,,,,
2026-09-28,TOL,TOL,해외주식,0,45,,,,,,,1,7,,,,,,
2026-09-28,FUTU,FUTU,해외주식,0,8,,,,,,,2,30,,,,,,
2026-09-28,IETC,IETC,해외주식,0,19,,,,,,,5,7,,,,,,
2026-09-28,MATV,MATV,해외주식,0,7,,,,,,,2,98,,,,,,
2026-09-28,NCLD,NCLD,해외주식,0,22,,,,,,,1,10,,,,,,
2026-09-28,NFTY,NFTY,해외주식,0,19,,,,,,,1,4,,,,,,
2026-09-28,SYRE,SYRE,해외주식,0,21,,,,,,,3,21,,,,,,
2026-09-28,UCTT,UCTT,해외주식,0,15,,,,,,,17,48,,,,,,
2026-09-28,BEN,BEN,해외주식,0,60,,,,,,,8,10,,,,,,
2026-09-28,PEY,PEY,해외주식,0,43,,,,,,,1,3,,,,,,
2026-09-28,VPG,VPG,해외주식,0,18,,,,,,,2,8,,,,,,
2026-09-28,BSCQ,BSCQ,해외주식,0,60,,,,,,,1,358,,,,,,
2026-09-28,CHPX,CHPX,해외주식,0,18,,,,,,,1,3,,,,,,
2026-09-28,GRND,GRND,해외주식,0,12,,,,,,,6,77,,,,,,
2026-09-28,IGPT,IGPT,해외주식,0,8,,,,,,,6,18,,,,,,
2026-09-28,NEXT,NEXT,해외주식,0,39,,,,,,,1,12,,,,,,
2026-09-28,OZON,OZON,해외주식,0,19,,,,,,,1,3,,,,,,
2026-09-28,PAYC,PAYC,해외주식,0,58,,,,,,,1,4,,,,,,
2026-09-28,STGW,STGW,해외주식,0,36,,,,,,,3,102,,,,,,
2026-09-28,AMN,AMN,해외주식,0,12,,,,,,,2,99,,,,,,
2026-09-28,SDM,SDM,해외주식,0,64,,,,,,,1,4,,,,,,
2026-09-28,AVXX,AVXX,해외주식,0,17,,,,,,,1,2,,,,,,
2026-09-28,BBVA,BBVA,해외주식,0,23,,,,,,,2,3,,,,,,
2026-09-28,CRTO,CRTO,해외주식,0,11,,,,,,,1,3,,,,,,
2026-09-28,ORKA,ORKA,해외주식,0,17,,,,,,,1,8,,,,,,
2026-09-28,RBLU,RBLU,해외주식,0,17,,,,,,,1,12,,,,,,
2026-09-28,XRPN,XRPN,해외주식,0,16,,,,,,,1,4,,,,,,
2026-09-28,BL,BL,해외주식,0,22,,,,,,,2,98,,,,,,
2026-09-28,DK,DK,해외주식,0,9,,,,,,,2,51,,,,,,
2026-09-28,DT,DT,해외주식,0,41,,,,,,,1,20,,,,,,
2026-09-28,EWQ,EWQ,해외주식,0,75,,,,,,,1,119,,,,,,
2026-09-28,IGF,IGF,해외주식,0,81,,,,,,,1,323,,,,,,
2026-09-28,TUR,TUR,해외주식,0,15,,,,,,,1,114,,,,,,
2026-09-28,ALLO,ALLO,해외주식,0,42,,,,,,,1,10,,,,,,
2026-09-28,FLMX,FLMX,해외주식,0,4,,,,,,,1,90,,,,,,
2026-09-28,IFRA,IFRA,해외주식,0,30,,,,,,,1,4,,,,,,
2026-09-28,AOK,AOK,해외주식,0,83,,,,,,,1,10,,,,,,
2026-09-28,BGT,BGT,해외주식,0,6,,,,,,,1,1,,,,,,
2026-09-28,NUS,NUS,해외주식,0,102,,,,,,,1,35,,,,,,
2026-09-28,DRNZ,DRNZ,해외주식,0,36,,,,,,,1,8,,,,,,
2026-09-28,FREL,FREL,해외주식,0,23,,,,,,,2,230,,,,,,
2026-09-28,IBTH,IBTH,해외주식,0,68,,,,,,,3,382,,,,,,
2026-09-28,MRSH,MRSH,해외주식,0,129,,,,,,,1,16,,,,,,
2026-09-28,SDOW,SDOW,해외주식,0,26,,,,,,,1,8,,,,,,
2026-09-28,DRTSW,DRTSW,해외주식,0,1,,,,,,,2,1,,,,,,
2026-09-28,A,A,해외주식,0,154,,,,,,,4,9,,,,,,
2026-09-28,FPE,FPE,해외주식,0,15,,,,,,,1,66,,,,,,
2026-09-28,WWD,WWD,해외주식,0,69,,,,,,,2,12,,,,,,
2026-09-28,AVGU,AVGU,해외주식,0,15,,,,,,,2,4,,,,,,
2026-09-28,BILI,BILI,해외주식,0,56,,,,,,,1,26,,,,,,
2026-09-28,BSCR,BSCR,해외주식,0,67,,,,,,,2,381,,,,,,
2026-09-28,DOCS,DOCS,해외주식,0,39,,,,,,,2,14,,,,,,
2026-09-28,FLBR,FLBR,해외주식,0,10,,,,,,,1,90,,,,,,
2026-09-28,KSTR,KSTR,해외주식,0,23,,,,,,,1,7,,,,,,
2026-09-28,NGEN,NGEN,해외주식,0,4,,,,,,,1,1,,,,,,
2026-09-28,NLST,NLST,해외주식,0,0,,,,,,,14,4,,,,,,
2026-09-28,SOLZ,SOLZ,해외주식,0,19,,,,,,,1,1,,,,,,
2026-09-28,TRMB,TRMB,해외주식,0,78,,,,,,,1,13,,,,,,
2026-09-28,WANT,WANT,해외주식,0,19,,,,,,,2,41,,,,,,
2026-09-28,PEJ,PEJ,해외주식,0,26,,,,,,,1,14,,,,,,
2026-09-28,AIQU,AIQU,해외주식,0,2,,,,,,,3,1,,,,,,
2026-09-28,ATII,ATII,해외주식,0,5,,,,,,,1,2,,,,,,
2026-09-28,DINO,DINO,해외주식,0,13,,,,,,,2,52,,,,,,
2026-09-28,EQRR,EQRR,해외주식,0,4,,,,,,,1,4,,,,,,
2026-09-28,FLCA,FLCA,해외주식,0,3,,,,,,,1,89,,,,,,
2026-09-28,FLSW,FLSW,해외주식,0,3,,,,,,,1,94,,,,,,
2026-09-28,GUNR,GUNR,해외주식,0,8,,,,,,,1,1,,,,,,
2026-09-28,MDGL,MDGL,해외주식,0,9,,,,,,,1,29,,,,,,
2026-09-28,OLLI,OLLI,해외주식,0,2,,,,,,,1,26,,,,,,
2026-09-28,TREE,TREE,해외주식,0,13,,,,,,,2,100,,,,,,
2026-09-28,YOLO,YOLO,해외주식,0,47,,,,,,,1,12,,,,,,
2026-09-28,PMT/B,PMT/B,해외주식,0,4,,,,,,,1,6,,,,,,
2026-09-28,ONC,ONC,해외주식,0,54,,,,,,,2,218,,,,,,
2026-09-28,TLH,TLH,해외주식,0,23,,,,,,,1,177,,,,,,
2026-09-28,ASHS,ASHS,해외주식,0,1,,,,,,,1,2,,,,,,
2026-09-28,BRKU,BRKU,해외주식,0,13,,,,,,,2,4,,,,,,
2026-09-28,CACI,CACI,해외주식,0,8,,,,,,,1,8,,,,,,
2026-09-28,CHAU,CHAU,해외주식,0,21,,,,,,,1,27,,,,,,
2026-09-28,COIG,COIG,해외주식,0,8,,,,,,,2,7,,,,,,
2026-09-28,CVKD,CVKD,해외주식,0,9,,,,,,,1,1,,,,,,
2026-09-28,CYRX,CYRX,해외주식,0,23,,,,,,,2,100,,,,,,
2026-09-28,FMCC,FMCC,해외주식,0,0,,,,,,,1,3,,,,,,
2026-09-28,TERG,TERG,해외주식,0,5,,,,,,,1,4,,,,,,
2026-09-28,TSLS,TSLS,해외주식,0,25,,,,,,,1,4,,,,,,
2026-09-28,ARI,ARI,해외주식,0,85,,,,,,,3,16,,,,,,
2026-09-28,BNO,BNO,해외주식,0,17,,,,,,,3,5,,,,,,
2026-09-28,CRK,CRK,해외주식,0,5,,,,,,,1,31,,,,,,
2026-09-28,DKS,DKS,해외주식,0,117,,,,,,,1,11,,,,,,
2026-09-28,DLN,DLN,해외주식,0,15,,,,,,,1,2,,,,,,
2026-09-28,FCG,FCG,해외주식,0,9,,,,,,,1,3,,,,,,
2026-09-28,FNV,FNV,해외주식,0,88,,,,,,,1,10,,,,,,
2026-09-28,HIG,HIG,해외주식,0,167,,,,,,,2,509,,,,,,
2026-09-28,BOTT,BOTT,해외주식,0,15,,,,,,,1,6,,,,,,
2026-09-28,CAMT,CAMT,해외주식,0,18,,,,,,,9,12,,,,,,
2026-09-28,ITDF,ITDF,해외주식,0,3,,,,,,,1,3,,,,,,
2026-09-28,NAVN,NAVN,해외주식,0,9,,,,,,,2,18,,,,,,
2026-09-28,PMTR,PMTR,해외주식,0,4,,,,,,,1,2,,,,,,
2026-09-28,RLX,RLX,해외주식,0,35,,,,,,,3,7,,,,,,
2026-09-28,RWO,RWO,해외주식,0,79,,,,,,,1,399,,,,,,
2026-09-28,BUFR,BUFR,해외주식,0,0,,,,,,,1,1,,,,,,
